# Blender v2.83.20 OBJ File: 'untitled.blend'
# www.blender.org
mtllib untitled.mtl
o tripo_node_38e8ea85-fddb-4f5d-bebf-ecb04fd09bd0
v -0.113285 0.282932 0.399292
v -0.128529 0.261275 0.399607
v -0.146669 0.243695 0.393192
v -0.157637 0.233524 0.388044
v -0.171027 0.229423 0.380428
v -0.206797 0.218129 0.356786
v -0.196180 0.217416 0.362395
v -0.138020 0.250827 0.397621
v -0.107703 0.289534 0.396086
v -0.114674 0.281860 0.398411
v -0.081531 0.321655 0.380259
v -0.089209 0.311951 0.386158
v -0.129285 0.228073 0.385639
v -0.106867 0.248238 0.394778
v -0.132934 0.222682 0.385031
v -0.152239 0.220150 0.380171
v -0.140056 0.226017 0.385395
v -0.035423 0.270394 0.382290
v -0.042212 0.271327 0.378720
v -0.085888 0.275921 0.365326
v -0.106051 0.261352 0.359820
v -0.037961 0.260838 0.382920
v -0.032599 0.290391 0.376434
v -0.035906 0.271692 0.379743
v -0.054767 0.271981 0.360588
v -0.066334 0.208849 0.381116
v -0.063484 0.188703 0.373885
v -0.071704 0.201799 0.378717
v -0.059847 0.257432 0.365259
v -0.069812 0.191148 0.369277
v -0.076018 0.194665 0.371756
v -0.102449 0.197225 0.354547
v -0.112709 0.195413 0.360758
v -0.114062 0.204656 0.355604
v -0.071556 0.205093 0.372467
v -0.073823 0.325565 0.375016
v -0.080603 0.255137 0.342360
v -0.490015 -0.213478 0.378989
v -0.487695 -0.203795 0.376314
v -0.486496 -0.196920 0.361250
v -0.490925 -0.200557 0.363132
v -0.033026 0.290353 0.368635
v -0.049014 0.254986 0.360772
v -0.055162 0.222521 0.358336
v -0.157760 0.215182 0.375407
v -0.164172 0.212915 0.374573
v -0.176060 0.210236 0.363829
v -0.463820 -0.211202 0.376295
v -0.465549 -0.230219 0.360285
v -0.462498 -0.232241 0.361918
v -0.460115 -0.213096 0.377719
v -0.456697 -0.201150 0.366333
v -0.066014 0.331550 0.366359
v -0.049146 0.322652 0.340612
v -0.051016 0.321945 0.342028
v -0.117391 0.273633 0.336362
v -0.119197 0.261190 0.305081
v -0.454664 -0.202921 0.370977
v -0.454004 -0.199893 0.360955
v -0.454422 -0.193677 0.341390
v -0.454378 -0.201908 0.321063
v -0.455891 -0.194775 0.341186
v -0.455640 -0.204330 0.320891
v -0.460335 -0.226631 0.354515
v -0.450850 -0.220879 0.359773
v -0.453519 -0.205256 0.365735
v -0.060680 0.254775 0.351867
v -0.048092 0.252016 0.349249
v -0.469383 -0.236959 0.364294
v -0.037289 0.258850 0.335327
v -0.037361 0.259216 0.336548
v -0.037418 0.260329 0.340009
v -0.096219 0.269371 0.364459
v -0.167154 0.275041 0.330982
v -0.414278 -0.208925 0.368357
v -0.413985 -0.199386 0.356105
v -0.491784 -0.224977 0.366653
v -0.033203 0.298573 0.366312
v -0.028895 0.302637 0.361173
v -0.034687 0.323549 0.342664
v -0.414698 -0.199055 0.361713
v -0.490909 -0.209536 0.366880
v -0.490996 -0.209530 0.366821
v -0.490963 -0.209402 0.366625
v -0.492306 -0.240582 0.353956
v -0.496946 -0.244002 0.345164
v -0.490338 -0.196783 0.354622
v 0.118500 -0.216370 0.362850
v 0.118466 -0.221568 0.361176
v -0.056390 0.246126 0.315356
v -0.169277 0.258001 0.314853
v -0.035704 0.233259 0.275131
v -0.166885 -0.212049 0.362615
v -0.175992 -0.228832 0.360240
v -0.165781 -0.209958 0.359683
v -0.168544 -0.212327 0.362034
v -0.184521 -0.232421 0.359907
v -0.199038 -0.236047 0.358645
v -0.185146 -0.235658 0.360234
v -0.161994 -0.201001 0.348712
v -0.161016 -0.199674 0.350729
v -0.165438 -0.203924 0.322904
v -0.164744 -0.200995 0.323363
v -0.162490 -0.196830 0.339989
v -0.175790 -0.218641 0.313800
v -0.176554 -0.224143 0.319613
v -0.173557 -0.219410 0.315945
v -0.179245 -0.242508 0.332430
v -0.180554 -0.247185 0.340736
v -0.180327 -0.244652 0.341056
v -0.183893 0.213235 0.363344
v -0.189573 0.213387 0.362851
v -0.189010 0.216590 0.360248
v -0.489162 -0.194241 0.353772
v -0.490532 -0.198662 0.330539
v -0.488815 -0.197465 0.329046
v 0.227712 -0.216893 0.360926
v 0.234415 -0.199538 0.357055
v 0.236988 -0.198137 0.352908
v 0.237856 -0.197561 0.354219
v 0.208831 -0.212856 0.362825
v 0.208537 -0.205333 0.359039
v 0.211281 -0.235998 0.355079
v 0.207459 -0.194331 0.349559
v 0.210109 -0.201911 0.361526
v 0.207947 -0.197815 0.349959
v 0.106654 -0.199767 0.352607
v -0.106894 -0.208833 0.360227
v -0.110002 -0.218591 0.360343
v -0.107798 -0.211993 0.360006
v -0.106280 -0.203013 0.357804
v -0.104480 -0.194965 0.348862
v -0.103339 -0.196956 0.346996
v -0.132299 -0.213031 0.361526
v -0.132464 -0.210061 0.361593
v -0.128475 -0.201871 0.353656
v -0.131938 -0.199524 0.343269
v -0.135201 -0.230538 0.358346
v -0.202299 -0.230449 0.361874
v -0.205927 -0.217024 0.360081
v -0.200396 -0.206159 0.357942
v -0.307138 -0.231345 0.361566
v -0.300850 -0.232739 0.356306
v -0.389881 -0.205692 0.362211
v -0.391094 -0.205790 0.359487
v -0.424509 -0.211542 0.362900
v -0.427819 -0.218225 0.362008
v -0.421610 -0.205046 0.359257
v -0.431087 -0.220801 0.360912
v 0.137759 -0.229522 0.358308
v 0.137862 -0.232299 0.354062
v 0.149797 -0.233290 0.353268
v 0.120295 -0.232740 0.358088
v 0.134270 -0.202481 0.355523
v 0.133068 -0.205478 0.356621
v 0.134753 -0.203329 0.357006
v 0.133278 -0.195276 0.338386
v 0.132667 -0.199416 0.320262
v 0.134063 -0.195472 0.345080
v 0.135639 -0.204661 0.316505
v 0.134239 -0.203366 0.318021
v 0.136749 -0.232373 0.356589
v -0.040452 -0.232984 0.358497
v -0.037193 -0.230273 0.357689
v -0.041700 -0.230643 0.358282
v -0.031822 -0.211775 0.354713
v -0.033832 -0.208959 0.351353
v -0.034706 -0.212866 0.357818
v -0.028939 -0.202423 0.338893
v -0.031876 -0.200874 0.339107
v -0.047531 0.270022 0.360359
v -0.037365 0.258759 0.335022
v -0.073158 -0.212677 0.361094
v -0.071160 -0.208565 0.359933
v -0.063429 -0.199641 0.347158
v -0.068570 -0.202749 0.356448
v -0.081962 -0.223113 0.355992
v -0.082418 -0.225034 0.355468
v -0.111928 -0.234328 0.350385
v -0.196245 0.209293 0.357416
v -0.199238 0.206517 0.359386
v -0.201655 0.210076 0.356351
v -0.229621 -0.207552 0.358641
v -0.227673 -0.197373 0.350391
v -0.231176 -0.209559 0.359787
v -0.240480 -0.228505 0.357664
v -0.239658 -0.224323 0.358729
v -0.239661 -0.233333 0.354619
v -0.227689 -0.200161 0.352606
v -0.230938 -0.198953 0.327661
v -0.231598 -0.202135 0.319360
v -0.266288 -0.212599 0.359191
v -0.270257 -0.225990 0.354303
v -0.264067 -0.202371 0.352718
v -0.269295 -0.216548 0.360505
v -0.274764 -0.243786 0.341335
v -0.274684 -0.244604 0.344031
v -0.306429 -0.230126 0.329338
v -0.373258 -0.231849 0.357624
v -0.374369 -0.243609 0.342472
v -0.398203 -0.236138 0.356510
v -0.442779 -0.208064 0.360332
v -0.442158 -0.203414 0.355703
v -0.447698 -0.223258 0.357658
v 0.230776 -0.234134 0.356934
v 0.234141 -0.226966 0.355369
v 0.188771 -0.222493 0.355646
v 0.198191 -0.211529 0.356953
v 0.158050 -0.228950 0.355821
v 0.156230 -0.230290 0.353400
v 0.097630 -0.212734 0.357571
v 0.095223 -0.239423 0.342379
v 0.097839 -0.229922 0.356835
v 0.095903 -0.231679 0.354194
v 0.092336 -0.242107 0.339282
v 0.072915 -0.229871 0.357301
v 0.072412 -0.230407 0.352650
v 0.074180 -0.245749 0.336853
v 0.039565 -0.204406 0.358718
v 0.040205 -0.229535 0.348568
v 0.037949 -0.234311 0.350086
v 0.022448 -0.263788 0.348354
v 0.039300 -0.202186 0.348425
v 0.026382 -0.235313 0.347823
v 0.032907 -0.233834 0.343392
v 0.027749 -0.234096 0.345674
v -0.211272 -0.258425 0.342859
v -0.205887 -0.274222 0.344953
v -0.214402 -0.260198 0.349359
v -0.199040 -0.234495 0.352110
v -0.224229 -0.232922 0.331035
v -0.226397 -0.231490 0.356464
v -0.243849 -0.243516 0.340513
v -0.239247 -0.245088 0.342878
v -0.241486 -0.245122 0.341139
v -0.245862 -0.244053 0.343609
v -0.261260 -0.196688 0.344743
v -0.296999 -0.203004 0.355738
v -0.296014 -0.199977 0.351164
v -0.295993 -0.196545 0.342658
v -0.302445 -0.220754 0.355609
v -0.323843 -0.233450 0.356667
v -0.326331 -0.231197 0.355466
v -0.322826 -0.229895 0.353792
v -0.325807 -0.204582 0.356320
v -0.324926 -0.206157 0.355124
v -0.323082 -0.202383 0.354639
v -0.326180 -0.202228 0.328230
v -0.325146 -0.202377 0.326739
v -0.335607 -0.233081 0.352226
v -0.334496 -0.231610 0.350605
v -0.336196 -0.230719 0.351545
v -0.352657 -0.206137 0.355589
v -0.416523 -0.198856 0.347824
v -0.415791 -0.198092 0.349599
v -0.420508 -0.202520 0.324049
v -0.417496 -0.195401 0.338122
v -0.459583 -0.255787 0.344302
v -0.470426 -0.269373 0.349861
v -0.464206 -0.245668 0.358377
v 0.170977 -0.202580 0.352838
v -0.051097 -0.223027 0.355320
v -0.041587 0.319951 0.325597
v -0.047105 0.264845 0.348435
v -0.039776 0.322562 0.337523
v -0.045856 0.316196 0.329413
v -0.052471 0.265304 0.347055
v -0.057762 -0.227459 0.351783
v -0.054075 -0.225286 0.352949
v -0.091343 -0.235777 0.345319
v -0.152848 0.201177 0.331505
v -0.150319 0.191698 0.342702
v -0.155572 0.188527 0.332434
v -0.163096 0.191199 0.321939
v -0.196131 0.189124 0.302319
v -0.200373 0.184409 0.299842
v -0.158913 0.196301 0.327989
v -0.440965 -0.245804 0.344518
v -0.442938 -0.245253 0.343934
v 0.234894 -0.233329 0.352483
v 0.223548 -0.231905 0.352314
v 0.102781 -0.195524 0.350906
v 0.102778 -0.193428 0.349249
v 0.100198 -0.196065 0.331206
v 0.077322 -0.226620 0.355549
v 0.062724 -0.198365 0.346838
v 0.052339 -0.212028 0.352561
v 0.062057 -0.198544 0.350832
v -0.023341 -0.237225 0.344556
v -0.041131 -0.241230 0.343345
v -0.061777 -0.195891 0.342244
v -0.063348 -0.198607 0.330079
v -0.063359 -0.201398 0.322856
v -0.162153 -0.234620 0.352778
v -0.177199 -0.243676 0.340480
v -0.230938 0.219721 0.339078
v -0.211515 0.215069 0.355570
v -0.238626 0.222323 0.337857
v -0.238894 0.226221 0.333015
v 0.219678 -0.232448 0.335165
v 0.218974 -0.233646 0.332995
v 0.208266 -0.195589 0.328080
v 0.204380 -0.201225 0.319378
v 0.207414 -0.194603 0.327603
v 0.201042 -0.215152 0.315220
v -0.042634 -0.245588 0.341472
v -0.304075 -0.231556 0.330733
v -0.465126 -0.284413 0.340669
v -0.489418 -0.322278 0.331590
v -0.475267 -0.275436 0.340937
v -0.478061 -0.323808 0.324784
v -0.480107 -0.325943 0.332488
v 0.025996 -0.247832 0.341559
v 0.023293 -0.245729 0.342381
v 0.002137 -0.235713 0.347877
v -0.061474 0.329320 0.348741
v -0.080469 0.338701 0.331335
v -0.081401 0.340885 0.332857
v -0.262574 -0.199317 0.336395
v -0.266975 -0.208105 0.324319
v -0.263278 -0.204607 0.326224
v -0.262636 -0.195953 0.346313
v 0.023108 -0.248119 0.343830
v 0.000844 -0.319371 0.332888
v 0.019763 -0.295196 0.333177
v 0.012966 -0.322151 0.332221
v -0.059140 -0.248826 0.346180
v -0.071901 -0.273521 0.344396
v -0.076590 -0.271568 0.340398
v -0.069017 -0.245042 0.346496
v -0.154587 0.261017 0.337189
v -0.172455 0.249967 0.283656
v -0.240134 0.261205 0.311946
v -0.164298 0.260645 0.333469
v -0.132108 -0.202792 0.334477
v -0.130758 -0.201188 0.332947
v -0.136435 -0.210523 0.319499
v -0.222525 -0.294238 0.334112
v -0.212866 -0.294930 0.333108
v -0.214320 -0.296661 0.332296
v -0.220399 -0.310033 0.326342
v -0.353512 -0.196603 0.328319
v 0.026815 -0.274889 0.342086
v -0.052265 0.320234 0.340342
v -0.084821 0.344057 0.323188
v -0.085830 0.339444 0.325364
v -0.087135 0.350848 0.323274
v -0.079515 0.341468 0.329553
v -0.064712 -0.271492 0.340544
v -0.065738 -0.272431 0.338131
v -0.177279 0.205564 0.346415
v -0.176592 0.204333 0.341010
v -0.225514 0.205639 0.318042
v -0.193422 0.202252 0.338392
v -0.495860 -0.242916 0.344136
v -0.496666 -0.242969 0.334448
v -0.497295 -0.228949 0.313420
v -0.499471 -0.226647 0.309758
v -0.490723 -0.205969 0.317804
v -0.497711 -0.226814 0.307851
v 0.237584 -0.194527 0.336890
v 0.238795 -0.197433 0.324194
v 0.238886 -0.192754 0.332033
v 0.234334 -0.206315 0.316713
v 0.034507 -0.247551 0.343474
v 0.071719 -0.247831 0.339238
v 0.032037 -0.249585 0.341884
v 0.064911 -0.253984 0.336891
v 0.070407 -0.253365 0.338359
v -0.037732 -0.242989 0.341900
v -0.041244 -0.244985 0.339297
v -0.069807 -0.293870 0.335453
v -0.066416 -0.271046 0.337008
v -0.076785 -0.272655 0.340683
v -0.168294 -0.267201 0.341968
v -0.146421 -0.246394 0.342024
v -0.165181 -0.266142 0.338093
v -0.168169 -0.266139 0.339660
v -0.158979 -0.266156 0.342337
v -0.174902 -0.271200 0.339541
v -0.189965 -0.265510 0.342735
v -0.203188 -0.270527 0.339680
v -0.200828 -0.255353 0.342547
v -0.244524 -0.246591 0.342696
v -0.225687 -0.228366 0.322602
v -0.248106 -0.267452 0.342683
v -0.253028 -0.268272 0.342424
v -0.261729 -0.268426 0.340632
v -0.275604 -0.263679 0.342840
v -0.269509 -0.266746 0.343224
v -0.274387 -0.266632 0.341732
v -0.268932 -0.267491 0.341620
v -0.291420 -0.249597 0.343073
v -0.280304 -0.245468 0.340759
v -0.281372 -0.245514 0.340729
v -0.300524 -0.246369 0.341816
v -0.302275 -0.246001 0.342780
v -0.277037 -0.243297 0.343671
v -0.280975 -0.244293 0.340820
v -0.280457 -0.244736 0.340424
v -0.280457 -0.244736 0.340424
v -0.280457 -0.244736 0.340424
v -0.280457 -0.244736 0.340424
v -0.296567 -0.199907 0.324131
v -0.299049 -0.207327 0.321457
v -0.297133 -0.251947 0.343515
v -0.300651 -0.259441 0.343917
v -0.302211 -0.271371 0.338362
v -0.303389 -0.276331 0.337646
v -0.305564 -0.246752 0.341424
v -0.305622 -0.244038 0.340684
v -0.353862 -0.246880 0.343816
v -0.351119 -0.253217 0.341241
v -0.328388 -0.264930 0.338320
v -0.341437 -0.265702 0.342551
v -0.351742 -0.268055 0.342539
v -0.355282 -0.254058 0.342003
v -0.369839 -0.246426 0.341360
v -0.350558 -0.245454 0.340538
v -0.360308 -0.265678 0.339516
v -0.379147 -0.268226 0.339306
v -0.359635 -0.263246 0.341748
v -0.379277 -0.270265 0.339901
v -0.379540 -0.268043 0.337406
v -0.372981 -0.243607 0.341079
v -0.374237 -0.245253 0.340992
v -0.372485 -0.241051 0.337719
v -0.437645 -0.244724 0.342191
v -0.400312 -0.248192 0.342418
v -0.404535 -0.252301 0.342476
v -0.407293 -0.245828 0.343390
v -0.441721 -0.248646 0.343817
v -0.455633 -0.246735 0.341939
v 0.103895 -0.270234 0.340662
v 0.103649 -0.269164 0.337362
v 0.109882 -0.270803 0.337958
v 0.102100 -0.271699 0.337390
v 0.128174 -0.288529 0.336036
v 0.074238 -0.250817 0.338379
v 0.097580 -0.271482 0.339357
v 0.060238 -0.259819 0.337586
v 0.077195 -0.282348 0.336011
v 0.065017 -0.256543 0.339402
v 0.081390 -0.285692 0.337131
v 0.066476 -0.195067 0.326896
v 0.064987 -0.193871 0.332547
v -0.031365 -0.204430 0.337947
v -0.030501 -0.208421 0.325894
v -0.061586 -0.247177 0.339370
v -0.141567 -0.270360 0.342076
v -0.144387 -0.247240 0.341268
v -0.117614 -0.244201 0.339451
v -0.145930 -0.246410 0.339820
v -0.076204 -0.270744 0.339668
v -0.170240 0.267778 0.332278
v -0.155029 0.261017 0.337128
v -0.155045 0.261017 0.337128
v -0.155014 0.261017 0.337128
v -0.155014 0.261017 0.337128
v -0.200040 0.275071 0.306173
v -0.149213 -0.293329 0.335158
v -0.212644 -0.266368 0.340497
v -0.221185 -0.268142 0.340321
v -0.245486 -0.266257 0.340787
v -0.215767 -0.271604 0.337301
v -0.259917 0.242580 0.320994
v -0.262336 0.241429 0.318033
v -0.269244 0.261373 0.310092
v -0.269702 0.277589 0.304875
v -0.238030 -0.270561 0.340170
v -0.231167 -0.273367 0.338709
v -0.260296 -0.271425 0.341490
v -0.297079 -0.279174 0.336709
v -0.304189 -0.278856 0.335211
v -0.304777 -0.280762 0.337024
v -0.306393 -0.278806 0.338270
v -0.306461 -0.228183 0.324218
v -0.323447 -0.264373 0.339086
v -0.325428 -0.267626 0.337662
v -0.327346 -0.200677 0.328006
v -0.328449 -0.264399 0.340170
v -0.348477 -0.247555 0.341264
v -0.335431 -0.266907 0.340158
v -0.336610 -0.229478 0.329681
v -0.338569 -0.229446 0.329663
v -0.337493 -0.228640 0.326985
v -0.401782 -0.256086 0.340678
v -0.383987 -0.269032 0.338340
v -0.392908 -0.201938 0.325218
v -0.391040 -0.199453 0.349348
v -0.392888 -0.203276 0.325625
v -0.393593 -0.207820 0.318082
v -0.396919 -0.213255 0.316098
v -0.398315 -0.213433 0.313970
v -0.415176 -0.258542 0.340165
v -0.426178 -0.262827 0.341515
v -0.420510 -0.263115 0.339377
v 0.193496 -0.243775 0.336904
v 0.182390 -0.244612 0.339432
v 0.180594 -0.247428 0.337789
v 0.177724 -0.246843 0.338350
v 0.147467 -0.247383 0.338549
v 0.146178 -0.243532 0.337748
v 0.159944 -0.268023 0.336057
v 0.151054 -0.271228 0.336936
v 0.151430 -0.270670 0.335050
v 0.139304 -0.247335 0.337676
v 0.131448 -0.255675 0.337115
v 0.095847 -0.243446 0.337380
v 0.085619 -0.244510 0.336436
v 0.080470 -0.283192 0.335368
v 0.078301 -0.286485 0.335653
v -0.029640 -0.273117 0.334518
v -0.082724 -0.295517 0.332541
v -0.086110 -0.312584 0.327274
v -0.079482 -0.321228 0.323754
v -0.070710 -0.244819 0.338359
v -0.069972 -0.246056 0.335800
v -0.225142 -0.306383 0.328447
v -0.229364 -0.319685 0.331268
v -0.229444 -0.318082 0.324809
v -0.251489 -0.274023 0.339054
v -0.250858 -0.278755 0.338871
v -0.321518 -0.264482 0.338737
v -0.344252 -0.277429 0.335023
v -0.379446 -0.271182 0.336648
v -0.397490 -0.284663 0.335250
v -0.396848 -0.283902 0.336291
v -0.407759 -0.288527 0.333096
v -0.396526 -0.273616 0.337447
v -0.422689 -0.266155 0.338419
v -0.400410 -0.284705 0.335516
v -0.459054 -0.261306 0.340591
v -0.442171 -0.279022 0.334644
v -0.443202 -0.282283 0.335056
v -0.446400 -0.279669 0.336322
v -0.447453 -0.293227 0.331457
v -0.448928 -0.294916 0.329693
v -0.488278 -0.321180 0.324901
v 0.275036 -0.331453 0.337476
v 0.264705 -0.331338 0.332453
v 0.264865 -0.294033 0.332669
v 0.264363 -0.295531 0.330788
v 0.263418 -0.202402 0.331015
v 0.265706 -0.278125 0.334663
v 0.264046 -0.277854 0.331645
v 0.275665 -0.202726 0.337709
v 0.280525 -0.331233 0.327887
v 0.267023 -0.331287 0.323153
v 0.265416 -0.308027 0.325765
v 0.194026 -0.271684 0.335193
v 0.264449 -0.276134 0.332554
v 0.242766 -0.275965 0.333684
v 0.174926 -0.270852 0.334964
v 0.123444 -0.272112 0.337115
v 0.146136 -0.274028 0.336251
v 0.087480 -0.290032 0.334640
v 0.109951 -0.308326 0.332016
v 0.105319 -0.309425 0.329131
v 0.059579 -0.259515 0.334802
v 0.037751 -0.273083 0.333133
v 0.021914 -0.288673 0.333736
v -0.016019 -0.270997 0.336144
v -0.016921 -0.270816 0.333417
v -0.028603 -0.275392 0.333032
v -0.013655 -0.272244 0.332950
v 0.003965 -0.284620 0.334360
v -0.040356 -0.241002 0.330688
v -0.034986 -0.223137 0.321924
v -0.043424 -0.244514 0.337826
v -0.030988 -0.218509 0.324156
v -0.069552 0.157584 0.336285
v -0.074863 0.157706 0.330262
v -0.080825 0.161769 0.335491
v -0.055620 0.199804 0.322704
v -0.086844 0.163525 0.327699
v -0.053759 0.195544 0.318117
v -0.064309 0.205361 0.319866
v -0.111775 -0.241361 0.337523
v -0.113180 -0.236115 0.335361
v -0.113030 -0.241892 0.330983
v -0.207928 0.201284 0.325766
v -0.225098 0.202748 0.321057
v -0.233427 0.201150 0.314312
v -0.240580 -0.288824 0.333476
v -0.237325 -0.292754 0.335341
v -0.232987 -0.293988 0.332980
v -0.240874 -0.228027 0.317658
v -0.241843 -0.225602 0.318142
v -0.242149 -0.224453 0.316239
v -0.276190 -0.293253 0.331296
v -0.273983 -0.293427 0.334061
v -0.276102 -0.296270 0.332470
v -0.336700 -0.298467 0.332250
v -0.334679 -0.299578 0.331564
v -0.339005 -0.274269 0.334977
v -0.354441 -0.283298 0.334648
v -0.347090 -0.280500 0.334289
v -0.364457 -0.286290 0.335207
v -0.364174 -0.285760 0.333322
v -0.362312 -0.283914 0.334583
v -0.442795 -0.276143 0.334984
v -0.426215 -0.262938 0.339507
v 0.272318 -0.203058 0.323557
v 0.278917 -0.202613 0.327559
v 0.261988 -0.247987 0.334217
v 0.218062 -0.241990 0.334714
v 0.216045 -0.244707 0.335191
v 0.166988 -0.198025 0.334600
v 0.163844 -0.202959 0.319914
v 0.166610 -0.199368 0.322773
v 0.166064 -0.210520 0.318511
v 0.167512 -0.217109 0.315848
v 0.097746 -0.200356 0.321596
v 0.092555 -0.216688 0.313336
v 0.096798 -0.200537 0.324412
v 0.095037 -0.210434 0.316718
v 0.055531 -0.293019 0.332230
v 0.059622 -0.296110 0.332074
v 0.052939 -0.296017 0.331079
v 0.034689 -0.293771 0.331225
v 0.048273 -0.296735 0.327423
v 0.038802 -0.314143 0.325998
v 0.041366 -0.312691 0.326628
v -0.037289 0.258850 0.335327
v -0.037289 0.258820 0.335236
v -0.037289 0.258820 0.335236
v -0.034742 0.253135 0.315705
v -0.036682 0.254584 0.322326
v -0.033858 0.252893 0.318667
v -0.102610 -0.201621 0.318394
v -0.104146 -0.198739 0.322479
v -0.103464 -0.202407 0.319901
v -0.107678 -0.223518 0.315871
v -0.231040 -0.295361 0.332336
v -0.263254 -0.294966 0.333047
v -0.349371 -0.285509 0.334815
v -0.354354 -0.285090 0.335007
v -0.337882 -0.298801 0.329774
v -0.340397 -0.298465 0.330824
v -0.356621 -0.289942 0.332125
v -0.372875 -0.297237 0.332579
v -0.379214 -0.293545 0.333506
v -0.402333 -0.288296 0.332568
v -0.377476 -0.295901 0.331634
v -0.409304 -0.286371 0.331679
v -0.421681 -0.292934 0.330993
v -0.422327 -0.293232 0.333950
v -0.421796 -0.289487 0.333560
v 0.263193 -0.295893 0.332461
v 0.215116 -0.295545 0.332203
v 0.211413 -0.292406 0.332159
v 0.151361 -0.293268 0.333260
v 0.132529 -0.292643 0.333974
v 0.131097 -0.292817 0.331364
v 0.164637 -0.307706 0.327653
v 0.162928 -0.306906 0.329563
v 0.178563 -0.314971 0.326413
v 0.135583 -0.294887 0.332920
v 0.141174 -0.277437 0.334476
v 0.141634 -0.276018 0.334488
v 0.140607 -0.275850 0.334471
v 0.140198 -0.279175 0.334503
v 0.140228 -0.279144 0.334503
v 0.139725 -0.279175 0.334503
v 0.139725 -0.279175 0.334503
v 0.140182 -0.279144 0.334503
v 0.139725 -0.279175 0.334503
v 0.140182 -0.279175 0.334503
v 0.139725 -0.279175 0.334503
v 0.119953 -0.295431 0.332364
v 0.112510 -0.309498 0.332086
v 0.112382 -0.310297 0.328764
v 0.099539 -0.313676 0.331479
v 0.093435 -0.231483 0.323452
v 0.062626 -0.204486 0.316098
v 0.061694 -0.211415 0.310935
v 0.060568 -0.217444 0.312729
v 0.053737 -0.224795 0.312360
v 0.048259 -0.231781 0.311572
v 0.008845 -0.294691 0.332823
v 0.014066 -0.291839 0.331701
v 0.016254 -0.293784 0.330633
v -0.010770 -0.269853 0.335431
v 0.011045 -0.252381 0.325201
v 0.008704 -0.252997 0.328207
v -0.061521 -0.293357 0.332357
v -0.071025 -0.294140 0.330590
v -0.071027 -0.295844 0.332837
v -0.059852 -0.287884 0.331550
v -0.079151 -0.324334 0.331156
v -0.087496 -0.315331 0.326456
v -0.087595 -0.322374 0.330815
v -0.135710 -0.294047 0.330358
v -0.081734 -0.292878 0.333233
v -0.145909 -0.295362 0.332481
v -0.183300 -0.288335 0.333398
v -0.175880 -0.293908 0.332388
v -0.176957 -0.293403 0.331954
v -0.189991 -0.285110 0.334295
v -0.190012 -0.285071 0.334332
v -0.190078 -0.285099 0.334295
v -0.235136 -0.203411 0.318478
v -0.260737 0.236994 0.323118
v -0.271361 -0.295119 0.331086
v -0.250477 -0.306458 0.328555
v -0.251272 -0.308244 0.329412
v -0.249750 -0.309241 0.326661
v -0.305707 -0.291418 0.332004
v -0.309924 -0.315239 0.328265
v -0.380423 -0.292827 0.331001
v -0.369793 -0.235234 0.324025
v -0.367020 -0.229392 0.317479
v -0.407818 -0.310699 0.328612
v -0.398871 -0.311319 0.326899
v -0.447576 -0.295524 0.332502
v -0.427033 -0.292627 0.332603
v -0.449225 -0.298506 0.330743
v -0.422814 -0.294890 0.331862
v 0.238177 -0.310404 0.328190
v 0.264759 -0.312290 0.331680
v 0.237999 -0.311802 0.326927
v 0.238357 -0.312666 0.327459
v 0.264376 -0.313082 0.329111
v 0.253411 -0.319036 0.329763
v 0.243116 -0.327037 0.330660
v 0.232062 -0.326116 0.329733
v 0.218270 -0.232228 0.330413
v 0.227452 -0.216876 0.315110
v 0.228696 -0.219301 0.316017
v 0.211999 -0.330026 0.325912
v 0.192306 -0.334551 0.330629
v 0.148052 -0.328934 0.327733
v 0.177380 -0.333828 0.328075
v 0.149548 -0.330900 0.324950
v 0.194809 -0.336562 0.329777
v 0.190087 -0.235464 0.327632
v 0.195674 -0.221075 0.317016
v 0.059530 -0.297770 0.330919
v 0.073638 -0.302960 0.327497
v 0.089189 -0.319064 0.326876
v 0.007961 -0.319355 0.325539
v -0.064657 -0.202870 0.318834
v -0.076245 -0.228474 0.319680
v -0.088095 0.343820 0.324507
v -0.108210 0.346987 0.314520
v -0.128348 0.352703 0.298821
v -0.129659 0.350193 0.296322
v -0.101142 -0.232513 0.330174
v -0.108534 -0.229981 0.322451
v -0.104921 -0.223080 0.317615
v -0.144778 -0.293507 0.327786
v -0.150016 -0.294322 0.329878
v -0.178430 -0.314803 0.322260
v -0.174588 -0.291214 0.332144
v -0.188137 -0.313267 0.320020
v -0.188271 -0.313278 0.323296
v -0.218646 -0.321814 0.329636
v -0.217646 -0.314515 0.326631
v -0.227487 -0.311064 0.327384
v -0.353822 -0.308731 0.329238
v -0.396254 -0.307895 0.329017
v -0.466288 -0.294104 0.329803
v -0.449797 -0.297665 0.330459
v 0.223666 -0.322073 0.328806
v 0.232055 -0.321083 0.323679
v 0.214665 -0.324466 0.324621
v 0.229009 -0.323939 0.329413
v 0.190887 -0.315791 0.327455
v 0.190902 -0.315879 0.325240
v 0.184751 -0.318635 0.326395
v 0.152727 -0.327445 0.324257
v 0.147056 -0.324862 0.325349
v 0.124309 -0.321920 0.327685
v 0.065353 -0.193522 0.329216
v 0.061820 -0.203504 0.314483
v -0.028959 -0.220094 0.322537
v -0.116720 -0.309841 0.323034
v -0.135746 -0.320349 0.321119
v -0.111433 -0.312944 0.324986
v -0.268357 -0.219779 0.321747
v -0.314386 -0.320529 0.327251
v -0.311407 -0.318567 0.325730
v -0.313703 -0.316516 0.326866
v -0.319719 -0.315248 0.327027
v -0.337830 -0.299933 0.330983
v -0.351185 -0.311710 0.328712
v -0.350344 -0.314193 0.327189
v -0.356125 -0.310730 0.328938
v -0.335607 -0.317956 0.325783
v -0.331691 -0.317249 0.326640
v -0.355428 -0.313767 0.326162
v -0.390700 -0.317360 0.327421
v -0.418784 -0.200830 0.322596
v -0.425312 -0.211405 0.315823
v -0.427736 -0.212291 0.314084
v -0.425819 -0.213222 0.313918
v -0.433700 -0.230586 0.315781
v 0.172956 -0.318615 0.324665
v 0.163584 0.123803 0.328033
v 0.130404 0.108388 0.295555
v 0.103587 0.073082 0.272562
v 0.106110 0.079665 0.271071
v 0.107583 0.066620 0.275973
v 0.136778 0.085587 0.305323
v 0.127491 0.097955 0.305366
v 0.091829 -0.320604 0.326668
v 0.089598 -0.318700 0.323837
v 0.076734 -0.320034 0.324975
v 0.067882 -0.319098 0.325814
v 0.068306 -0.319824 0.324677
v 0.067413 -0.319397 0.324860
v 0.069252 -0.319824 0.324677
v 0.071068 -0.319794 0.324677
v 0.069252 -0.319824 0.324677
v 0.068306 -0.319824 0.324677
v 0.038531 -0.317932 0.326343
v -0.061658 0.199549 0.312652
v -0.116079 -0.311366 0.327870
v -0.165163 -0.318082 0.321220
v -0.160116 -0.322927 0.321267
v -0.158783 -0.323153 0.316833
v -0.153448 -0.328357 0.319824
v -0.135633 -0.323474 0.321752
v -0.197154 -0.204481 0.327208
v -0.208023 -0.303290 0.326275
v -0.193539 -0.307536 0.324035
v -0.198422 -0.307053 0.322138
v -0.356169 -0.211788 0.311576
v -0.373849 -0.317940 0.325342
v -0.377455 -0.320591 0.325421
v -0.428469 -0.315726 0.324166
v -0.418577 -0.330317 0.320089
v -0.457105 -0.209808 0.312787
v -0.463492 -0.231476 0.315434
v 0.036568 -0.241091 0.314740
v -0.143587 -0.223137 0.323689
v -0.144157 -0.221334 0.325043
v -0.147573 -0.224080 0.325634
v -0.180024 -0.316397 0.322040
v -0.200491 -0.208327 0.319835
v -0.204901 -0.218937 0.316130
v -0.303671 -0.205641 0.324688
v -0.368237 -0.207819 0.322087
v -0.424095 -0.319945 0.324321
v 0.136591 -0.227998 0.319791
v 0.095126 -0.212814 0.314185
v -0.253066 0.277685 0.304937
v -0.250686 0.266572 0.309494
v -0.208746 0.262987 0.275302
v -0.367502 -0.214321 0.314570
v 0.202486 -0.208637 0.314035
v 0.165715 -0.230091 0.320604
v -0.037583 0.244638 0.318703
v -0.050363 0.244885 0.312862
v -0.038815 0.244442 0.321524
v -0.065965 0.211037 0.313543
v -0.218956 0.252254 0.278795
v -0.041809 0.278241 0.316012
v -0.040496 0.288069 0.314339
v -0.090558 0.340327 0.294506
v -0.093548 0.338998 0.291378
v -0.401559 -0.230843 0.314021
v -0.068741 -0.210208 0.316423
v 0.061537 -0.223393 0.315778
v 0.060986 -0.222895 0.315428
v 0.061307 -0.218979 0.313228
v -0.119332 0.175415 0.315544
v -0.117505 0.175921 0.307008
v -0.179029 0.169429 0.279042
v -0.164189 0.179896 0.279908
v -0.152085 0.169977 0.296480
v -0.210094 0.177172 0.256249
v -0.174433 0.182676 0.279619
v -0.196270 0.178121 0.274090
v -0.114196 0.185774 0.306944
v -0.253283 0.213353 0.303922
v -0.247145 0.209330 0.304656
v -0.267602 0.244732 0.289592
v -0.261486 0.223865 0.294461
v -0.258529 0.214179 0.300093
v -0.274531 0.280408 0.302899
v -0.273740 0.285551 0.302246
v -0.043923 0.301005 0.308613
v -0.050559 0.309883 0.306424
v -0.050808 0.313107 0.307477
v -0.072808 0.330599 0.298196
v -0.086105 0.337214 0.294931
v 0.141985 0.106018 0.288521
v 0.133044 0.091194 0.272875
v 0.134831 0.083339 0.271963
v 0.145831 0.088439 0.298458
v 0.148736 0.096525 0.291883
v -0.109547 0.345637 0.309277
v -0.286848 0.273886 0.287779
v -0.281465 0.258589 0.269813
v -0.284405 0.260679 0.289703
v -0.039803 0.309422 0.307373
v -0.110865 0.339148 0.289794
v -0.040510 0.297137 0.268476
v -0.043786 0.300347 0.278112
v -0.041815 0.295428 0.268059
v -0.230854 0.190799 0.279827
v -0.232122 0.188559 0.281525
v -0.239472 0.189586 0.277057
v 0.118078 0.087018 0.266847
v -0.138594 0.349489 0.292655
v -0.147540 0.342304 0.282238
v -0.151257 0.344617 0.281809
v -0.135553 0.348952 0.301606
v -0.182310 0.347889 0.289342
v -0.160062 0.351700 0.294297
v -0.164423 0.349740 0.294908
v -0.264220 0.307996 0.291144
v -0.261935 0.305824 0.293324
v 0.060736 0.016100 0.300163
v 0.058937 0.011536 0.296383
v 0.061132 0.019375 0.297786
v 0.062158 0.061914 0.295391
v 0.061857 -0.020193 0.281004
v 0.060342 -0.020142 0.285133
v 0.063328 -0.025581 0.283166
v 0.062557 0.061108 0.297774
v 0.059857 0.060210 0.297810
v 0.070193 0.086058 0.281925
v 0.069877 0.089348 0.285291
v 0.073663 0.089585 0.283256
v -0.056232 0.149470 0.296844
v -0.061011 0.151091 0.291589
v -0.046021 0.146725 0.294482
v -0.107337 0.332341 0.268582
v -0.271236 0.250830 0.291843
v -0.014650 -0.072532 0.292251
v -0.033976 -0.067517 0.281354
v -0.013451 -0.076140 0.292004
v -0.020329 0.241142 0.273610
v -0.045282 0.191418 0.285190
v -0.032292 0.198996 0.283596
v -0.035100 0.182072 0.282521
v -0.258528 0.316579 0.292067
v -0.227316 0.336005 0.286868
v 0.003395 -0.050307 0.287471
v -0.015070 -0.074521 0.293959
v 0.005782 -0.050004 0.289220
v 0.021911 -0.044297 0.286903
v -0.002518 -0.051548 0.289449
v -0.044111 0.196356 0.278462
v -0.052453 0.148101 0.287928
v 0.043549 0.006701 0.290576
v 0.027333 0.061631 0.283783
v 0.027153 0.063330 0.280418
v 0.028669 0.046137 0.288284
v 0.036204 0.028421 0.288266
v -0.099106 0.158544 0.291227
v -0.100091 0.161974 0.285178
v -0.125199 0.156205 0.276183
v -0.127137 0.153393 0.275655
v -0.144145 0.151310 0.265715
v -0.162889 0.158567 0.253263
v -0.165534 0.158515 0.256153
v -0.196522 0.344662 0.286555
v -0.192139 0.348433 0.288454
v -0.194203 0.345477 0.289564
v -0.211454 0.326293 0.279558
v -0.238384 0.335111 0.286536
v -0.222631 0.340561 0.287451
v -0.251128 0.298234 0.286630
v -0.264277 0.275497 0.283852
v -0.260538 0.273957 0.282277
v -0.258925 0.274099 0.283051
v -0.284178 0.269015 0.274876
v 0.045378 0.075488 0.281838
v 0.042495 0.099128 0.257093
v 0.040955 0.089787 0.261893
v 0.039678 0.098234 0.259086
v 0.040857 0.099042 0.260861
v 0.049457 -0.022460 0.281985
v 0.027567 0.004844 0.286387
v 0.052292 -0.026754 0.284749
v -0.031825 -0.050443 0.283630
v -0.026390 -0.052592 0.284267
v -0.031555 -0.050936 0.282417
v -0.266106 0.252896 0.261507
v -0.278012 0.266730 0.263499
v 0.049802 0.094836 0.284203
v 0.074916 0.089829 0.284057
v 0.047404 0.092993 0.281485
v 0.017059 0.090520 0.268387
v 0.018212 0.093031 0.274003
v 0.051827 0.093262 0.284950
v 0.055043 -0.023714 0.281479
v -0.023998 0.231628 0.275644
v 0.095219 -0.019886 0.279959
v 0.098045 -0.027809 0.277535
v 0.094709 -0.012792 0.282281
v 0.063884 -0.026727 0.278497
v 0.072963 -0.019105 0.279897
v 0.050142 -0.036577 0.282034
v -0.047214 -0.048348 0.278163
v -0.054801 -0.042157 0.269526
v -0.054918 -0.041051 0.264993
v -0.245754 0.242625 0.231279
v -0.249980 0.237605 0.208541
v -0.246395 0.237248 0.198117
v 0.109667 0.050855 0.256654
v 0.106682 0.060788 0.271616
v 0.099066 0.065050 0.239756
v 0.077690 0.049509 0.229474
v 0.079133 0.027037 0.227504
v 0.113020 0.055304 0.246197
v 0.076873 0.015883 0.205858
v 0.093010 0.043401 0.220000
v 0.070027 0.032283 0.199364
v 0.075799 -0.012959 0.277804
v 0.089745 0.084058 0.280661
v 0.100060 0.070498 0.276014
v 0.097306 0.081102 0.274207
v 0.074020 0.085227 0.280021
v 0.065291 -0.033455 0.284794
v 0.068825 -0.033993 0.281396
v 0.045134 -0.046765 0.277569
v 0.027972 -0.062322 0.279608
v 0.046665 -0.028150 0.281486
v 0.035194 -0.056191 0.274736
v 0.036759 -0.062104 0.280221
v -0.032956 0.231154 0.270463
v -0.074280 -0.078910 0.277882
v -0.065189 0.313819 0.282354
v -0.077006 0.321926 0.276584
v -0.090969 0.323822 0.267744
v -0.107434 0.328012 0.263561
v -0.089628 -0.103143 0.261849
v -0.096138 -0.102773 0.259943
v -0.076615 -0.083004 0.270071
v -0.063789 -0.079788 0.276018
v -0.149905 0.345882 0.281454
v -0.131576 0.327686 0.253071
v -0.127220 0.330240 0.249390
v -0.128702 0.328381 0.252979
v -0.255663 0.247423 0.227319
v -0.234636 0.309821 0.269741
v -0.229695 0.312299 0.274939
v 0.105389 0.048399 0.278772
v 0.104249 0.047383 0.275826
v 0.101524 0.044292 0.277018
v 0.089434 0.011195 0.278429
v 0.080090 -0.010196 0.281253
v 0.081324 -0.002699 0.276818
v 0.083907 0.004617 0.279202
v 0.087916 0.097031 0.265466
v 0.085546 0.097598 0.264115
v 0.077989 0.088840 0.268285
v 0.092931 0.101050 0.259418
v 0.084234 0.097121 0.266876
v 0.078452 -0.061085 0.274408
v 0.091083 -0.081798 0.269001
v 0.091946 -0.079964 0.266440
v 0.098877 -0.093333 0.257686
v -0.187070 0.334678 0.259640
v -0.047770 0.306076 0.261760
v -0.058337 -0.037808 0.259474
v -0.059808 -0.014486 0.245964
v -0.052002 0.166570 0.279410
v -0.062096 0.156474 0.273183
v -0.075038 0.149783 0.269577
v -0.094216 0.145077 0.255857
v -0.140902 0.148133 0.229794
v -0.105718 0.145496 0.254649
v -0.144629 0.145534 0.232627
v -0.142606 0.142763 0.229196
v -0.159088 0.144623 0.221405
v -0.160645 0.145126 0.221527
v -0.159912 0.144592 0.220901
v -0.159912 0.144592 0.220901
v -0.159897 0.144592 0.220901
v -0.159897 0.144592 0.220901
v -0.076794 0.151807 0.267808
v -0.298039 0.265366 0.265512
v 0.027303 -0.047921 0.274625
v 0.018631 -0.030729 0.274361
v 0.005354 -0.006114 0.269502
v -0.029513 0.243323 0.277583
v -0.095933 0.250722 0.277733
v -0.089861 0.234797 0.224894
v -0.003086 0.221551 0.212024
v -0.000476 0.214381 0.187505
v -0.050184 0.294923 0.255732
v -0.033320 0.267460 0.271624
v -0.024040 0.268827 0.268627
v -0.022283 0.257912 0.274616
v -0.249513 0.206627 0.265843
v -0.254847 0.219699 0.265433
v -0.261152 0.248683 0.258063
v 0.042779 -0.060705 0.272478
v 0.060300 -0.066343 0.267228
v 0.075424 -0.073370 0.259587
v 0.095217 -0.074414 0.253583
v 0.008409 0.092311 0.267138
v 0.009740 0.091849 0.263759
v -0.009486 0.091310 0.233005
v 0.013619 -0.058677 0.272310
v -0.010896 -0.027384 0.271520
v -0.013513 -0.025032 0.267139
v -0.014165 -0.028293 0.271037
v -0.042293 0.284856 0.262903
v -0.249992 0.287855 0.264846
v 0.124507 -0.105021 0.272333
v 0.139478 -0.101280 0.259269
v 0.133953 -0.108679 0.253976
v 0.136522 -0.097614 0.267554
v 0.104886 -0.068568 0.253850
v 0.105062 -0.066473 0.231660
v 0.011084 -0.059043 0.272844
v 0.015876 -0.062547 0.273197
v 0.029817 -0.076492 0.259400
v 0.047737 -0.094360 0.238970
v 0.038487 -0.085015 0.254494
v 0.051403 -0.094065 0.241270
v 0.062844 -0.101810 0.230288
v -0.018674 -0.028810 0.265007
v -0.017616 -0.017739 0.268443
v -0.023235 -0.038742 0.263565
v -0.029162 0.241464 0.269800
v -0.019187 0.234401 0.245092
v -0.012044 0.231781 0.242940
v -0.015772 0.221850 0.240920
v -0.014062 0.223396 0.243516
v -0.028764 0.223062 0.242938
v -0.034477 0.182858 0.250351
v -0.034957 0.171807 0.246356
v -0.188107 0.333650 0.255815
v -0.204533 0.329752 0.250288
v -0.223985 0.169282 0.260046
v 0.019964 0.080765 0.271887
v 0.012370 0.089908 0.263437
v -0.035701 -0.061256 0.270093
v -0.026115 -0.043109 0.265712
v -0.033646 -0.060140 0.262938
v -0.032327 -0.046606 0.266104
v -0.017583 0.212972 0.212735
v -0.006906 0.214511 0.214995
v -0.244752 0.295841 0.264452
v -0.254038 0.283670 0.259891
v -0.259378 0.263994 0.260124
v -0.259210 0.264878 0.261101
v -0.257334 0.263227 0.258355
v 0.121035 -0.113367 0.264101
v 0.124631 -0.114480 0.257107
v 0.091801 -0.080086 0.234671
v -0.003069 0.066385 0.266534
v 0.011740 0.090251 0.261115
v 0.000528 0.075712 0.264221
v -0.013879 0.052266 0.266797
v -0.019451 0.039294 0.267076
v -0.023730 0.032913 0.266791
v 0.042508 -0.092769 0.247368
v -0.029432 -0.010469 0.264292
v -0.020138 -0.010832 0.260950
v -0.020260 -0.031973 0.257382
v -0.024770 -0.026290 0.255869
v -0.022653 -0.014224 0.262127
v -0.018734 -0.026484 0.260892
v -0.045604 -0.055179 0.256974
v -0.033931 0.005286 0.260634
v -0.041631 0.307549 0.261503
v -0.258276 0.220663 0.263449
v 0.095082 -0.082801 0.252716
v 0.100917 -0.068155 0.253398
v 0.093431 -0.071783 0.252326
v 0.099239 -0.067480 0.257165
v 0.008894 0.013118 0.262856
v 0.004042 -0.010536 0.261310
v -0.012488 -0.016462 0.263018
v -0.024091 -0.056696 0.263721
v -0.009764 -0.084516 0.257449
v -0.010888 -0.085168 0.259042
v -0.014370 -0.072303 0.262959
v -0.024293 0.002783 0.261030
v -0.051178 0.297287 0.260064
v -0.086843 0.320311 0.230897
v -0.060664 0.308720 0.247359
v -0.048113 0.306990 0.251759
v -0.085852 0.229395 0.243497
v -0.111907 -0.108277 0.254747
v -0.128344 -0.109013 0.244734
v -0.125575 -0.104625 0.245100
v -0.098432 -0.082085 0.262055
v -0.097078 -0.077905 0.263479
v -0.099076 -0.077695 0.260167
v -0.215987 0.180998 0.260162
v -0.235658 0.195263 0.246281
v -0.234365 0.180231 0.254160
v -0.243035 0.214783 0.234503
v -0.247439 0.199302 0.240134
v -0.232060 0.177505 0.247943
v -0.258639 0.256759 0.233489
v -0.251121 0.243073 0.228644
v 0.120974 -0.046407 0.259056
v 0.123496 -0.060983 0.252327
v 0.104500 0.107039 0.253185
v 0.108309 0.106793 0.246522
v 0.106882 0.108592 0.250057
v 0.118616 0.099343 0.225101
v -0.040741 -0.055071 0.254801
v -0.025935 0.006413 0.255385
v -0.043123 -0.039543 0.255086
v -0.052102 -0.071833 0.247177
v -0.058257 -0.068121 0.248716
v -0.054551 -0.069847 0.250083
v -0.176924 0.154271 0.250220
v -0.205004 0.162321 0.232009
v -0.208537 0.160686 0.235331
v -0.202576 0.157527 0.234924
v -0.220735 0.252845 0.240803
v -0.250741 0.255094 0.233337
v -0.253502 0.257459 0.238441
v -0.025094 0.039127 0.238769
v -0.024065 0.068893 0.216011
v -0.027401 0.044717 0.232175
v -0.028980 0.003350 0.260128
v -0.027300 0.046433 0.235340
v -0.039794 0.023822 0.235574
v -0.042655 0.032448 0.221282
v -0.041770 0.024067 0.237588
v -0.031283 0.005525 0.263996
v -0.028629 -0.023245 0.255874
v -0.036146 0.150046 0.258305
v -0.032078 0.148936 0.255100
v -0.045730 0.152003 0.252915
v -0.052682 -0.087416 0.259472
v -0.056757 -0.082655 0.252663
v -0.039235 -0.094210 0.230734
v -0.033147 -0.097094 0.227497
v 0.015500 0.094475 0.253137
v 0.024263 0.106361 0.234000
v 0.022883 0.105119 0.238400
v 0.038256 0.110443 0.221065
v 0.009171 -0.107452 0.235789
v -0.001677 -0.096891 0.253137
v -0.112748 -0.090502 0.255911
v -0.103136 -0.093004 0.252712
v -0.146018 0.329781 0.242453
v -0.174276 0.319901 0.229911
v 0.092749 0.105761 0.238317
v 0.094148 0.108860 0.215433
v 0.090589 0.108926 0.215254
v 0.092843 0.110011 0.212854
v -0.040163 -0.013584 0.242694
v -0.057211 0.001027 0.221443
v -0.055182 -0.000352 0.227002
v -0.056545 0.018897 0.187723
v -0.054837 0.017204 0.192876
v -0.018661 0.192312 0.246419
v -0.118645 -0.093690 0.248669
v -0.003467 0.090180 0.242664
v -0.009241 0.091242 0.237145
v 0.003175 0.101091 0.213815
v -0.000154 0.100781 0.217968
v 0.003414 0.104587 0.210025
v -0.120436 -0.077703 0.251047
v -0.154285 -0.076943 0.251137
v -0.218098 0.313508 0.244346
v -0.232124 0.307072 0.242688
v 0.062115 -0.033220 0.230162
v 0.102053 -0.058307 0.234396
v -0.148167 -0.092868 0.244495
v -0.153047 -0.083415 0.248755
v 0.010819 -0.110259 0.231297
v 0.035746 -0.109851 0.206930
v 0.038144 -0.109528 0.209668
v 0.060431 -0.105592 0.179205
v 0.058888 -0.106885 0.187753
v 0.059742 -0.104470 0.180824
v 0.012559 -0.109236 0.236262
v -0.074877 0.316321 0.240919
v -0.146907 0.317931 0.199662
v -0.129265 0.316819 0.211037
v -0.176722 0.304698 0.190729
v -0.158737 0.311164 0.192999
v -0.104149 0.318424 0.219738
v -0.146065 -0.093000 0.249426
v -0.161366 -0.092050 0.244318
v 0.127335 -0.073792 0.238773
v 0.128800 -0.093610 0.208201
v 0.126881 -0.093373 0.206656
v 0.125828 -0.094158 0.211377
v 0.126132 -0.078166 0.238594
v 0.066831 0.110274 0.238155
v 0.068267 -0.030144 0.206238
v 0.066997 -0.020010 0.208224
v 0.075627 -0.031122 0.229088
v 0.054046 -0.007301 0.213139
v 0.039985 -0.015170 0.192680
v -0.249718 0.227028 0.235604
v 0.062800 -0.047827 0.227653
v 0.071365 -0.051305 0.214760
v 0.074391 0.102688 0.241678
v 0.075222 0.104601 0.241588
v 0.073177 0.103820 0.240612
v -0.018920 0.231482 0.237976
v -0.015937 0.050802 0.242373
v -0.019342 0.051207 0.240305
v -0.011296 0.046669 0.240235
v -0.027625 0.232396 0.239379
v -0.038147 0.267824 0.231912
v -0.148530 0.326600 0.239951
v -0.196578 0.313535 0.220752
v -0.186289 0.317055 0.221747
v -0.213572 0.300354 0.210577
v -0.226782 0.292467 0.209110
v -0.216227 0.158892 0.224062
v -0.228392 0.185665 0.218709
v -0.235011 0.203232 0.211186
v -0.240607 0.199891 0.210457
v -0.229769 0.174429 0.221227
v -0.250752 0.219741 0.228267
v 0.070705 0.032404 0.225146
v -0.031959 0.268509 0.226713
v -0.040236 0.284350 0.216432
v -0.027801 0.281820 0.229155
v -0.054768 0.151073 0.237872
v -0.058692 0.151915 0.240817
v -0.077415 0.140264 0.229313
v -0.079096 0.137634 0.230562
v -0.079860 0.137062 0.226708
v -0.114501 0.139656 0.205450
v -0.145840 0.138421 0.183161
v -0.129110 0.137627 0.200587
v -0.136506 0.134752 0.190350
v -0.231503 0.306107 0.236135
v -0.241318 0.283915 0.234125
v -0.245069 0.288636 0.234697
v -0.252148 0.274836 0.237767
v -0.243868 0.278380 0.240224
v 0.038235 -0.021424 0.203990
v 0.035215 -0.017284 0.205322
v 0.026136 -0.022365 0.205653
v 0.016652 -0.025871 0.184522
v -0.036485 -0.096850 0.232438
v 0.115171 -0.098715 0.231940
v 0.120694 -0.099235 0.226572
v 0.115461 -0.111720 0.202640
v 0.117311 -0.107049 0.210082
v -0.037979 0.278493 0.232263
v -0.035539 0.283719 0.236614
v -0.054965 0.294367 0.218098
v -0.058060 0.295450 0.220668
v -0.060585 0.296587 0.209786
v -0.068116 0.312834 0.205540
v -0.136444 -0.080739 0.233215
v -0.160269 -0.102216 0.235094
v -0.167037 -0.082475 0.234270
v -0.123197 -0.084599 0.224885
v -0.108092 -0.077606 0.209738
v -0.164509 -0.099943 0.218759
v -0.163200 0.231314 0.220152
v 0.118217 0.103660 0.228664
v 0.116044 0.100163 0.225811
v 0.116923 0.082680 0.185996
v 0.039781 0.110361 0.216268
v 0.069403 0.105843 0.192614
v 0.062783 0.106006 0.196928
v -0.006489 -0.109629 0.199919
v -0.005935 -0.114120 0.196586
v -0.009934 -0.110624 0.198063
v -0.089524 -0.047906 0.218739
v -0.057331 -0.053477 0.209578
v -0.016281 0.085960 0.227300
v -0.027304 0.071075 0.215716
v -0.016799 0.188097 0.230630
v -0.027749 0.189764 0.229312
v -0.016374 0.199703 0.229589
v -0.045721 0.028061 0.217526
v -0.043934 0.030721 0.218837
v -0.003740 0.222481 0.214278
v 0.042462 0.009636 0.187667
v 0.043554 0.009320 0.173281
v 0.058208 -0.000784 0.193162
v -0.054295 -0.001118 0.224565
v 0.094795 0.015938 0.220024
v 0.084300 0.008228 0.218401
v 0.075317 0.000897 0.223830
v 0.049482 -0.003233 0.216838
v 0.037980 -0.011870 0.213981
v 0.020805 0.011132 0.195830
v 0.024434 0.015906 0.193481
v 0.026087 0.004755 0.191461
v 0.051260 -0.009779 0.193401
v 0.096745 0.012170 0.219303
v -0.067779 -0.036061 0.196868
v -0.134830 -0.070536 0.210123
v -0.169649 -0.082500 0.223406
v -0.175150 0.148814 0.214654
v -0.163703 0.147308 0.215142
v -0.199222 0.158066 0.197031
v -0.196858 0.151923 0.195250
v -0.215067 0.169360 0.179048
v -0.204788 0.155997 0.197506
v -0.212630 0.175801 0.183258
v 0.101783 0.011526 0.203427
v 0.105101 0.003601 0.199811
v 0.095634 0.014384 0.183929
v 0.103305 -0.000115 0.192359
v 0.095383 0.009711 0.207007
v 0.079878 -0.006261 0.206023
v 0.073698 -0.105308 0.218344
v -0.032646 0.132007 0.220052
v -0.010631 0.171262 0.215875
v -0.022392 0.129105 0.216109
v -0.013221 0.179539 0.209693
v -0.025429 0.171606 0.213433
v -0.004465 0.211069 0.210615
v -0.039689 0.132266 0.211468
v -0.034976 0.060374 0.205239
v -0.039805 0.061373 0.203138
v -0.060350 -0.030801 0.204482
v -0.098064 -0.064971 0.200431
v -0.066974 -0.036925 0.214069
v -0.038464 -0.042911 0.189902
v -0.048128 -0.036500 0.188128
v -0.019113 -0.036786 0.196310
v 0.026508 -0.011390 0.174457
v 0.019073 -0.016950 0.175649
v 0.027463 -0.000356 0.170205
v 0.011418 -0.010368 0.174046
v 0.007015 -0.002678 0.178524
v -0.019744 -0.011422 0.194744
v 0.024484 -0.004137 0.192902
v -0.020253 -0.030410 0.203740
v -0.035951 -0.022440 0.203359
v 0.101589 -0.111255 0.181448
v 0.004452 0.214109 0.188621
v 0.006241 0.204136 0.179268
v 0.036698 0.192880 0.154590
v 0.015956 0.209989 0.172020
v 0.004331 0.212041 0.185093
v -0.002287 0.243652 0.186997
v -0.021486 0.257126 0.216244
v -0.016999 0.224426 0.214897
v -0.018144 0.256203 0.213820
v -0.040477 0.280991 0.209780
v -0.031748 0.269590 0.207021
v -0.067589 0.301472 0.198193
v -0.065484 0.303816 0.200676
v -0.038388 0.284321 0.207508
v -0.023842 0.254347 0.213420
v -0.038055 0.063476 0.205744
v -0.043872 0.026157 0.219278
v -0.056859 0.046390 0.194209
v -0.052152 0.049360 0.189076
v -0.086383 -0.058603 0.222203
v -0.224388 0.294656 0.206479
v 0.110455 0.094164 0.197936
v 0.115460 0.087384 0.190489
v 0.094489 0.108293 0.214619
v 0.083098 -0.003048 0.199744
v 0.086530 0.006269 0.203478
v 0.068988 -0.008944 0.199261
v 0.077325 -0.003288 0.195243
v 0.063931 -0.015675 0.184526
v 0.047570 0.003988 0.195313
v 0.026138 0.107367 0.186821
v 0.026154 0.105959 0.189389
v 0.029341 0.104151 0.184744
v 0.056715 0.093535 0.167370
v -0.025938 0.070239 0.212362
v -0.026658 0.067337 0.213986
v -0.019530 0.080854 0.193050
v -0.244572 0.245394 0.201185
v -0.234957 0.244874 0.203331
v -0.237110 0.244707 0.197105
v -0.235674 0.265353 0.205610
v -0.238346 0.267007 0.201511
v -0.425918 -0.196827 0.213471
v -0.427212 -0.187506 0.206477
v -0.426745 -0.181505 0.177377
v -0.426134 -0.183150 0.178199
v 0.033537 0.002088 0.212314
v 0.027238 0.004278 0.209863
v 0.020746 0.009459 0.203055
v -0.055510 -0.096265 0.207509
v -0.036286 -0.112453 0.183690
v -0.037484 -0.109477 0.183819
v -0.044749 -0.111699 0.189908
v -0.013449 -0.109382 0.155181
v -0.008737 -0.110313 0.152593
v -0.005970 -0.107911 0.152657
v -0.008839 -0.106539 0.151791
v -0.005280 -0.099426 0.135640
v -0.225643 0.222899 0.171415
v -0.177706 0.214205 0.160281
v -0.238682 0.204830 0.204442
v -0.412835 -0.200700 0.207289
v -0.414717 -0.222711 0.201487
v -0.415087 -0.217544 0.203622
v -0.425240 -0.231340 0.188704
v 0.020622 0.002479 0.191073
v 0.028484 -0.012885 0.186080
v -0.243279 0.230288 0.202770
v 0.116487 -0.109689 0.201527
v -0.061399 0.299913 0.197577
v -0.113724 0.309677 0.180550
v -0.096682 0.310860 0.189442
v -0.151993 0.305526 0.163617
v -0.055744 0.019709 0.176687
v -0.055676 0.033484 0.138068
v -0.052793 0.033175 0.135581
v -0.056608 0.031415 0.138325
v -0.041796 0.034904 0.116468
v 0.117507 -0.104264 0.166909
v 0.104114 -0.107359 0.179831
v 0.104281 -0.108568 0.173977
v 0.102465 -0.107845 0.177538
v 0.067126 -0.011691 0.174760
v -0.366663 -0.198777 0.199707
v -0.390099 -0.182709 0.187483
v -0.391286 -0.183938 0.184575
v -0.390685 -0.216159 0.201114
v -0.388176 -0.193837 0.199895
v -0.388677 -0.193742 0.204242
v -0.390978 -0.219709 0.198246
v -0.396868 -0.241468 0.187322
v -0.398430 -0.241017 0.184566
v -0.384708 -0.194573 0.201364
v 0.093282 0.100965 0.187686
v 0.091019 0.103783 0.198410
v 0.090965 0.104858 0.200470
v 0.091875 0.090137 0.166607
v 0.068352 0.009341 0.167205
v 0.072754 0.004414 0.178623
v 0.038290 0.021366 0.201089
v 0.028877 0.022042 0.194179
v 0.034572 0.020469 0.184667
v -0.050996 0.138261 0.199269
v -0.070658 0.126396 0.194034
v -0.068861 0.126891 0.191722
v -0.121701 0.123816 0.165619
v -0.089331 0.121047 0.182525
v -0.104580 0.124511 0.171343
v -0.162965 0.238473 0.207938
v -0.229234 0.234618 0.173642
v -0.363537 -0.203571 0.201778
v -0.364525 -0.190336 0.196530
v -0.373408 -0.209824 0.202280
v -0.374021 -0.215808 0.202355
v -0.375146 -0.223458 0.197912
v -0.384726 -0.241378 0.186614
v -0.379772 -0.242634 0.186958
v 0.136317 0.065578 0.196145
v 0.132001 0.067415 0.196579
v 0.136758 0.069596 0.193406
v 0.132768 0.067313 0.160433
v 0.133028 0.062146 0.162551
v 0.115191 0.064545 0.181650
v 0.115140 0.063222 0.175517
v 0.114190 0.062473 0.179958
v 0.123644 0.063936 0.199441
v 0.107748 0.055137 0.129166
v 0.218886 0.046991 0.172297
v 0.089047 0.015018 0.200237
v 0.090874 0.104279 0.199448
v 0.090874 0.104294 0.199509
v 0.090874 0.104279 0.199448
v 0.090874 0.104294 0.199509
v 0.069124 0.104247 0.193517
v 0.089478 0.089238 0.171418
v 0.090811 0.085280 0.170251
v 0.091544 0.087074 0.170481
v -0.337049 -0.208061 0.199534
v -0.338202 -0.209589 0.198769
v -0.336439 -0.202370 0.198195
v -0.344245 -0.231199 0.194730
v -0.329785 -0.195909 0.187638
v -0.329554 -0.193011 0.187575
v -0.329016 -0.192947 0.170226
v -0.327976 -0.192924 0.166197
v -0.329248 -0.191690 0.168775
v -0.347270 -0.242050 0.186160
v -0.348579 -0.239671 0.190752
v -0.362087 -0.186962 0.186845
v -0.420874 -0.232539 0.190024
v -0.446619 -0.330102 0.199967
v -0.456193 -0.329851 0.198459
v -0.457757 -0.329754 0.190502
v -0.442086 -0.273466 0.191396
v -0.447817 -0.203330 0.199015
v -0.446081 -0.274246 0.186217
v -0.447912 -0.239469 0.185311
v 0.017839 0.004167 0.180100
v 0.007524 0.003369 0.179591
v 0.011348 -0.109019 0.173587
v 0.017851 -0.105795 0.171352
v -0.053443 0.129807 0.197746
v -0.311507 -0.210442 0.198564
v -0.306974 -0.223511 0.191258
v -0.309326 -0.234756 0.194157
v -0.315671 -0.209899 0.195845
v -0.314374 -0.197179 0.192181
v -0.443594 -0.203525 0.187877
v -0.449654 -0.330164 0.185692
v -0.442205 -0.330257 0.191265
v -0.446131 -0.242458 0.184705
v -0.454424 -0.203469 0.185954
v -0.457833 -0.203243 0.194018
v 0.098984 0.004300 0.183363
v -0.018485 0.248381 0.194062
v -0.021275 0.258260 0.192736
v -0.182388 0.305253 0.185752
v -0.310290 -0.240754 0.170587
v -0.305703 -0.236650 0.165127
v -0.308738 -0.227707 0.186819
v 0.022507 -0.019360 0.189856
v -0.003308 0.191648 0.190773
v 0.005407 0.191932 0.171531
v -0.001014 0.195017 0.176821
v 0.002172 0.190085 0.192384
v -0.067148 -0.305068 0.191933
v -0.062091 -0.311590 0.192100
v -0.016719 -0.272405 0.187746
v -0.066083 -0.306939 0.179951
v -0.061430 -0.313991 0.184860
v -0.028086 -0.274964 0.182572
v -0.024117 -0.277515 0.175357
v -0.299887 -0.223620 0.192392
v -0.368731 -0.330177 0.191515
v -0.368146 -0.285846 0.189014
v -0.365275 -0.279985 0.188697
v -0.378107 -0.330288 0.191013
v -0.402180 -0.311588 0.189541
v -0.399346 -0.306846 0.188960
v -0.402466 -0.308259 0.190004
v -0.400203 -0.304293 0.190374
v -0.427877 -0.328642 0.192854
v -0.437411 -0.295702 0.190954
v 0.163404 0.023082 0.179711
v 0.122699 -0.101197 0.175783
v 0.118738 -0.100114 0.173971
v 0.098603 -0.100624 0.133552
v 0.096572 -0.097636 0.126448
v 0.103008 -0.101603 0.134957
v 0.055134 -0.006449 0.172697
v 0.058619 0.000322 0.171901
v 0.026098 0.019631 0.178202
v -0.018866 0.082898 0.183798
v -0.062906 0.201065 0.160570
v -0.083468 0.181357 0.059590
v -0.138342 0.187235 0.080492
v -0.123881 0.181425 0.044043
v -0.132627 0.179855 0.060506
v -0.315632 -0.322918 0.189666
v -0.336438 -0.337994 0.190119
v -0.317084 -0.325813 0.187582
v -0.316810 -0.320713 0.189610
v -0.365264 -0.332372 0.190724
v -0.345288 -0.338325 0.190835
v -0.338412 -0.303015 0.185191
v -0.372145 -0.334565 0.188330
v -0.369564 -0.333104 0.191541
v -0.399468 -0.306529 0.191772
v -0.364384 -0.278056 0.186714
v -0.417012 -0.293005 0.188372
v -0.423861 -0.286776 0.190253
v -0.410766 -0.281491 0.191810
v -0.404595 -0.238575 0.190437
v -0.402937 -0.233518 0.190842
v -0.409014 -0.237204 0.189732
v 0.022814 0.004073 0.165850
v -0.017498 0.083088 0.186891
v -0.052482 0.286014 0.175776
v -0.057320 0.294254 0.170073
v -0.054195 0.291537 0.176375
v -0.090025 0.295340 0.151447
v -0.102888 0.297208 0.147530
v -0.152058 0.138165 0.186640
v -0.170841 0.139405 0.167009
v -0.197323 0.157681 0.152638
v -0.204334 0.161458 0.156646
v -0.186975 0.149153 0.164768
v -0.161009 0.142387 0.179543
v -0.185350 0.142709 0.167459
v -0.274645 -0.216519 0.189541
v -0.276360 -0.195210 0.184383
v -0.267479 -0.245274 0.177375
v -0.273379 -0.211325 0.192347
v -0.262737 -0.246742 0.176623
v -0.265364 -0.249583 0.177887
v -0.282578 -0.192315 0.172406
v -0.284257 -0.202062 0.158212
v -0.276919 -0.198158 0.179721
v -0.282561 -0.330647 0.188788
v -0.312202 -0.323717 0.189504
v -0.299803 -0.315366 0.186913
v -0.308158 -0.324576 0.187025
v -0.311933 -0.320701 0.188756
v -0.277353 -0.298160 0.184639
v -0.280440 -0.298096 0.185770
v -0.331679 -0.301095 0.185500
v -0.333198 -0.296723 0.185921
v -0.334271 -0.300647 0.187839
v -0.399567 -0.310150 0.188690
v -0.400238 -0.308960 0.188553
v -0.400238 -0.309052 0.188553
v -0.400238 -0.309052 0.188553
v -0.400238 -0.308990 0.188553
v -0.427910 -0.188555 0.164985
v -0.427933 -0.192734 0.165529
v -0.429944 -0.208109 0.163940
v -0.428282 -0.283902 0.188773
v -0.439333 -0.281396 0.188842
v -0.441155 -0.282718 0.188529
v 0.062887 0.012436 0.164731
v 0.051132 0.010494 0.158673
v 0.049153 0.001379 0.159889
v 0.051968 -0.003588 0.155268
v 0.050259 -0.014565 0.177886
v 0.034368 0.011668 0.169006
v 0.041789 -0.008350 0.167806
v 0.043829 -0.001382 0.166543
v 0.021724 0.026932 0.186076
v 0.019571 0.017636 0.180723
v 0.006520 0.207673 0.160758
v -0.024673 0.200935 0.135630
v -0.051091 0.216079 0.179131
v 0.033624 -0.234763 0.180956
v 0.005040 -0.262448 0.184917
v 0.022161 -0.254008 0.176211
v -0.018341 -0.283612 0.182713
v 0.002522 0.085704 0.167077
v -0.018149 0.085759 0.182102
v 0.014398 0.087271 0.160602
v 0.023021 0.087504 0.154788
v 0.026333 0.081695 0.153840
v 0.017239 0.082091 0.147170
v -0.201304 -0.215670 0.188424
v -0.203266 -0.214975 0.187210
v -0.198896 -0.203003 0.181789
v -0.207255 -0.249165 0.174283
v -0.365550 -0.281615 0.185765
v -0.357480 -0.243088 0.186200
v -0.343770 -0.239324 0.182647
v -0.355645 -0.275375 0.186547
v -0.352110 -0.273787 0.183293
v -0.376703 -0.270694 0.184923
v -0.287935 -0.274042 0.183455
v -0.283479 -0.277492 0.180425
v -0.256618 -0.273359 0.179457
v -0.297789 -0.274083 0.179837
v -0.349959 -0.242923 0.181762
v -0.377243 -0.268962 0.183367
v -0.380486 -0.246113 0.186217
v -0.382865 -0.241899 0.182385
v -0.443932 -0.242204 0.187205
v -0.393683 -0.183851 0.169527
v -0.403518 -0.272947 0.186809
v -0.443964 -0.271906 0.186771
v -0.377428 -0.271157 0.182001
v 0.163719 0.043508 0.187196
v 0.142511 0.039749 0.181644
v 0.147469 0.037581 0.170782
v -0.158366 -0.292928 0.183582
v -0.154804 -0.294389 0.183112
v -0.167911 -0.302636 0.186081
v -0.199765 -0.317334 0.179594
v -0.200983 -0.315659 0.176078
v -0.196372 -0.319723 0.178533
v -0.202209 -0.314866 0.172348
v -0.211004 -0.294930 0.177096
v -0.201045 0.283982 0.178859
v -0.210799 -0.292976 0.183419
v -0.200015 -0.295397 0.184172
v -0.277666 -0.293720 0.184139
v -0.276951 -0.295776 0.182203
v -0.227805 -0.297115 0.184258
v -0.234296 -0.219471 0.185294
v -0.238393 -0.225099 0.181380
v -0.234668 -0.204380 0.179712
v -0.236903 -0.216669 0.186606
v -0.228867 0.224499 0.170094
v -0.221396 0.199919 0.173378
v -0.225427 0.187806 0.174612
v -0.225408 0.200229 0.166711
v -0.228556 0.222153 0.164611
v -0.298147 -0.282727 0.183919
v -0.321862 -0.295085 0.181861
v -0.320662 -0.294282 0.183935
v -0.316711 -0.292717 0.182590
v -0.333336 -0.236039 0.184580
v 0.166922 0.037766 0.189252
v 0.165279 0.027785 0.168106
v 0.117140 0.073025 0.181374
v 0.119768 0.075462 0.174632
v 0.076553 -0.090967 0.162271
v 0.092260 -0.073076 0.146408
v 0.023656 -0.240829 0.174039
v 0.029982 -0.243087 0.171017
v 0.043654 -0.237506 0.179661
v -0.013865 0.243197 0.182450
v -0.021069 0.116600 0.182784
v -0.031213 0.120493 0.181727
v -0.027981 0.116720 0.170490
v -0.017905 0.150610 0.166260
v -0.008001 0.150881 0.157574
v -0.020512 0.113172 0.171307
v 0.002213 0.193615 0.155164
v 0.001558 0.154689 0.158716
v -0.004995 0.164633 0.168056
v 0.011372 0.194088 0.159601
v 0.019429 0.189943 0.149819
v -0.139217 -0.292463 0.182244
v -0.113851 -0.289378 0.175575
v -0.094579 -0.289826 0.171714
v -0.218990 0.263337 0.172298
v -0.217233 0.278552 0.172048
v -0.220548 0.271223 0.173292
v -0.230368 0.246188 0.168361
v -0.227457 0.231842 0.168477
v -0.237246 -0.196966 0.169121
v -0.235022 -0.199064 0.165761
v -0.233818 -0.202595 0.181097
v -0.237756 -0.203172 0.160533
v -0.233941 -0.216460 0.156517
v -0.234335 -0.206615 0.157589
v -0.341132 -0.236056 0.175171
v -0.361782 -0.182177 0.163842
v -0.364610 -0.192631 0.150554
v -0.364581 -0.183330 0.161572
v 0.229675 0.074123 0.165404
v 0.119789 0.073879 0.169669
v 0.008987 0.043075 0.163108
v -0.033603 0.269167 0.159526
v -0.026455 0.260486 0.163224
v -0.051936 0.048107 0.184462
v -0.039865 0.060464 0.149728
v -0.164148 -0.292557 0.180367
v -0.225062 -0.238925 0.181529
v -0.238140 -0.246112 0.176143
v -0.233633 -0.245861 0.171925
v -0.250605 -0.275075 0.174112
v -0.242269 -0.274901 0.176714
v -0.396974 -0.189590 0.163145
v -0.395705 -0.191385 0.165444
v -0.399742 -0.224357 0.171980
v -0.421145 -0.235132 0.180536
v -0.430868 -0.229851 0.176964
v -0.432175 -0.221331 0.169083
v -0.434285 -0.219193 0.165852
v -0.426531 -0.230495 0.178672
v 0.124278 -0.017061 0.161041
v 0.126925 -0.004761 0.170769
v 0.081047 -0.211989 0.172981
v 0.072539 -0.207718 0.177105
v 0.070756 -0.208591 0.168875
v 0.003303 0.038654 0.168650
v 0.000060 0.024304 0.155248
v 0.014534 0.038533 0.155122
v 0.010393 0.026281 0.150336
v -0.003542 0.028534 0.163369
v 0.011311 -0.004300 0.169251
v -0.114100 0.312481 0.177671
v -0.207144 -0.245345 0.173710
v -0.212472 -0.247935 0.173684
v -0.221796 -0.232225 0.179907
v -0.222758 -0.229585 0.179019
v -0.217743 -0.232558 0.177098
v -0.242864 -0.236856 0.171154
v -0.274685 -0.324671 0.179009
v -0.276367 -0.326129 0.167063
v -0.278664 -0.269238 0.162550
v -0.283002 -0.263948 0.170032
v -0.267278 -0.323773 0.178035
v -0.281505 -0.246540 0.176215
v -0.339470 -0.242558 0.178417
v -0.337585 -0.242284 0.179934
v -0.318273 -0.249321 0.178787
v 0.242999 0.063785 0.171314
v 0.239866 0.071346 0.169645
v 0.232289 0.075215 0.156029
v 0.059466 0.090552 0.169274
v 0.068905 0.088205 0.161051
v -0.222846 -0.282881 0.175048
v -0.234488 -0.247079 0.173431
v -0.238611 -0.250678 0.176719
v -0.230673 -0.284251 0.176534
v -0.236726 -0.241967 0.175066
v -0.258702 -0.249848 0.171387
v -0.265582 -0.325115 0.169293
v -0.334241 -0.213043 0.157249
v -0.333449 -0.208809 0.157327
v -0.333034 -0.201940 0.157596
v 0.004356 0.191523 0.149475
v 0.005381 -0.004162 0.169607
v 0.004581 -0.015723 0.168822
v -0.001190 -0.028205 0.172675
v -0.168985 0.296458 0.154756
v -0.167592 0.295961 0.157108
v -0.151238 -0.217029 0.176715
v -0.153440 -0.222202 0.172691
v -0.149392 -0.220953 0.172828
v -0.150298 -0.200255 0.154879
v -0.150827 -0.207819 0.138794
v -0.152995 -0.205983 0.141847
v -0.154938 -0.219334 0.140141
v -0.159142 -0.224491 0.136285
v -0.156304 -0.226282 0.138847
v -0.153810 -0.290353 0.174937
v -0.147971 -0.284324 0.173278
v -0.134559 -0.292626 0.170766
v -0.136268 -0.294294 0.172110
v -0.170978 -0.296284 0.172758
v -0.183710 -0.299978 0.174294
v -0.197895 -0.308364 0.172225
v -0.181911 -0.273228 0.172171
v -0.245040 -0.278938 0.176876
v -0.275032 -0.199466 0.158854
v -0.271730 -0.233570 0.167860
v -0.275445 -0.198179 0.168157
v -0.285626 -0.201120 0.167440
v -0.275521 -0.260951 0.176051
v -0.001181 0.134062 0.172649
v -0.003962 0.137817 0.171451
v 0.000120 0.137020 0.169565
v -0.079745 -0.214603 0.173878
v -0.077381 -0.201545 0.163135
v -0.075917 -0.201328 0.164392
v -0.081852 -0.285967 0.171841
v -0.131903 -0.295288 0.173433
v -0.115544 -0.294318 0.172565
v -0.078879 -0.302242 0.170337
v -0.107962 -0.233297 0.172652
v -0.116919 -0.213674 0.173097
v -0.109462 -0.235366 0.168914
v -0.098316 -0.235748 0.169514
v -0.088665 -0.232534 0.144344
v -0.089968 -0.229775 0.156390
v -0.103997 -0.234770 0.168621
v -0.120427 -0.206048 0.170462
v -0.118866 -0.200797 0.162266
v -0.118989 -0.198808 0.150562
v -0.119601 -0.197182 0.149935
v -0.118190 -0.198089 0.147737
v -0.118480 -0.201480 0.166851
v -0.145181 -0.275149 0.173350
v -0.144289 -0.275302 0.170525
v -0.141618 -0.272670 0.171491
v -0.144063 -0.270035 0.174165
v -0.113086 -0.254122 0.165676
v -0.150240 -0.197425 0.162287
v -0.147318 -0.199348 0.159004
v -0.153290 -0.248393 0.170133
v -0.186743 -0.247231 0.172821
v -0.188652 -0.248825 0.169102
v 0.246960 0.056750 0.162926
v 0.111782 -0.210349 0.171072
v 0.093826 0.069311 0.142212
v 0.097827 0.066564 0.133932
v 0.086214 -0.208304 0.171330
v 0.082432 -0.208441 0.173757
v 0.081813 -0.193064 0.156231
v 0.080595 -0.197149 0.164007
v 0.078047 -0.196846 0.138052
v 0.080562 -0.194574 0.152341
v 0.084570 0.069475 0.143692
v 0.076759 0.078481 0.153460
v 0.037705 0.203937 0.144041
v 0.009553 -0.019093 0.166349
v 0.018564 -0.017991 0.164681
v -0.039913 0.280114 0.150521
v -0.051028 0.282380 0.139734
v -0.063713 -0.296257 0.170657
v -0.076244 -0.297980 0.169471
v -0.044218 -0.280773 0.166380
v -0.132262 0.127176 0.155585
v -0.141047 0.125707 0.149166
v -0.151802 0.128996 0.146764
v -0.176298 0.139014 0.136055
v -0.171974 0.138166 0.131439
v -0.105821 -0.249323 0.167075
v -0.114579 -0.251011 0.168329
v -0.102639 -0.244173 0.162505
v -0.144214 -0.231838 0.171100
v -0.137225 -0.236168 0.162872
v -0.115512 -0.249884 0.166923
v -0.155285 -0.248375 0.165411
v -0.180213 -0.247434 0.171004
v -0.182636 -0.232972 0.168569
v -0.364468 -0.207971 0.171541
v -0.362934 -0.208608 0.169247
v -0.364819 -0.206398 0.168793
v -0.379770 -0.188798 0.170120
v 0.219685 0.038310 0.168127
v 0.223121 0.045740 0.161890
v 0.095315 -0.099404 0.148124
v 0.017893 -0.009869 0.162911
v -0.027040 -0.214938 0.167992
v -0.026621 -0.233051 0.164199
v -0.031039 -0.235166 0.166402
v -0.035693 -0.235263 0.164701
v -0.023889 -0.213494 0.163808
v -0.030005 -0.235848 0.163584
v -0.023307 -0.208073 0.144267
v -0.022518 -0.211646 0.167243
v -0.020497 -0.206934 0.144645
v -0.026881 -0.211885 0.130690
v -0.026162 -0.218813 0.131999
v -0.026606 -0.209741 0.135697
v -0.040962 -0.285018 0.166922
v -0.092336 -0.235318 0.171307
v -0.059836 -0.249252 0.167643
v -0.097349 -0.247774 0.168437
v -0.066191 -0.277329 0.166750
v -0.098549 -0.274077 0.170577
v -0.093040 -0.274494 0.166571
v -0.151636 -0.247133 0.169374
v -0.130863 -0.237182 0.169043
v -0.367494 -0.225620 0.168951
v -0.375222 -0.206904 0.166377
v -0.428061 -0.202192 0.159493
v 0.228306 0.048726 0.166418
v 0.238348 0.053597 0.151308
v 0.293705 0.092892 0.142919
v 0.232063 0.062008 0.147686
v 0.227115 0.069785 0.151355
v 0.114554 -0.186444 0.150043
v 0.116107 -0.186876 0.151147
v 0.115951 -0.187063 0.148692
v 0.116539 -0.184723 0.141144
v 0.114244 -0.201974 0.167412
v 0.101633 -0.217538 0.168284
v 0.098201 -0.229661 0.163166
v 0.086388 -0.235892 0.161952
v -0.041658 -0.284564 0.164255
v -0.054058 -0.271564 0.163824
v -0.047772 -0.272181 0.164490
v -0.060959 -0.261627 0.166748
v -0.060703 -0.261749 0.167267
v -0.061134 -0.261047 0.167053
v -0.061134 -0.261047 0.167053
v -0.061134 -0.261047 0.167053
v -0.061153 -0.260498 0.166870
v -0.061134 -0.261047 0.167053
v -0.060144 -0.259819 0.166990
v -0.130939 -0.316980 0.165601
v 0.007245 -0.047882 0.123009
v 0.006043 -0.034772 0.122784
v -0.008133 -0.055378 0.102151
v 0.001457 -0.052831 0.098756
v 0.017536 -0.036695 0.114003
v 0.002646 -0.060554 0.104322
v 0.010766 -0.031254 0.116983
v 0.032105 -0.012471 0.143449
v 0.053287 -0.010884 0.158975
v 0.044112 -0.019450 0.160642
v 0.040858 0.190594 0.137086
v 0.020996 0.185717 0.134415
v 0.027453 -0.288690 0.157982
v 0.006145 -0.216344 0.167113
v 0.005892 -0.229184 0.162478
v 0.009109 -0.206123 0.161328
v 0.008185 -0.207848 0.160833
v 0.004283 -0.235533 0.162685
v 0.002737 -0.233769 0.160996
v 0.004240 -0.196881 0.146371
v 0.008335 -0.199536 0.143902
v 0.006601 -0.197217 0.141631
v 0.008351 -0.212543 0.128779
v 0.009928 -0.224854 0.125288
v 0.009823 -0.209127 0.128114
v 0.005830 -0.323698 0.164652
v 0.000529 -0.314727 0.166819
v -0.007528 -0.307595 0.163051
v 0.007201 -0.326474 0.161780
v 0.000641 -0.310866 0.161275
v 0.028341 -0.246130 0.163819
v 0.009003 -0.245772 0.161889
v 0.015388 -0.248871 0.161136
v -0.049884 -0.274828 0.165605
v -0.045639 -0.274304 0.161406
v -0.201260 -0.245650 0.166605
v -0.212614 -0.246071 0.163411
v -0.191068 -0.247375 0.163301
v -0.230342 -0.249222 0.163764
v 0.111400 -0.034716 0.142870
v 0.117065 -0.026868 0.147627
v 0.101131 -0.048947 0.131828
v 0.118970 -0.028545 0.146790
v 0.093708 -0.238211 0.150370
v 0.098789 -0.322118 0.162606
v 0.117784 -0.318954 0.156716
v 0.083954 -0.320431 0.161954
v 0.112807 -0.317824 0.157689
v 0.127230 -0.310306 0.155912
v 0.127442 -0.310312 0.149792
v 0.086167 -0.323119 0.162149
v 0.074202 -0.316796 0.162669
v 0.043969 -0.215342 0.164597
v 0.048708 -0.209858 0.160075
v 0.046275 -0.209758 0.158943
v 0.039345 -0.240316 0.159808
v 0.045586 -0.199656 0.138252
v 0.049076 -0.198334 0.141490
v 0.048011 -0.197389 0.148355
v 0.038116 -0.238167 0.161927
v 0.045220 -0.241925 0.160502
v 0.001691 -0.308465 0.163713
v 0.038649 -0.282165 0.158091
v 0.010128 0.220033 0.163886
v 0.012703 0.207777 0.161420
v 0.013618 0.218275 0.155789
v 0.010840 0.206087 0.153244
v -0.004937 0.247736 0.141963
v -0.001752 0.223118 0.147342
v -0.013715 0.270410 0.112160
v -0.036868 0.121319 0.157887
v -0.027002 0.128636 0.158637
v -0.031513 0.128811 0.163505
v -0.105401 -0.242152 0.161169
v -0.230227 -0.238963 0.161076
v -0.228268 -0.233259 0.157916
v 0.131425 -0.329411 0.162853
v 0.138528 -0.329585 0.159911
v 0.063454 -0.306004 0.159873
v 0.068089 -0.309416 0.159967
v 0.052622 -0.274004 0.159386
v 0.039293 -0.274074 0.160846
v 0.044160 -0.271058 0.156889
v 0.081655 -0.275600 0.152660
v 0.038906 -0.275051 0.155741
v 0.026351 -0.327603 0.153081
v 0.003449 0.085183 0.162852
v 0.003389 0.086074 0.162952
v 0.003595 0.085180 0.161937
v -0.059603 0.117506 0.148245
v -0.105390 -0.244950 0.159668
v -0.041808 -0.245162 0.157993
v -0.186589 0.290436 0.154514
v -0.209627 0.258655 0.147416
v -0.222708 0.224892 0.140723
v -0.213282 0.223011 0.143382
v -0.214499 0.245637 0.139787
v -0.211371 0.262689 0.143313
v -0.212360 0.240924 0.145522
v -0.195361 0.268820 0.149941
v -0.184548 0.292573 0.151614
v -0.213046 0.188097 0.145077
v -0.212036 0.180115 0.148209
v -0.207667 0.174309 0.142460
v -0.218061 -0.237661 0.161808
v -0.220495 -0.238517 0.161761
v -0.220852 -0.237444 0.161065
v 0.097042 -0.286830 0.154762
v 0.066009 -0.310382 0.157765
v 0.040903 -0.278181 0.159852
v 0.006294 0.084871 0.158393
v -0.022778 0.074177 0.157768
v -0.042601 -0.245426 0.155344
v -0.369354 -0.210089 0.151979
v 0.134250 -0.275009 0.143050
v 0.132496 -0.243322 0.153084
v 0.144948 -0.202998 0.151020
v 0.140540 -0.269426 0.143603
v 0.143283 -0.269900 0.149685
v 0.138381 0.057532 0.155686
v 0.136512 0.051349 0.148938
v 0.132365 0.057407 0.158118
v 0.094632 -0.285726 0.152863
v 0.085302 -0.276356 0.154656
v 0.061990 -0.248583 0.153453
v 0.039051 -0.269513 0.158614
v 0.063700 -0.243687 0.154007
v 0.066001 -0.243956 0.151232
v 0.061471 -0.244898 0.150158
v 0.041704 -0.265376 0.155885
v 0.018827 -0.244858 0.153156
v 0.017692 -0.244334 0.155685
v 0.016444 -0.244790 0.153220
v 0.019482 0.192980 0.116296
v -0.016117 0.061213 0.140753
v -0.019000 0.072300 0.135911
v -0.016334 0.065393 0.121592
v -0.056793 0.180724 0.089057
v -0.118209 0.191787 0.105200
v 0.135620 -0.331295 0.148122
v 0.124315 -0.330063 0.154589
v 0.092992 -0.065612 0.142204
v 0.015666 0.082101 0.152553
v 0.024458 0.077172 0.133933
v 0.020515 0.081606 0.140162
v 0.043611 0.057116 0.116090
v 0.050405 0.050828 0.112884
v 0.004833 -0.241584 0.157517
v 0.007343 -0.244027 0.155028
v 0.004272 -0.242641 0.153593
v -0.077208 -0.200119 0.147645
v -0.076474 -0.199636 0.147007
v 0.130837 -0.245444 0.148798
v 0.144748 -0.204434 0.137868
v 0.133311 -0.202566 0.143855
v 0.126555 -0.307548 0.153546
v 0.098942 -0.288857 0.152029
v 0.127045 -0.271235 0.151360
v 0.097110 -0.287362 0.153215
v 0.103043 -0.287755 0.152544
v 0.046243 -0.240848 0.150937
v 0.057942 0.196085 0.154184
v 0.044946 -0.103927 0.149640
v 0.051280 -0.098525 0.145880
v 0.042850 0.076511 0.138455
v 0.045710 0.072494 0.136187
v 0.063636 0.051820 0.119547
v 0.048858 0.070818 0.136059
v -0.045765 0.024451 0.154795
v -0.039911 0.032077 0.129780
v -0.038416 0.033730 0.128283
v -0.043983 0.031162 0.131031
v -0.176211 -0.210842 0.145068
v -0.196586 -0.207618 0.153649
v -0.193573 -0.233536 0.147954
v -0.198494 -0.214889 0.149638
v -0.220901 0.222204 0.136959
v -0.222754 0.214464 0.134247
v -0.213387 0.212718 0.138146
v -0.185549 0.224517 0.157119
v 0.098527 -0.244202 0.151030
v 0.130913 -0.243557 0.146863
v 0.045151 -0.097970 0.147384
v 0.059657 -0.094085 0.132654
v -0.132364 0.295278 0.133456
v -0.136023 0.290298 0.127301
v -0.100106 0.299347 0.144722
v -0.216111 0.213384 0.139006
v -0.008472 -0.099534 0.137399
v -0.002126 -0.088095 0.130029
v 0.010115 -0.066854 0.114510
v 0.007590 -0.071109 0.111656
v -0.029803 0.262685 0.148838
v -0.029028 0.259818 0.145954
v -0.025596 0.262031 0.148057
v -0.367813 -0.209787 0.146756
v -0.367753 -0.203214 0.147233
v 0.031098 0.185092 0.107387
v 0.026232 0.182183 0.097496
v -0.008338 0.180132 0.107433
v -0.028592 0.181465 0.076763
v -0.054082 0.191700 0.084190
v -0.054762 0.287711 0.135296
v -0.065253 0.120700 0.146059
v -0.089970 0.117535 0.136392
v -0.104379 0.122140 0.124759
v -0.096846 0.117943 0.128303
v -0.110309 0.118823 0.126169
v -0.156453 -0.222091 0.147721
v -0.212921 0.181870 0.146973
v -0.214750 0.187981 0.136765
v -0.212921 0.181107 0.147263
v -0.212921 0.181122 0.147263
v -0.212921 0.181107 0.147263
v -0.212921 0.181122 0.147263
v 0.022329 -0.088327 0.131325
v 0.034334 -0.081335 0.121535
v -0.089377 -0.231901 0.140062
v -0.072728 -0.230849 0.142490
v -0.178956 -0.207156 0.148824
v 0.119999 -0.198513 0.119842
v 0.116329 -0.185740 0.134650
v 0.116676 -0.184784 0.139709
v 0.116936 -0.184692 0.140350
v 0.116936 -0.184692 0.140350
v 0.116936 -0.184692 0.140366
v 0.116936 -0.184692 0.140366
v 0.076999 -0.203450 0.130484
v 0.072229 -0.210455 0.125661
v 0.070638 -0.218674 0.128059
v 0.073488 -0.213602 0.123901
v 0.067192 -0.232575 0.137117
v -0.121012 -0.211123 0.134169
v -0.120222 -0.216310 0.130469
v -0.119472 -0.216457 0.132022
v -0.169776 -0.227617 0.143284
v -0.210010 0.187578 0.141144
v -0.218769 0.195920 0.138609
v 0.134687 0.045692 0.142407
v 0.138186 0.049022 0.139572
v 0.133487 0.037970 0.127382
v 0.137322 0.033486 0.126686
v 0.134053 0.023330 0.124943
v 0.099202 -0.056435 0.131199
v 0.102348 -0.064893 0.130463
v 0.097815 -0.094794 0.139771
v 0.094072 0.065460 0.135807
v 0.092385 0.070701 0.139273
v 0.068362 -0.093148 0.135670
v 0.039524 -0.206292 0.128300
v 0.039245 -0.218421 0.124755
v 0.039952 -0.241572 0.141267
v 0.041721 -0.230375 0.127269
v 0.037810 -0.220620 0.122925
v 0.007487 -0.027465 0.120063
v -0.004723 -0.029138 0.130797
v -0.010566 -0.020168 0.130895
v -0.012381 -0.050049 0.103897
v -0.006984 -0.012125 0.119404
v -0.031861 -0.049463 0.074674
v -0.075327 -0.214501 0.135047
v 0.104977 -0.043904 0.131612
v 0.101412 -0.043974 0.129119
v 0.099078 -0.236400 0.133553
v 0.096053 -0.221286 0.120776
v 0.062241 -0.088623 0.135032
v 0.062390 -0.086666 0.129739
v 0.064234 -0.089208 0.131824
v 0.089233 -0.054729 0.130995
v 0.094190 -0.052473 0.130669
v -0.010279 0.244280 0.127431
v -0.015419 0.277114 0.116532
v -0.021683 0.274707 0.117859
v -0.023656 0.275806 0.113891
v -0.023724 0.272700 0.108012
v -0.009791 0.056851 0.113217
v -0.000634 0.051426 0.104731
v 0.008703 0.039448 0.095804
v -0.071454 0.287940 0.123711
v -0.122190 -0.229975 0.136700
v -0.172781 0.133209 0.132907
v -0.195632 0.175139 0.118368
v -0.188376 0.151880 0.126086
v -0.205080 0.203345 0.110870
v -0.202194 0.181272 0.112021
v 0.003778 -0.022551 0.110186
v -0.034322 -0.224254 0.137511
v 0.079778 -0.091193 0.104377
v 0.077644 -0.086286 0.098681
v 0.078861 -0.086085 0.102401
v 0.014291 -0.001978 0.143796
v -0.195216 0.172768 0.112289
v -0.189241 0.156626 0.119432
v 0.124558 -0.232770 0.130007
v 0.126443 -0.224986 0.122975
v 0.118732 -0.187861 0.128384
v -0.156822 0.278314 0.128648
v -0.136511 0.291703 0.131503
v -0.169604 0.273751 0.118571
v -0.137086 0.288012 0.131979
v 0.137311 -0.195008 0.128404
v 0.138002 -0.200961 0.123208
v 0.134648 -0.213446 0.113621
v 0.129378 0.010504 0.130601
v 0.126985 0.011307 0.129519
v 0.124016 -0.000945 0.127052
v 0.106156 -0.042156 0.129774
v 0.116090 -0.013857 0.128928
v 0.068204 -0.070409 0.111716
v 0.068782 -0.066355 0.111875
v 0.070681 -0.068860 0.114232
v 0.080259 -0.059516 0.115659
v 0.085362 -0.053686 0.118208
v 0.102637 -0.048131 0.128214
v 0.040200 -0.210853 0.124153
v -0.019904 0.032639 0.107539
v 0.000235 0.029158 0.097150
v -0.142546 0.119554 0.105733
v -0.141768 0.118738 0.110247
v -0.173701 0.266834 0.120225
v -0.192320 0.241304 0.118347
v -0.191516 0.254657 0.115913
v -0.206947 0.214591 0.110324
v -0.201871 0.214280 0.114212
v -0.203596 0.239670 0.116719
v -0.175799 0.271313 0.124676
v 0.132243 -0.220109 0.119370
v 0.103302 0.050789 0.120020
v 0.106804 0.050484 0.121228
v 0.100191 0.056134 0.120941
v 0.106376 0.049804 0.114812
v 0.105409 0.043863 0.112291
v 0.131171 0.037987 0.125926
v 0.120279 0.046562 0.119892
v 0.097029 -0.223823 0.119167
v 0.095570 -0.224115 0.120294
v 0.019199 0.060969 0.126763
v 0.041624 0.055285 0.114866
v 0.058101 0.049653 0.107207
v 0.023604 0.213393 0.126146
v 0.019923 0.214273 0.123293
v 0.021074 0.224054 0.119782
v -0.032850 0.034179 0.111280
v -0.020366 0.033503 0.102623
v -0.006808 0.030939 0.091956
v 0.016128 0.022291 0.086572
v -0.007711 0.028894 0.093004
v 0.096917 -0.205892 0.123228
v -0.085757 0.284227 0.122344
v -0.081765 0.289569 0.120230
v -0.079671 0.283588 0.120398
v 0.117662 0.050645 0.117237
v 0.036901 -0.081115 0.121332
v 0.094001 0.052696 0.109762
v 0.091243 0.051012 0.108804
v 0.088265 0.050279 0.109563
v 0.078332 0.049311 0.103079
v -0.131042 0.208532 0.121056
v -0.109472 0.221312 0.175550
v 0.024512 0.165389 0.117925
v 0.023264 0.162261 0.111246
v 0.011683 0.150595 0.115940
v -0.019076 0.127035 0.115474
v 0.000711 0.136706 0.115129
v 0.004821 0.140060 0.117712
v 0.015219 0.148207 0.115901
v -0.017687 0.126157 0.111005
v 0.041175 0.197121 0.132988
v -0.204529 0.202487 0.107429
v -0.137721 0.195001 0.078594
v -0.194561 0.192691 0.070184
v 0.106442 0.018261 0.104843
v 0.057005 -0.066567 0.110924
v 0.054948 -0.066671 0.112666
v -0.053813 0.281526 0.097626
v -0.207677 0.215351 0.115386
v 0.035262 0.182441 0.107888
v 0.027348 0.174683 0.112742
v 0.019549 0.232131 0.114400
v 0.018401 0.243057 0.108102
v 0.020267 0.244521 0.110040
v 0.002352 0.257925 0.096180
v 0.020304 0.245421 0.106347
v -0.038542 -0.071505 0.060007
v -0.038212 -0.071645 0.081228
v -0.026432 -0.047151 0.109656
v -0.029257 0.293504 0.098165
v -0.027713 0.122127 0.113073
v -0.053689 0.110925 0.106808
v -0.128649 0.281248 0.103423
v -0.101111 0.286227 0.113274
v -0.134783 0.275295 0.102038
v -0.152911 0.266498 0.091329
v -0.155255 0.126110 0.103558
v -0.176215 0.156246 0.086131
v -0.177309 0.148339 0.087754
v -0.186458 0.162128 0.074742
v -0.146227 0.117419 0.104104
v 0.062254 -0.060790 0.109585
v 0.065468 -0.048711 0.104129
v -0.055199 0.112015 0.108115
v -0.051817 0.110726 0.108976
v -0.188678 0.192178 0.071613
v -0.190642 0.186749 0.046928
v -0.206833 0.207363 0.083642
v -0.185670 0.199219 0.064257
v -0.189552 0.195946 0.045709
v 0.087271 -0.043597 0.107580
v 0.079918 -0.058113 0.112772
v 0.083824 -0.046480 0.107471
v 0.089307 -0.031791 0.107449
v -0.057092 0.286813 0.108999
v -0.053529 0.283879 0.100848
v -0.052717 0.281462 0.100412
v 0.106241 0.027411 0.108036
v 0.101083 -0.005779 0.104718
v 0.093542 0.027495 0.102048
v 0.092330 0.011414 0.094572
v 0.090662 -0.008555 0.101583
v 0.093772 0.012256 0.096053
v -0.076880 0.112216 0.099336
v 0.032564 0.184314 0.106055
v 0.029097 0.218265 0.092511
v 0.028393 0.224037 0.089814
v 0.013189 -0.054808 0.102054
v -0.005390 0.031390 0.102874
v 0.008600 0.033374 0.096144
v 0.011608 0.028118 0.094830
v -0.112724 0.198433 0.094024
v -0.187330 0.243278 0.086936
v -0.189606 0.225983 0.086610
v -0.205310 0.207763 0.084858
v -0.214281 0.204574 0.099645
v 0.068157 0.026853 0.094341
v 0.045401 -0.000604 0.087927
v 0.045162 -0.001281 0.088321
v 0.046127 -0.002028 0.086035
v 0.061229 0.015288 0.089569
v 0.076684 0.038658 0.096891
v 0.077512 0.018340 0.091487
v 0.077506 0.045940 0.098358
v 0.058950 -0.061690 0.094584
v 0.054519 -0.061302 0.094086
v 0.078911 0.039824 0.098520
v 0.058801 -0.060902 0.097807
v 0.054891 -0.027596 0.087021
v -0.075819 0.285012 0.088832
v -0.055367 0.286010 0.094341
v -0.163208 0.258204 0.093089
v -0.187834 0.241288 0.089131
v -0.158898 0.267734 0.093714
v 0.080218 -0.023440 0.096228
v 0.078810 -0.022284 0.096975
v 0.076859 0.007773 0.093193
v 0.078114 0.002367 0.092287
v 0.053751 -0.056592 0.094769
v 0.029153 -0.029047 0.087855
v 0.028120 -0.026829 0.083506
v 0.029604 -0.022770 0.083532
v 0.025947 -0.025638 0.085713
v 0.012649 0.033572 0.096127
v 0.021481 0.017698 0.087465
v 0.014545 0.027247 0.093119
v -0.091367 0.112168 0.093486
v -0.091269 0.109182 0.095427
v 0.078576 -0.022851 0.094224
v 0.063588 -0.063086 0.084705
v 0.066760 -0.053724 0.084376
v 0.048454 -0.000941 0.087345
v 0.045155 -0.006711 0.088586
v 0.052996 -0.033646 0.089420
v 0.009458 0.246179 0.076937
v 0.027259 0.227082 0.086273
v 0.005850 0.251407 0.075849
v 0.005283 0.250680 0.073673
v -0.024225 0.266508 0.067566
v -0.026628 0.265642 0.069314
v 0.017652 0.019728 0.086229
v 0.018799 0.028680 0.090925
v -0.067947 -0.083548 0.057188
v 0.029621 -0.022662 0.092924
v 0.003101 0.260946 0.095836
v -0.036268 0.271747 0.072542
v -0.007596 0.265291 0.091767
v -0.116211 0.122469 0.078293
v -0.106893 0.281540 0.074797
v -0.100405 0.280611 0.079160
v -0.110077 0.282222 0.075896
v -0.147717 0.261405 0.065802
v -0.151668 0.256622 0.063221
v -0.175436 0.223748 0.063295
v -0.182962 0.200245 0.067910
v -0.183216 0.222125 0.062013
v -0.187118 0.200846 0.068421
v -0.163701 0.255639 0.060093
v -0.164652 0.250041 0.064487
v -0.177873 0.229161 0.066268
v 0.024785 0.014860 0.080541
v 0.020201 0.016594 0.083040
v 0.031245 0.013800 0.081501
v -0.038120 -0.044782 0.094627
v -0.056412 0.271995 0.085573
v -0.060573 0.275117 0.083008
v -0.053874 0.275222 0.074507
v -0.171832 0.145896 0.083844
v -0.190652 0.190897 0.067051
v -0.168297 0.192720 0.057819
v -0.142510 0.188828 0.044761
v -0.162332 0.187549 0.066801
v -0.038242 0.275259 0.071533
v -0.038587 0.273065 0.076043
v -0.046574 0.267699 0.073515
v -0.047354 0.275457 0.067793
v -0.138772 0.124702 0.077164
v -0.159452 0.140482 0.062945
v -0.180196 0.184125 0.028044
v -0.168959 0.186809 0.017777
v -0.064331 0.277982 0.063089
v -0.059381 0.279860 0.062331
v -0.035928 0.271885 0.069004
v -0.136356 0.273866 0.066821
v -0.029484 0.164720 0.066566
v -0.050446 0.165479 0.063317
v -0.050732 0.164459 0.060081
v -0.052329 0.164290 0.058998
v -0.045945 0.162893 0.057747
v -0.056035 0.164761 0.058607
v -0.044473 0.159447 0.047353
v -0.198258 0.207128 0.087531
v -0.066847 -0.095228 0.027146
v -0.079099 -0.105849 0.037379
v -0.073193 -0.109301 0.034485
v -0.163860 0.152190 0.060176
v -0.158799 0.145194 0.060083
v -0.170990 0.169477 0.056230
v 0.135948 -0.190535 0.062508
v 0.131875 -0.192295 0.064080
v 0.148069 -0.182799 0.056303
v 0.136950 -0.193517 0.064978
v 0.123667 -0.247178 0.049828
v 0.130914 -0.250976 0.040988
v 0.120357 -0.251389 0.051528
v 0.131197 -0.223417 0.049451
v 0.092697 -0.206564 0.063031
v 0.099825 -0.206664 0.060125
v 0.098208 -0.204240 0.060199
v 0.100975 -0.219008 0.051105
v 0.120105 -0.242433 0.050064
v -0.060707 -0.074522 0.046300
v -0.076263 -0.088748 0.027470
v -0.059546 -0.067360 0.062864
v -0.083758 -0.093767 0.034124
v 0.122661 -0.196287 0.052579
v 0.089854 -0.227348 0.061172
v 0.086890 -0.225415 0.055965
v 0.146451 -0.351656 0.057832
v 0.125540 -0.350565 0.055103
v 0.137069 -0.352778 0.018368
v 0.115835 -0.351045 0.035030
v 0.121953 -0.351017 0.027804
v 0.131397 -0.351042 0.036390
v -0.057465 0.164642 0.057541
v -0.057504 0.164657 0.057563
v -0.057545 0.164570 0.057304
v -0.101885 0.271715 0.048346
v 0.128599 -0.313377 0.030301
v 0.128753 -0.243960 0.051866
v 0.129958 -0.350045 0.049085
v 0.116818 -0.350973 0.046984
v 0.129963 -0.290175 0.032165
v -0.176750 0.192126 0.040685
v 0.209172 -0.342104 0.045412
v 0.136185 -0.350321 0.028134
v 0.132677 -0.350155 0.023487
v 0.133493 -0.349399 0.028604
v 0.169646 -0.179452 0.052597
v 0.190412 -0.163571 0.044373
v 0.201750 -0.161901 0.045315
v 0.142152 -0.193501 0.052513
v 0.183827 -0.176076 0.041058
v 0.131685 -0.286385 0.027289
v 0.116533 -0.251236 0.038062
v 0.117132 -0.250432 0.035774
v 0.215175 -0.180216 0.043612
v 0.220059 -0.163967 0.043703
v 0.224091 -0.155978 0.041664
v 0.217052 -0.173667 0.037345
v 0.207101 -0.194122 0.053237
v 0.195556 -0.219395 0.046574
v 0.200678 -0.208883 0.049508
v 0.175975 -0.227778 0.042956
v 0.119762 -0.250691 0.040358
v 0.121390 -0.243977 0.041545
v 0.074106 -0.231953 0.049869
v 0.077489 -0.228805 0.050742
v 0.074044 -0.227285 0.046464
v 0.214473 -0.343998 0.043933
v 0.172514 -0.349238 0.005251
v 0.198328 -0.344397 0.011472
v 0.180067 -0.344658 0.002484
v 0.196413 -0.344337 0.001072
v 0.209834 -0.330495 0.003158
v 0.215426 -0.321454 0.004808
v 0.220767 -0.324171 0.008295
v 0.220698 -0.315614 0.001650
v -0.053256 0.180651 0.048514
v -0.063958 0.181386 0.047816
v -0.072951 0.181128 0.040537
v 0.210725 -0.344578 0.016903
v 0.161969 -0.177227 0.053663
v 0.164285 -0.183594 0.044962
v 0.195417 -0.167920 0.038346
v 0.187402 -0.173977 0.043511
v 0.215864 -0.157176 0.036740
v 0.090121 -0.207618 0.035708
v 0.091935 -0.206089 0.032207
v 0.091047 -0.208881 0.033110
v -0.119948 0.263795 0.046541
v -0.119008 0.268924 0.045965
v -0.116344 0.265773 0.042366
v 0.247136 -0.196376 0.044450
v 0.244297 -0.193712 0.044970
v 0.261789 -0.180734 0.035185
v 0.257251 -0.181849 0.034093
v 0.246373 -0.197228 0.033806
v 0.155970 -0.233584 0.039141
v -0.005837 -0.117749 0.040098
v -0.006324 -0.108254 0.044233
v -0.011280 -0.115918 0.041364
v -0.052349 0.164072 0.057559
v -0.052638 0.164738 0.059873
v -0.130864 0.261764 0.046590
v -0.131789 0.256928 0.041089
v -0.125530 0.260648 0.039753
v -0.140315 0.247409 0.039912
v 0.246391 -0.190854 0.034539
v 0.221306 -0.151233 0.038207
v 0.233444 -0.149815 0.039532
v 0.268550 -0.139444 0.031148
v 0.264558 -0.131160 0.026036
v 0.277271 -0.133306 0.029472
v 0.237286 -0.150676 0.038393
v 0.217220 -0.156936 0.042953
v 0.213650 -0.156867 0.042411
v 0.204430 -0.158381 0.042759
v 0.208024 -0.157616 0.042310
v 0.205474 -0.157728 0.041719
v -0.058887 0.179903 0.042865
v -0.059907 0.179967 0.042848
v -0.059932 0.179957 0.042764
v 0.238758 -0.337530 0.036803
v 0.234030 -0.337319 0.022457
v 0.233784 -0.336633 0.036932
v 0.236848 -0.315537 0.023631
v 0.240108 -0.320534 0.026580
v 0.201148 -0.197317 0.037974
v 0.155595 -0.228618 0.038321
v 0.279480 -0.160615 0.020729
v 0.276177 -0.163233 0.027263
v 0.287296 -0.151821 0.015313
v 0.231338 -0.337387 0.026889
v 0.199974 -0.202039 0.041421
v 0.211368 -0.205990 0.031347
v 0.087011 -0.260207 0.039068
v 0.099456 -0.250090 0.037441
v 0.098962 -0.250506 0.034972
v 0.086293 -0.261311 0.032071
v 0.102265 -0.251904 0.037690
v 0.066595 -0.265162 0.036581
v 0.079358 -0.267324 0.034606
v 0.065996 -0.265140 0.031534
v 0.055619 -0.255767 0.038628
v 0.054159 -0.244087 0.033179
v 0.056016 -0.227714 0.032367
v 0.057278 -0.227550 0.027567
v 0.052812 -0.227843 0.031266
v 0.022831 -0.069130 0.024901
v 0.000143 -0.092310 0.032892
v 0.001935 -0.093987 0.031695
v -0.006613 -0.054242 0.018204
v 0.002714 -0.090145 0.036421
v -0.016705 -0.128969 0.037564
v -0.079648 0.181515 0.037242
v 0.239270 -0.302465 0.025544
v 0.238416 -0.254653 0.028319
v 0.233780 -0.256698 0.025418
v 0.236100 -0.206704 0.027305
v 0.237602 -0.221903 0.029953
v 0.235195 -0.201799 0.036670
v 0.243030 -0.284634 0.025431
v 0.230270 -0.204982 0.032904
v 0.229716 -0.196015 0.032452
v 0.118058 -0.250716 0.032046
v 0.120149 -0.239682 0.029350
v 0.121022 -0.235888 0.024585
v 0.128543 -0.248761 0.028443
v 0.122134 -0.240387 0.026203
v 0.096975 -0.248609 0.036731
v 0.087034 -0.248091 0.032096
v -0.096893 0.181819 0.034042
v -0.162892 0.223358 0.034281
v -0.143017 0.246909 0.035722
v 0.238869 -0.204684 0.029378
v 0.156637 -0.224328 0.036334
v 0.157138 -0.221764 0.035773
v 0.156893 -0.221791 0.035573
v 0.091870 -0.248776 0.031285
v 0.082985 -0.249176 0.018236
v 0.084911 -0.247868 0.018366
v 0.020833 -0.068755 0.015503
v 0.023363 -0.066502 0.013133
v 0.021499 -0.063892 0.015712
v 0.138641 -0.212890 0.017972
v -0.010910 -0.052769 0.016840
v -0.054251 -0.079838 0.033472
v -0.094493 0.179446 0.027892
v -0.099877 0.179783 0.028369
v 0.204354 -0.179623 0.025776
v 0.091284 -0.211200 0.018194
v 0.088940 -0.210009 0.020099
v 0.081616 -0.213387 0.017299
v 0.086372 -0.208765 0.016988
v 0.079675 -0.210291 0.019661
v -0.039299 -0.064328 0.026329
v -0.074972 -0.153276 0.030687
v -0.041099 -0.158077 0.026062
v 0.005789 -0.154010 0.004258
v 0.002331 -0.154759 0.004971
v -0.013987 -0.161473 0.012451
v -0.073161 -0.150544 0.032150
v -0.060134 -0.149914 0.027974
v -0.076282 -0.148367 0.027647
v -0.073412 -0.134913 0.022702
v -0.112503 0.180296 0.026665
v -0.104408 0.179766 0.027703
v -0.111833 0.179989 0.026699
v -0.119873 0.180813 0.022886
v -0.114792 0.178111 0.010342
v 0.269217 -0.171353 0.017760
v 0.242877 -0.211705 0.029079
v 0.249846 -0.199705 0.019213
v 0.249351 -0.195852 0.027425
v -0.041591 -0.154422 0.029064
v -0.012284 -0.158119 0.014043
v -0.040271 -0.156542 0.024426
v -0.055892 -0.077568 0.032491
v 0.241717 -0.242830 0.029065
v 0.249090 -0.227747 0.022368
v 0.241576 -0.240507 0.020880
v 0.256964 -0.206906 0.018592
v 0.205372 -0.181322 0.019936
v -0.067785 -0.144661 0.023136
v -0.062269 -0.144125 0.024202
v -0.098966 0.178930 0.025906
v -0.111775 0.178871 0.023174
v 0.250145 -0.303097 0.024997
v 0.250818 -0.297364 0.022381
v 0.271598 -0.284015 0.017054
v 0.271181 -0.277974 0.013473
v 0.264342 -0.282883 0.018349
v 0.271358 -0.249550 0.013794
v 0.246611 -0.241299 0.023167
v 0.149578 -0.312147 0.021540
v 0.140872 -0.338883 0.024850
v 0.005855 -0.107131 0.022020
v 0.002779 -0.102473 0.024383
v 0.010128 -0.131553 0.003042
v -0.077649 -0.135706 0.025745
v -0.064182 -0.098183 0.013798
v 0.304693 -0.116869 0.022211
v 0.305283 -0.115767 0.018318
v 0.305797 -0.121188 0.019985
v 0.312033 -0.116136 0.020498
v 0.331634 -0.100937 0.009894
v 0.332105 -0.101894 0.008487
v 0.313071 -0.116041 0.017554
v 0.329482 -0.151385 0.001740
v 0.323746 -0.153574 0.005269
v 0.330382 -0.156801 0.009875
v 0.298168 -0.147761 0.008126
v 0.261112 -0.195258 0.023490
v 0.258313 -0.203312 0.021189
v 0.262512 -0.200836 0.016518
v 0.265612 -0.198776 0.016752
v 0.270916 -0.190120 0.013135
v 0.262422 -0.196607 0.014070
v 0.144900 -0.301393 0.021914
v 0.144200 -0.277428 0.021213
v 0.143779 -0.252588 0.022619
v 0.145293 -0.234970 0.019047
v 0.142159 -0.236207 0.023251
v 0.142174 -0.235962 0.023376
v 0.142174 -0.235962 0.023201
v 0.078498 -0.248188 0.007838
v -0.026357 -0.054807 0.022230
v -0.027191 -0.058102 0.020006
v -0.031455 -0.057866 0.021735
v -0.077139 -0.139137 0.022071
v -0.087339 -0.116824 0.012622
v -0.086994 -0.114842 0.015609
v 0.260467 -0.218720 0.019798
v 0.263256 -0.218918 0.016807
v 0.252150 -0.228415 0.020477
v 0.153547 -0.291243 0.019754
v 0.152212 -0.288391 0.021205
v 0.154356 -0.296924 0.017378
v 0.152190 -0.281041 0.018817
v 0.155805 -0.273806 0.019294
v 0.161599 -0.250849 0.016911
v 0.152562 -0.254224 0.020349
v 0.163028 -0.225315 0.018057
v 0.166401 -0.227953 0.014413
v 0.153789 -0.304922 0.019263
v 0.147809 -0.310198 0.020909
v 0.158452 -0.312960 0.016532
v 0.141142 -0.210726 0.018979
v 0.132132 -0.198338 0.008025
v 0.131056 -0.199955 0.006183
v 0.113260 -0.236702 0.017739
v 0.097334 -0.242204 0.011523
v 0.107150 -0.238969 0.011529
v -0.009451 -0.052840 0.019140
v -0.155930 0.185944 0.021181
v -0.155930 0.185944 0.021187
v -0.155964 0.185958 0.021173
v -0.155930 0.185944 0.021166
v 0.272394 -0.188407 0.020261
v 0.268209 -0.204602 0.017079
v 0.262518 -0.201223 0.016581
v 0.283549 -0.181619 0.013382
v 0.264766 -0.264530 0.015472
v 0.280527 -0.232133 0.010521
v 0.257223 -0.231424 0.017740
v 0.255121 -0.267441 0.020105
v 0.162991 -0.219992 0.018972
v 0.160992 -0.222292 0.015603
v 0.166667 -0.222678 0.014858
v 0.148469 -0.239041 0.020556
v 0.167953 -0.254642 0.014441
v 0.168732 -0.258463 0.013794
v 0.178349 -0.238887 0.012652
v -0.060253 -0.089890 0.006518
v 0.264327 -0.220099 0.015937
v 0.264315 -0.212333 0.014797
v 0.277857 -0.194535 0.005128
v 0.165153 -0.310635 0.015595
v 0.165002 -0.291753 0.015950
v 0.163460 -0.341778 0.018088
v 0.161094 -0.341904 0.018782
v 0.160954 -0.341235 0.018740
v 0.164274 -0.290575 0.014187
v 0.166852 -0.281445 0.016121
v 0.179104 -0.260181 0.012758
v 0.176119 -0.259856 0.013141
v 0.127689 -0.222353 0.014936
v 0.139052 -0.209584 0.015862
v -0.062159 -0.077791 0.003437
v 0.273965 -0.219334 0.014483
v 0.288778 -0.236727 0.007834
v 0.297929 -0.222432 0.002548
v 0.299727 -0.219381 0.002517
v 0.301308 -0.205689 0.002145
v 0.298799 -0.203652 0.002369
v 0.303308 -0.198476 0.002352
v 0.293671 -0.191895 0.003827
v 0.292115 -0.193562 0.005237
v 0.296996 -0.206184 0.004504
v 0.168295 -0.338571 0.016512
v 0.166403 -0.222772 0.015942
v 0.128717 -0.219974 0.009145
v 0.123892 -0.222612 0.009258
v 0.124212 -0.190749 0.004874
v 0.119884 -0.193019 0.008363
v 0.135630 -0.185285 0.005976
v 0.023777 -0.076754 -0.002016
v 0.022437 -0.075243 -0.007206
v 0.266569 -0.240973 0.010678
v 0.184508 -0.336498 0.012960
v 0.176664 -0.333816 0.013708
v 0.182785 -0.313668 0.012632
v 0.173928 -0.301292 0.012682
v 0.179618 -0.269055 0.012621
v 0.177230 -0.272434 0.012291
v 0.180690 -0.249067 0.009317
v 0.182048 -0.238648 0.012873
v 0.174202 -0.286093 0.013000
v 0.173919 -0.213642 0.012919
v 0.170529 -0.225457 0.014038
v 0.182131 -0.219080 0.009507
v 0.177853 -0.229046 0.012436
v 0.182692 -0.229858 0.012118
v 0.182040 -0.215334 0.012601
v 0.016381 0.142746 0.013727
v 0.300236 -0.176773 0.002682
v 0.301982 -0.172656 -0.001060
v 0.227009 -0.310232 0.004975
v 0.215207 -0.199701 -0.001171
v 0.205446 -0.185994 0.008755
v 0.193664 -0.320430 0.010694
v 0.191999 -0.307733 0.009851
v 0.211782 -0.297581 0.005753
v 0.205553 -0.327566 0.007534
v 0.222488 -0.307027 0.005781
v 0.202140 -0.292321 0.007755
v 0.190669 -0.298609 0.011470
v 0.191254 -0.273798 0.009442
v 0.183364 -0.269876 0.011737
v 0.184887 -0.257435 0.006731
v 0.185277 -0.245435 0.009812
v 0.190361 -0.254911 0.008752
v 0.006727 -0.135421 0.004647
v 0.010497 -0.143841 0.004882
v 0.325274 -0.330959 0.008627
v 0.322683 -0.330908 -0.002389
v 0.337468 -0.330375 -0.002100
v 0.336382 -0.331105 0.008972
v 0.357891 -0.290753 -0.006707
v 0.356390 -0.303452 -0.006073
v 0.355946 -0.308591 -0.006156
v 0.332508 -0.099976 0.005429
v 0.301941 -0.294324 -0.002145
v 0.312265 -0.327870 -0.001422
v 0.338566 -0.309236 0.001299
v 0.350807 -0.279875 -0.004625
v 0.354915 -0.278020 -0.006050
v 0.336817 -0.156872 0.007490
v 0.336440 -0.152695 -0.002997
v 0.340892 -0.158033 -0.003245
v 0.340246 -0.175658 0.000759
v 0.337282 -0.261982 0.003461
v 0.350870 -0.255513 -0.006001
v 0.305010 -0.294364 0.001815
v 0.297407 -0.272040 0.000376
v 0.317661 -0.269582 -0.006587
v 0.312692 -0.314034 -0.005948
v 0.335257 -0.225723 -0.001916
v 0.343910 -0.267164 -0.004104
v 0.314471 -0.245824 -0.007848
v 0.302253 -0.222655 0.000204
v 0.294145 -0.228467 0.001970
v 0.287432 -0.251503 0.007884
v 0.301968 -0.269214 0.003086
v 0.343828 -0.194370 -0.003878
v 0.323704 -0.256500 0.006095
v 0.321703 -0.167222 -0.003703
v 0.308576 -0.160398 -0.001844
v 0.300825 -0.172711 -0.007647
v 0.301096 -0.160990 -0.005295
v 0.317906 -0.154042 -0.005236
v 0.305412 -0.169206 -0.003604
v 0.297351 -0.189168 0.002404
v 0.315812 -0.177171 -0.006381
v 0.320223 -0.203968 -0.004136
v 0.215636 -0.206049 0.010059
v 0.216634 -0.212649 0.007709
v 0.207957 -0.218333 0.005333
v 0.202449 -0.224416 0.006656
v 0.203733 -0.207662 0.005310
v 0.206503 -0.208479 0.006600
v 0.217375 -0.199863 -0.011628
v 0.219692 -0.202123 -0.010318
v 0.203323 -0.281372 0.009079
v 0.203323 -0.281342 0.009079
v 0.203323 -0.281311 0.009079
v 0.212378 -0.264762 0.005671
v 0.203323 -0.281403 0.009079
v 0.203175 -0.283188 0.008891
v 0.202848 -0.283191 0.006458
v 0.202871 -0.273652 0.007903
v 0.197535 -0.279092 0.007612
v 0.198705 -0.260154 0.008721
v 0.200303 -0.305971 0.004184
v 0.200219 -0.256503 0.003942
v 0.184743 -0.292204 0.009096
v 0.191809 -0.236530 0.009475
v 0.190520 -0.220045 0.008449
v 0.196093 -0.214594 0.009171
v 0.184050 -0.237856 0.011267
v 0.131543 -0.200196 0.004880
v 0.141891 -0.210377 -0.004832
v 0.013223 0.145488 -0.008283
v 0.033031 0.147035 -0.025181
v 0.021205 0.159065 -0.005504
v -0.060928 -0.075718 0.007416
v -0.087188 -0.090824 0.009694
v -0.070601 -0.077834 0.005179
v -0.085253 -0.095813 0.007920
v -0.086645 -0.091306 0.004716
v 0.363368 -0.088139 0.003443
v 0.350248 -0.092976 0.004693
v 0.342509 -0.095781 0.004171
v 0.348890 -0.093158 0.007095
v 0.339601 -0.096722 0.002855
v 0.305694 -0.140606 -0.010593
v 0.301217 -0.140275 -0.002203
v 0.295488 -0.240933 0.004712
v 0.321142 -0.277158 -0.002203
v 0.226542 -0.200778 0.003349
v 0.220487 -0.284676 0.006558
v 0.224522 -0.283488 0.003141
v 0.235190 -0.261485 0.000833
v 0.236624 -0.280327 0.003711
v 0.212893 -0.279578 0.004220
v 0.216130 -0.255484 0.006476
v 0.210834 -0.254570 0.005467
v 0.208828 -0.243385 0.006791
v 0.212194 -0.240888 0.005378
v 0.227459 -0.222857 0.005692
v 0.224572 -0.219452 0.003017
v 0.208889 -0.239788 0.005424
v 0.219880 -0.203759 0.002899
v 0.204342 -0.234123 0.006578
v 0.199828 -0.240070 0.004172
v 0.214253 -0.314759 0.003828
v 0.196018 -0.248559 0.007694
v 0.036172 0.155983 -0.022114
v 0.040303 0.151665 -0.035428
v 0.069764 0.179602 -0.076164
v 0.047528 0.169597 -0.025006
v 0.047677 0.167001 -0.017613
v 0.030717 0.164120 -0.022444
v 0.018561 0.161924 -0.020785
v 0.006870 -0.059204 0.008624
v 0.013416 -0.068660 0.000056
v 0.291514 -0.179411 0.001883
v 0.294947 -0.170644 0.004024
v 0.289429 -0.202748 0.006056
v 0.306668 -0.198490 -0.000710
v 0.354684 -0.202371 -0.008886
v 0.234672 -0.206761 0.003947
v 0.247263 -0.204085 0.002631
v 0.244802 -0.208349 0.001214
v 0.246783 -0.243356 -0.000485
v 0.230950 -0.253137 0.003774
v 0.245743 -0.200176 0.001537
v 0.233466 -0.303640 0.001484
v 0.232961 -0.302225 0.002282
v 0.230853 -0.237908 0.002907
v 0.207234 -0.230365 0.006518
v 0.207367 -0.229890 0.006542
v 0.207054 -0.229878 0.006503
v 0.141386 -0.183863 0.004597
v 0.135923 -0.186671 0.002179
v 0.152441 -0.178583 0.001531
v 0.142737 -0.182837 0.000623
v 0.141382 -0.184301 0.000986
v 0.158441 -0.176324 -0.002184
v 0.135473 -0.185668 0.001591
v 0.131982 -0.188473 0.002415
v 0.131615 -0.187308 0.002225
v 0.134267 -0.187030 0.003443
v 0.131815 -0.187516 0.003928
v 0.132248 -0.187393 0.002894
v 0.026628 -0.074464 -0.005337
v 0.024787 -0.070694 -0.009176
v 0.040246 -0.075994 -0.022450
v 0.037214 -0.080170 -0.022173
v 0.359391 -0.144649 0.003902
v 0.354406 -0.152178 -0.000656
v 0.353699 -0.149654 -0.002045
v 0.368668 -0.127118 -0.000384
v 0.360375 -0.087488 -0.000956
v 0.356907 -0.088886 0.000019
v 0.361694 -0.087037 -0.001331
v 0.362278 -0.086406 -0.002769
v 0.354489 -0.090605 -0.002532
v 0.361396 -0.087265 -0.004068
v 0.254830 -0.197974 0.000550
v 0.254519 -0.203526 -0.002441
v 0.252599 -0.203390 0.000385
v 0.248161 -0.282349 0.001761
v 0.244175 -0.287909 -0.000733
v 0.241701 -0.279698 -0.000788
v 0.223195 -0.293124 0.002251
v 0.237505 -0.297947 0.001547
v 0.236486 -0.240025 0.003128
v 0.234156 -0.247496 0.001536
v -0.013623 -0.055615 0.001258
v -0.016774 -0.050661 0.003670
v 0.402036 -0.092007 -0.005862
v 0.386101 -0.106054 -0.000630
v 0.410513 -0.084007 -0.010327
v 0.406130 -0.087947 -0.010695
v 0.355883 -0.149943 -0.001070
v 0.373123 -0.082054 -0.006704
v 0.363579 -0.085995 -0.002741
v 0.250747 -0.203891 0.000175
v 0.268481 -0.188993 -0.008244
v 0.260819 -0.181765 -0.001571
v 0.253452 -0.213190 0.000318
v 0.250882 -0.212100 -0.002727
v 0.252516 -0.267741 -0.001987
v 0.258487 -0.263966 -0.000731
v 0.246613 -0.256722 0.000847
v 0.254240 -0.251949 -0.001219
v 0.244298 -0.262147 -0.001786
v 0.239446 -0.230549 0.001453
v 0.237339 -0.251812 0.003208
v 0.194693 -0.182164 -0.012420
v 0.193785 -0.181129 -0.008931
v 0.148928 -0.210689 -0.003566
v 0.140670 -0.208558 -0.001750
v 0.179946 -0.218677 -0.001801
v 0.181902 -0.220046 -0.000559
v 0.180458 -0.220425 0.001489
v -0.017218 -0.050170 -0.001735
v 0.375172 -0.079846 -0.005663
v 0.352896 -0.166305 -0.005361
v 0.359468 -0.166238 -0.008409
v 0.342203 -0.158104 -0.002593
v 0.347791 -0.241867 -0.003957
v 0.352527 -0.211702 -0.006710
v 0.351117 -0.236935 -0.005267
v 0.351495 -0.246938 -0.005862
v 0.324244 -0.118093 -0.035764
v 0.321328 -0.117219 -0.031784
v 0.323916 -0.121030 -0.030330
v 0.324338 -0.121927 -0.020910
v 0.331454 -0.155603 -0.003101
v 0.298796 -0.181569 0.001179
v 0.298892 -0.181221 0.001175
v 0.298729 -0.181603 0.001180
v 0.307198 -0.255407 -0.001734
v 0.260650 -0.220444 -0.000767
v 0.247516 -0.232351 0.000318
v 0.261858 -0.206721 -0.002541
v 0.262014 -0.212824 -0.003541
v 0.256889 -0.242537 -0.000243
v 0.261138 -0.262603 -0.002478
v 0.275980 -0.272108 -0.003542
v 0.285993 -0.287513 -0.007650
v 0.312212 -0.255532 -0.011896
v 0.232435 -0.202375 -0.000562
v 0.231869 -0.201645 -0.001253
v 0.230389 -0.202305 -0.000743
v 0.007584 -0.056561 -0.002846
v 0.003977 -0.060137 -0.003083
v 0.493357 -0.005547 -0.003661
v 0.499552 -0.005935 -0.004829
v 0.498076 -0.002701 -0.012598
v 0.486194 -0.033616 -0.024748
v 0.491495 -0.038230 -0.028632
v 0.347141 -0.204121 -0.003546
v 0.356757 -0.189982 -0.007826
v 0.318385 -0.336496 -0.005625
v 0.276563 -0.227893 -0.003390
v 0.275823 -0.234568 -0.004708
v 0.259396 -0.235737 -0.002107
v 0.275207 -0.234546 -0.006675
v 0.283176 -0.233294 -0.006778
v 0.285358 -0.215056 -0.006937
v 0.279851 -0.224022 -0.008361
v 0.284181 -0.220877 -0.008954
v 0.288088 -0.210726 -0.010743
v 0.285511 -0.193954 -0.008052
v 0.273073 -0.213054 -0.002448
v 0.173843 -0.185553 -0.001846
v 0.171558 -0.184820 -0.005166
v 0.168927 -0.188453 -0.002290
v 0.183061 -0.162924 -0.007825
v 0.194779 -0.158921 -0.008973
v 0.012127 -0.067289 -0.005356
v 0.013722 -0.069853 -0.005775
v 0.002898 -0.055065 -0.004505
v 0.024561 -0.074705 -0.010773
v 0.006600 -0.069186 -0.003630
v 0.006470 -0.065540 -0.003948
v 0.014502 -0.071583 -0.006199
v -0.000821 -0.063900 -0.002640
v 0.019815 -0.079295 -0.009655
v -0.029054 0.245448 -0.003052
v -0.000318 0.231484 -0.006550
v 0.012962 0.225446 -0.004464
v 0.008222 0.224471 -0.004552
v 0.028961 0.198744 -0.017893
v 0.021791 0.209299 -0.014720
v 0.022642 0.202855 -0.015716
v -0.037184 0.246197 -0.006535
v -0.031767 0.248241 -0.006138
v -0.049838 -0.062433 -0.005279
v -0.050108 -0.066216 -0.007022
v -0.055513 -0.066557 -0.007271
v 0.409428 -0.068029 -0.012774
v 0.414726 -0.064393 -0.016198
v 0.358796 -0.179846 -0.007516
v 0.355492 -0.184021 -0.009043
v 0.366297 -0.187038 -0.010449
v 0.356331 -0.198865 -0.006673
v 0.363823 -0.191179 -0.010730
v 0.357286 -0.153132 -0.009272
v 0.342155 -0.170451 -0.004847
v 0.353331 -0.172901 -0.008495
v 0.364715 -0.149658 -0.013500
v 0.358886 -0.163092 -0.006999
v 0.287111 -0.180735 -0.004688
v 0.278272 -0.187861 -0.006406
v 0.285681 -0.180649 -0.011581
v 0.270372 -0.217737 -0.006425
v 0.268382 -0.183293 -0.003357
v 0.271308 -0.273980 -0.007568
v 0.288369 -0.265963 -0.012066
v 0.281475 -0.234838 -0.010198
v 0.284900 -0.243434 -0.009531
v 0.297321 -0.275396 -0.015992
v 0.307881 -0.273242 -0.017759
v -0.039394 -0.137898 -0.007392
v -0.026620 -0.140607 -0.010708
v -0.057252 -0.117084 -0.014649
v -0.052343 -0.063416 -0.007002
v -0.067447 -0.077590 -0.022409
v -0.071674 -0.074010 -0.023370
v -0.067494 -0.071920 -0.021529
v -0.067932 -0.094454 -0.022810
v -0.062767 -0.093895 -0.028615
v 0.479467 -0.078065 -0.036762
v 0.475387 -0.077188 -0.038987
v 0.472705 -0.080520 -0.045602
v 0.348502 -0.324687 -0.006139
v 0.360024 -0.320293 -0.006097
v 0.386723 -0.310401 -0.014648
v 0.382808 -0.316961 -0.015880
v 0.409380 -0.300491 -0.023121
v 0.392738 -0.326441 -0.017095
v 0.358619 -0.212187 -0.007527
v 0.361662 -0.228983 -0.010694
v 0.371256 -0.225381 -0.011227
v 0.367997 -0.210226 -0.011803
v 0.356513 -0.237119 -0.007928
v 0.368664 -0.231592 -0.013008
v 0.357411 -0.234723 -0.006107
v 0.359151 -0.240087 -0.007043
v 0.359980 -0.233461 -0.009080
v 0.354952 -0.284416 -0.006665
v 0.357533 -0.264106 -0.007834
v 0.357290 -0.274948 -0.008702
v 0.358311 -0.242272 -0.009224
v 0.357021 -0.267882 -0.008761
v 0.360608 -0.255486 -0.009780
v 0.357187 -0.323547 -0.007863
v 0.345305 -0.240427 -0.005399
v 0.306690 -0.135802 -0.011126
v 0.307972 -0.142630 -0.038359
v 0.305252 -0.141646 -0.034653
v 0.308755 -0.139895 -0.037031
v 0.292591 -0.194151 -0.009218
v 0.294234 -0.174305 -0.011928
v 0.300469 -0.178521 -0.013720
v 0.301467 -0.271681 -0.012755
v 0.324385 -0.244803 -0.020426
v 0.313200 -0.292332 -0.014318
v 0.287686 -0.298439 -0.011748
v 0.296605 -0.313986 -0.011645
v 0.304118 -0.309387 -0.015547
v 0.287543 -0.233827 -0.009337
v 0.296692 -0.215562 -0.011643
v -0.044287 -0.134237 -0.013798
v -0.057320 -0.122635 -0.014870
v -0.046592 -0.140478 -0.003181
v 0.376218 -0.301451 -0.012035
v 0.378299 -0.279279 -0.013334
v 0.377720 -0.274373 -0.013938
v 0.380738 -0.265291 -0.015716
v 0.350323 -0.248486 -0.006866
v 0.362490 -0.305318 -0.010290
v 0.370360 -0.324874 -0.012498
v 0.369465 -0.281385 -0.014008
v 0.377394 -0.166660 -0.014496
v 0.372365 -0.160346 -0.011965
v 0.365251 -0.146248 -0.010453
v 0.369977 -0.154300 -0.011274
v 0.372777 -0.150752 -0.012101
v 0.370373 -0.157041 -0.011688
v 0.368359 -0.161102 -0.011676
v 0.356739 -0.272190 -0.007301
v 0.290646 -0.239934 -0.009517
v 0.200080 -0.176959 -0.010545
v 0.221879 -0.154809 -0.017389
v 0.021130 -0.110944 -0.012493
v 0.017039 -0.112734 -0.011607
v 0.018123 -0.114716 -0.007461
v 0.004100 -0.129382 -0.014901
v 0.005267 -0.135837 -0.010282
v -0.009025 -0.136987 -0.007699
v -0.026200 -0.148043 -0.009160
v -0.056740 0.245430 -0.016595
v -0.056543 0.249547 -0.017827
v -0.049478 0.249370 -0.010589
v -0.067229 0.240181 -0.019162
v -0.076511 0.234829 -0.030413
v -0.072477 0.230573 -0.026451
v -0.073136 0.232812 -0.034014
v -0.082362 0.225313 -0.040688
v 0.383809 -0.077215 -0.005462
v 0.412134 -0.060703 -0.015886
v 0.434122 -0.053546 -0.024295
v 0.434736 -0.054895 -0.017241
v 0.363058 -0.227898 -0.010063
v 0.369966 -0.198798 -0.010847
v 0.374683 -0.179661 -0.014886
v 0.365462 -0.198564 -0.011433
v 0.364728 -0.278949 -0.010146
v 0.374685 -0.253702 -0.013147
v 0.362349 -0.161641 -0.012357
v 0.373875 -0.161254 -0.014956
v 0.316451 -0.185067 -0.016713
v 0.350206 -0.206944 -0.030697
v 0.325276 -0.230295 -0.022879
v 0.323368 -0.207350 -0.019641
v 0.312521 -0.236917 -0.015245
v 0.289472 -0.216937 -0.011454
v 0.236987 -0.140363 -0.018426
v 0.206923 -0.150547 -0.016108
v 0.381140 -0.330277 -0.015741
v 0.376111 -0.202082 -0.014003
v 0.376597 -0.208101 -0.016048
v 0.384969 -0.190564 -0.016738
v 0.378554 -0.145060 -0.013365
v 0.377011 -0.147131 -0.013258
v 0.375028 -0.149177 -0.012720
v 0.378758 -0.155007 -0.013764
v 0.375935 -0.144736 -0.013713
v 0.368353 -0.139403 -0.022333
v 0.313080 -0.332044 -0.018844
v 0.300240 -0.324026 -0.014278
v 0.300603 -0.218187 -0.016400
v 0.298362 -0.207446 -0.014270
v 0.313277 -0.178336 -0.019772
v 0.398655 -0.326171 -0.025941
v 0.385766 -0.136434 -0.021372
v 0.390202 -0.143391 -0.018516
v 0.337493 -0.246303 -0.026885
v 0.341888 -0.219138 -0.029436
v 0.347917 -0.231492 -0.029228
v 0.351334 -0.228130 -0.031160
v 0.312649 -0.321586 -0.014784
v 0.350766 -0.291652 -0.030370
v 0.309688 -0.159652 -0.014708
v 0.296334 -0.190029 -0.014514
v 0.314488 -0.288484 -0.021111
v 0.322388 -0.321172 -0.020822
v 0.339477 -0.329291 -0.030056
v 0.348558 -0.326750 -0.029600
v 0.350220 -0.297367 -0.032908
v 0.013236 0.229732 -0.012244
v -0.020111 0.251052 -0.014583
v 0.019723 0.236272 -0.017244
v 0.021790 0.219978 -0.025439
v 0.019360 0.210299 -0.019979
v 0.013187 0.238290 -0.024149
v -0.024523 0.244636 -0.027476
v -0.028073 0.249374 -0.022298
v -0.003810 0.226031 -0.025563
v 0.022020 0.195188 -0.033031
v 0.008140 0.229504 -0.030011
v 0.031378 0.170756 -0.037325
v 0.030388 0.168861 -0.043902
v 0.041303 0.172666 -0.039134
v -0.043574 -0.136162 -0.011230
v -0.038217 -0.141026 -0.017789
v 0.435045 -0.079733 -0.026178
v 0.432040 -0.082187 -0.023528
v 0.461052 -0.086033 -0.049535
v 0.433559 -0.081445 -0.028950
v 0.456760 -0.085890 -0.052160
v 0.466596 -0.086835 -0.058275
v 0.457260 -0.079874 -0.058120
v 0.389194 -0.268027 -0.016394
v 0.413202 -0.257020 -0.028356
v 0.414376 -0.252748 -0.028594
v 0.407066 -0.264445 -0.023554
v 0.417514 -0.267731 -0.026741
v 0.420847 -0.269028 -0.030177
v 0.426232 -0.262508 -0.032223
v 0.446493 -0.273139 -0.038600
v 0.434769 -0.289221 -0.032544
v 0.425126 -0.304602 -0.032025
v 0.409777 -0.318721 -0.027441
v 0.390087 -0.252850 -0.016560
v 0.386241 -0.252106 -0.018585
v 0.393252 -0.255902 -0.018655
v 0.381224 -0.269826 -0.016567
v 0.381576 -0.218607 -0.015983
v 0.386670 -0.247706 -0.016626
v 0.409696 -0.250658 -0.022842
v 0.416913 -0.232482 -0.026406
v 0.426426 -0.239027 -0.030092
v 0.410599 -0.231425 -0.026974
v 0.379582 -0.222789 -0.017998
v 0.389300 -0.201537 -0.019106
v 0.387629 -0.224885 -0.016537
v 0.386298 -0.198993 -0.017446
v 0.398478 -0.207749 -0.020315
v 0.391112 -0.201612 -0.018451
v 0.398763 -0.207842 -0.026653
v 0.414485 -0.219508 -0.028914
v 0.421521 -0.243738 -0.030543
v 0.391631 -0.244945 -0.023250
v 0.386616 -0.169711 -0.016982
v 0.381640 -0.180101 -0.016506
v 0.381828 -0.176294 -0.016341
v 0.389743 -0.292452 -0.019375
v 0.397471 -0.306791 -0.024870
v 0.327365 -0.156911 -0.021640
v 0.315374 -0.147826 -0.018589
v 0.347173 -0.260959 -0.029125
v 0.345296 -0.248958 -0.029732
v 0.343849 -0.237526 -0.029704
v 0.313879 -0.223848 -0.019501
v 0.215181 -0.158798 -0.020309
v -0.024274 0.239195 -0.016379
v -0.032012 0.261239 -0.020844
v 0.387743 -0.189517 -0.017325
v 0.392651 -0.185607 -0.019761
v 0.378702 -0.188104 -0.016622
v 0.378474 -0.185944 -0.016297
v 0.378818 -0.185940 -0.016770
v 0.333461 -0.172547 -0.024631
v 0.339281 -0.175529 -0.025675
v 0.333115 -0.188528 -0.026182
v 0.343849 -0.175573 -0.028594
v 0.334668 -0.154324 -0.023207
v 0.215495 -0.146576 -0.014768
v 0.253613 -0.130937 -0.021728
v 0.273786 -0.123957 -0.023410
v 0.279743 -0.119630 -0.025883
v 0.253518 -0.131931 -0.023749
v 0.248097 -0.139947 -0.024664
v 0.019626 0.147899 -0.024049
v -0.048733 0.236584 -0.027478
v -0.051249 0.237603 -0.040390
v -0.050798 0.225986 -0.032993
v -0.082593 0.218497 -0.057872
v -0.078256 0.214588 -0.050250
v 0.446193 -0.052807 -0.022193
v 0.467589 -0.040826 -0.029305
v 0.414066 -0.329235 -0.024829
v 0.428375 -0.328114 -0.033574
v 0.419453 -0.318863 -0.031314
v 0.410190 -0.175018 -0.023213
v 0.401248 -0.172181 -0.020818
v 0.415126 -0.159500 -0.028972
v 0.391123 -0.173793 -0.019176
v 0.392867 -0.144264 -0.019695
v 0.401074 -0.137123 -0.023332
v 0.408505 -0.130128 -0.024314
v 0.410151 -0.132278 -0.031610
v 0.424675 -0.127521 -0.030956
v 0.391166 -0.157882 -0.021819
v 0.042781 0.176619 -0.028898
v 0.041398 0.189792 -0.022510
v -0.001132 -0.044326 -0.023028
v -0.027921 -0.046376 -0.022823
v -0.019387 -0.040622 -0.020674
v -0.036130 -0.044274 -0.024384
v -0.051930 -0.079586 -0.057343
v -0.043218 -0.062574 -0.035620
v 0.440515 -0.048070 -0.023528
v 0.417687 -0.214555 -0.029487
v 0.423046 -0.200958 -0.032301
v 0.410589 -0.212048 -0.023901
v 0.424973 -0.198599 -0.027591
v 0.414805 -0.197325 -0.029057
v 0.423530 -0.185685 -0.032278
v 0.416088 -0.179423 -0.029191
v 0.389208 -0.178914 -0.020263
v 0.398900 -0.190265 -0.025103
v 0.415275 -0.229450 -0.029099
v 0.401659 -0.165038 -0.025878
v 0.425622 -0.164112 -0.033070
v 0.437134 -0.166364 -0.037228
v 0.430000 -0.275407 -0.032631
v 0.422297 -0.289217 -0.032172
v 0.396724 -0.271036 -0.023607
v 0.442970 -0.296462 -0.040083
v 0.359166 -0.146645 -0.034348
v 0.364610 -0.153609 -0.036077
v 0.353958 -0.282414 -0.034340
v 0.352101 -0.280021 -0.033261
v 0.362686 -0.285049 -0.036509
v 0.351427 -0.305977 -0.033043
v 0.050195 0.151823 -0.022192
v 0.036531 0.197252 -0.027203
v 0.042557 0.175566 -0.048530
v 0.045328 0.177084 -0.051860
v 0.049937 0.183656 -0.072944
v 0.020780 -0.068489 -0.029555
v 0.020399 -0.062490 -0.026537
v 0.023125 -0.062901 -0.029733
v 0.026747 -0.084586 -0.033556
v 0.001674 -0.050267 -0.024982
v -0.055650 -0.077051 -0.061421
v -0.054611 -0.064279 -0.048048
v -0.038971 -0.054920 -0.052626
v -0.042430 -0.048324 -0.052144
v -0.054778 -0.087262 -0.061205
v -0.056558 -0.084239 -0.064559
v -0.049631 -0.087839 -0.064035
v -0.049318 -0.062496 -0.062285
v -0.018605 -0.035581 -0.047718
v -0.015709 -0.034301 -0.045274
v -0.022177 -0.032520 -0.047314
v 0.434260 -0.188173 -0.034682
v 0.395012 -0.134211 -0.027733
v 0.353539 -0.142012 -0.029665
v 0.337462 -0.147112 -0.029099
v 0.366677 -0.152932 -0.035672
v 0.343157 -0.189404 -0.029194
v 0.344028 -0.197233 -0.029951
v 0.342221 -0.182769 -0.030025
v 0.330871 -0.223195 -0.025967
v 0.328732 -0.244934 -0.026536
v 0.252178 -0.190351 -0.022634
v 0.273490 -0.174108 -0.026640
v 0.262064 -0.182647 -0.028908
v 0.031683 0.153279 -0.040804
v -0.014970 0.146002 -0.044805
v 0.048912 0.159358 -0.065840
v 0.044425 0.147211 -0.052432
v 0.049319 0.172910 -0.083183
v 0.054244 0.155343 -0.048399
v 0.068641 0.166976 -0.080081
v 0.059909 0.161246 -0.087040
v 0.030218 -0.088782 -0.026639
v 0.026222 -0.088233 -0.027096
v 0.027167 -0.102326 -0.027234
v -0.012294 0.145728 -0.035020
v 0.423665 -0.315097 -0.030457
v 0.451287 -0.317487 -0.039067
v 0.445104 -0.319361 -0.042180
v 0.449261 -0.294155 -0.039560
v 0.458172 -0.290237 -0.043081
v 0.456589 -0.315554 -0.043560
v 0.454444 -0.285457 -0.042531
v 0.454660 -0.269165 -0.043382
v 0.455795 -0.271098 -0.039731
v 0.422034 -0.227795 -0.028921
v 0.425433 -0.236373 -0.032874
v 0.351961 -0.243600 -0.032427
v 0.361328 -0.270763 -0.035623
v 0.358866 -0.280402 -0.034811
v 0.346063 -0.200399 -0.029876
v 0.343315 -0.185517 -0.027331
v 0.349107 -0.192000 -0.030784
v 0.349387 -0.192896 -0.031955
v 0.346088 -0.263171 -0.031183
v 0.343366 -0.245392 -0.031255
v 0.345670 -0.246834 -0.028005
v 0.310614 -0.103059 -0.032513
v 0.330838 -0.095416 -0.037154
v 0.335833 -0.092832 -0.040698
v 0.350486 -0.085199 -0.042952
v 0.362591 -0.082793 -0.047960
v 0.366886 -0.081200 -0.046533
v 0.435570 -0.240648 -0.035873
v 0.446925 -0.230494 -0.039369
v 0.439609 -0.240103 -0.036705
v 0.432119 -0.250531 -0.031850
v 0.425199 -0.249979 -0.033176
v 0.417199 -0.253739 -0.029129
v 0.442305 -0.257785 -0.036734
v 0.427567 -0.199848 -0.034499
v 0.438110 -0.208147 -0.038901
v 0.364740 -0.162733 -0.036322
v 0.364616 -0.187456 -0.037896
v 0.352121 -0.191193 -0.032602
v 0.354102 -0.191614 -0.032415
v 0.348679 -0.189937 -0.030836
v 0.353475 -0.189304 -0.033144
v 0.330969 -0.173420 -0.025923
v 0.335946 -0.177704 -0.028653
v 0.303851 -0.112452 -0.028926
v 0.304210 -0.142957 -0.039371
v -0.034316 0.156915 -0.039157
v -0.036749 -0.045718 -0.020921
v 0.434977 -0.249622 -0.034212
v 0.351521 -0.215870 -0.031231
v 0.350487 -0.221830 -0.032678
v 0.347031 -0.280732 -0.030996
v 0.356072 -0.269414 -0.034413
v 0.364102 -0.233950 -0.037424
v 0.050995 0.171865 -0.027157
v -0.002590 -0.129370 -0.035560
v 0.431485 -0.155648 -0.031876
v 0.433852 -0.140347 -0.034558
v 0.424072 -0.155617 -0.031740
v 0.446926 -0.201375 -0.039467
v 0.452303 -0.188300 -0.041202
v 0.446417 -0.179806 -0.040180
v 0.438011 -0.159589 -0.035257
v 0.429207 -0.176372 -0.031518
v 0.420073 -0.124330 -0.033060
v 0.437660 -0.240897 -0.037576
v 0.361095 -0.308111 -0.036077
v 0.362111 -0.183307 -0.035654
v 0.353044 -0.226615 -0.032145
v 0.351157 -0.185637 -0.031748
v 0.364399 -0.165353 -0.037548
v 0.356514 -0.171930 -0.034114
v 0.022100 0.234054 -0.045102
v 0.019795 -0.109699 -0.057444
v 0.451720 -0.124015 -0.041232
v 0.432306 -0.119515 -0.034163
v 0.429769 -0.121273 -0.039038
v 0.434468 -0.150338 -0.036996
v 0.366459 -0.332571 -0.046919
v 0.363085 -0.332249 -0.036352
v 0.378286 -0.332233 -0.034731
v 0.363773 -0.315568 -0.036738
v 0.377535 -0.146514 -0.034826
v 0.379216 -0.150576 -0.041484
v 0.376538 -0.144422 -0.040814
v 0.368628 -0.148562 -0.039485
v -0.091612 0.218077 -0.044049
v -0.093406 0.227143 -0.047059
v -0.084392 0.216106 -0.048693
v -0.088385 0.208875 -0.056404
v -0.091223 0.196404 -0.059604
v -0.091076 0.167254 -0.074545
v -0.095595 0.170738 -0.081123
v -0.100648 0.171472 -0.075725
v -0.101615 0.202955 -0.065118
v -0.091811 0.220806 -0.052417
v 0.440396 -0.248577 -0.037495
v 0.445308 -0.245513 -0.037842
v 0.448150 -0.249030 -0.040093
v 0.441411 -0.247478 -0.038482
v 0.440291 -0.153305 -0.039558
v 0.449642 -0.159089 -0.039782
v 0.440306 -0.162349 -0.037858
v 0.441520 -0.119158 -0.042305
v 0.375548 -0.332474 -0.047617
v 0.369763 -0.277559 -0.048986
v 0.383236 -0.112632 -0.042952
v 0.378425 -0.126541 -0.044368
v 0.374128 -0.147403 -0.033961
v 0.365507 -0.174156 -0.045153
v -0.006933 0.184221 -0.111804
v -0.067809 0.161872 -0.072787
v -0.091295 0.175820 -0.105044
v -0.048612 0.160335 -0.066462
v 0.478783 -0.315664 -0.036317
v 0.485830 -0.315364 -0.055799
v 0.485139 -0.315779 -0.041846
v 0.474200 -0.315695 -0.040309
v 0.473516 -0.315480 -0.056934
v 0.481929 -0.315610 -0.059044
v 0.472449 -0.210145 -0.045759
v 0.485767 -0.078222 -0.055392
v 0.485177 -0.076830 -0.042748
v 0.483281 -0.187562 -0.039779
v 0.472903 -0.084872 -0.055142
v 0.481248 -0.121321 -0.059336
v 0.440241 -0.175221 -0.038297
v 0.460766 -0.207765 -0.045531
v 0.050628 0.157452 -0.041767
v 0.048435 0.135664 -0.047740
v 0.042226 0.118754 -0.064357
v 0.056097 0.123256 -0.058571
v 0.051872 0.122768 -0.062864
v 0.056706 0.120596 -0.048293
v 0.047544 0.120323 -0.052141
v 0.041121 0.126460 -0.052138
v 0.473215 -0.209307 -0.056575
v 0.449069 -0.114324 -0.039897
v 0.458081 -0.116662 -0.042777
v 0.454559 -0.126144 -0.043625
v 0.454559 -0.126144 -0.043633
v 0.454559 -0.126144 -0.043629
v 0.449858 -0.209595 -0.039462
v 0.463404 -0.207554 -0.045452
v 0.464294 -0.208365 -0.045012
v 0.450786 -0.116834 -0.046403
v 0.370647 -0.140151 -0.049840
v 0.376782 -0.138439 -0.045532
v 0.377567 -0.099298 -0.060011
v -0.083439 0.161570 -0.063043
v -0.055764 0.146183 -0.049830
v -0.052503 0.142127 -0.058516
v -0.027639 -0.123069 -0.039495
v -0.036928 -0.119198 -0.047028
v -0.052153 -0.112037 -0.052710
v -0.050334 -0.103968 -0.055113
v -0.060697 -0.078830 -0.060997
v -0.084083 0.212867 -0.039294
v -0.084423 0.215004 -0.041829
v -0.084969 0.211332 -0.041768
v 0.456907 -0.267433 -0.042619
v 0.454666 -0.246679 -0.041770
v 0.454459 -0.233988 -0.042233
v 0.454348 -0.139871 -0.042921
v 0.453559 -0.136316 -0.043199
v 0.458910 -0.141917 -0.044371
v 0.461960 -0.182923 -0.045040
v 0.450807 -0.230402 -0.040552
v 0.450352 -0.225643 -0.040513
v 0.447910 -0.224139 -0.040000
v 0.449688 -0.173389 -0.040600
v 0.449823 -0.172605 -0.040599
v 0.449576 -0.172531 -0.040482
v -0.084952 0.225379 -0.052689
v 0.462319 -0.144599 -0.046259
v 0.456706 -0.107137 -0.043294
v 0.456620 -0.112355 -0.046277
v 0.453797 -0.111678 -0.051560
v 0.455706 -0.170943 -0.042867
v 0.453601 -0.171201 -0.042348
v 0.453990 -0.168421 -0.042166
v 0.454559 -0.126144 -0.043621
v 0.464481 -0.195466 -0.046379
v 0.392016 -0.084105 -0.053701
v 0.389199 -0.095349 -0.050771
v 0.395442 -0.084745 -0.051180
v 0.043124 0.202571 -0.044077
v 0.041793 0.204891 -0.047618
v 0.024069 0.235978 -0.050670
v 0.027116 0.234326 -0.047621
v 0.010368 0.253053 -0.047754
v 0.029442 0.243266 -0.048440
v -0.002723 0.257548 -0.050100
v 0.477189 -0.080803 -0.059339
v 0.464777 -0.315500 -0.046659
v 0.463222 -0.265569 -0.045351
v 0.463958 -0.110200 -0.046330
v 0.461270 -0.144169 -0.044752
v 0.460849 -0.138324 -0.044956
v 0.337706 -0.087487 -0.047254
v 0.374590 -0.071481 -0.052296
v 0.360000 -0.080126 -0.057512
v 0.374752 -0.074303 -0.055067
v 0.043603 0.175191 -0.046616
v -0.101614 0.200182 -0.060632
v 0.466888 -0.032708 -0.070782
v 0.481070 -0.078588 -0.052578
v 0.468641 -0.075971 -0.055410
v 0.021085 -0.088612 -0.053795
v 0.027155 -0.071561 -0.048437
v 0.024953 -0.072729 -0.049590
v 0.027559 -0.072774 -0.051201
v 0.021350 -0.085709 -0.056030
v 0.021194 -0.089892 -0.058805
v 0.020151 -0.047340 -0.056972
v -0.017884 0.263766 -0.055593
v -0.015844 0.266036 -0.052424
v -0.045258 0.258204 -0.070459
v -0.039887 0.257259 -0.065825
v -0.043035 0.258021 -0.065620
v -0.089028 0.158163 -0.075226
v -0.099862 0.158273 -0.085987
v -0.103221 0.157000 -0.075871
v 0.432240 -0.078168 -0.058246
v 0.435160 -0.083930 -0.057530
v 0.399309 -0.084766 -0.056277
v 0.433268 -0.084620 -0.057788
v -0.065219 0.149823 -0.056092
v -0.084684 0.194904 -0.052236
v -0.087734 0.199093 -0.054402
v -0.088827 0.198155 -0.051333
v 0.419741 -0.052091 -0.059863
v 0.384935 -0.071091 -0.056918
v 0.377012 -0.070926 -0.049728
v 0.413583 -0.058194 -0.059237
v 0.432729 -0.049939 -0.061662
v 0.064204 0.186378 -0.067565
v 0.006177 -0.094934 -0.089692
v 0.019643 -0.055372 -0.057489
v 0.020836 -0.052433 -0.059277
v 0.023667 -0.101207 -0.068220
v 0.386545 -0.065796 -0.056501
v 0.388266 -0.065762 -0.058907
v 0.384723 -0.066109 -0.056232
v 0.472037 -0.037186 -0.073673
v 0.466111 -0.035356 -0.080946
v 0.399058 -0.061694 -0.060990
v 0.392727 -0.063923 -0.058763
v 0.390222 -0.064301 -0.058728
v 0.394660 -0.064158 -0.061406
v 0.038626 0.102815 -0.066605
v 0.053403 0.079268 -0.074837
v 0.046128 0.082883 -0.083550
v 0.054834 0.082588 -0.084440
v 0.436728 -0.043235 -0.062992
v 0.432304 -0.048312 -0.070693
v 0.429796 -0.047598 -0.065270
v 0.461706 -0.036183 -0.071820
v 0.422165 -0.052410 -0.067953
v 0.397093 -0.063244 -0.062096
v 0.396261 -0.063512 -0.061882
v 0.396281 -0.063548 -0.062124
v 0.047529 0.210220 -0.066070
v 0.048227 0.183852 -0.070859
v 0.047160 0.182452 -0.075095
v 0.033133 0.232720 -0.064528
v 0.035317 0.233559 -0.067304
v 0.037833 0.231844 -0.062028
v 0.018550 0.252174 -0.075253
v 0.022930 0.251909 -0.073473
v 0.012873 0.255915 -0.073819
v -0.008056 0.263907 -0.082486
v -0.016602 0.269972 -0.089275
v -0.017810 0.269656 -0.086668
v -0.049514 -0.087747 -0.084220
v -0.048068 -0.092793 -0.087761
v 0.045167 0.074537 -0.067852
v 0.044438 0.105189 -0.075140
v 0.040692 0.075487 -0.072224
v 0.019232 -0.040012 -0.069269
v 0.026828 -0.061174 -0.069116
v -0.009517 -0.020724 -0.067882
v -0.002920 -0.025821 -0.069284
v 0.000789 -0.113444 -0.067822
v -0.031858 -0.112912 -0.068489
v 0.006472 -0.109932 -0.070170
v 0.002764 -0.114423 -0.070761
v 0.019093 -0.101830 -0.075353
v 0.018981 -0.093478 -0.073916
v 0.022313 -0.098498 -0.071488
v 0.024984 -0.069150 -0.091303
v -0.068453 0.238568 -0.090264
v -0.077124 0.222379 -0.081889
v 0.027846 0.074874 -0.081913
v 0.013010 0.081157 -0.095073
v 0.025576 0.100959 -0.080888
v -0.024727 -0.018759 -0.079067
v -0.034597 -0.022719 -0.081085
v 0.033244 0.233710 -0.068492
v 0.045987 0.233909 -0.102770
v 0.045942 0.234648 -0.089044
v 0.048788 0.232867 -0.103957
v 0.046910 0.232688 -0.105279
v 0.058789 0.178553 -0.090192
v 0.072236 0.197535 -0.095169
v 0.066846 0.196289 -0.096077
v -0.054035 -0.069783 -0.075676
v -0.056049 -0.070410 -0.079261
v -0.048736 -0.047530 -0.073538
v -0.037831 -0.023447 -0.082839
v -0.062308 -0.070336 -0.078447
v -0.088540 0.200617 -0.096839
v -0.089456 0.203453 -0.093695
v -0.091884 0.178437 -0.110277
v -0.079904 0.225142 -0.084407
v -0.034764 -0.019970 -0.082481
v -0.045264 -0.091323 -0.091813
v -0.088080 0.162178 -0.082920
v -0.070423 0.165174 -0.095289
v -0.070831 0.127471 -0.088954
v -0.097774 0.165299 -0.086962
v -0.086713 0.170810 -0.118414
v -0.091904 0.170759 -0.112301
v -0.090283 0.172042 -0.116200
v 0.061876 0.141428 -0.080103
v 0.064438 0.125827 -0.092057
v 0.051266 0.103958 -0.102589
v 0.067574 0.118949 -0.096047
v 0.045518 0.099888 -0.108394
v 0.049851 0.105640 -0.105818
v 0.085536 0.212165 -0.132967
v 0.042360 0.249178 -0.101072
v -0.042015 0.160885 -0.092595
v 0.066792 0.124821 -0.094408
v 0.027039 0.074111 -0.090839
v 0.011893 0.083546 -0.084468
v -0.007070 0.073907 -0.103671
v 0.015744 0.074200 -0.084062
v -0.057482 0.077108 -0.111194
v -0.021230 0.083434 -0.106283
v -0.054587 0.084074 -0.101711
v -0.012886 0.083797 -0.089507
v -0.041702 0.261457 -0.092565
v -0.000008 -0.023635 -0.086410
v -0.001845 -0.020947 -0.087514
v -0.002879 -0.023630 -0.088442
v -0.070580 0.236448 -0.087141
v -0.070792 0.231415 -0.089210
v 0.070982 0.195101 -0.131190
v -0.015182 0.159644 -0.078640
v -0.070715 0.182869 -0.164301
v -0.082574 0.187901 -0.160026
v -0.007559 0.198344 -0.178434
v 0.039478 0.250121 -0.104238
v 0.041669 0.253771 -0.105927
v 0.048356 0.234248 -0.106500
v -0.036910 0.183588 -0.122443
v -0.076262 0.184047 -0.130581
v -0.065111 0.193328 -0.156023
v -0.033303 0.220709 -0.223780
v -0.004020 0.214365 -0.190807
v -0.069720 0.108943 -0.109787
v -0.063536 0.104249 -0.098300
v -0.061358 0.109997 -0.103224
v -0.065270 0.093629 -0.109203
v -0.071667 0.107248 -0.106752
v 0.029744 -0.066916 -0.091026
v 0.025408 -0.046971 -0.090531
v 0.024873 -0.050192 -0.092951
v 0.032417 -0.056667 -0.095674
v 0.019332 -0.043678 -0.093561
v 0.021642 -0.049953 -0.092204
v -0.026690 -0.106543 -0.092178
v -0.042855 -0.097612 -0.093868
v -0.025006 -0.103018 -0.092892
v -0.001866 -0.101005 -0.094604
v -0.003913 -0.098853 -0.096416
v -0.006354 -0.101994 -0.092822
v -0.075729 0.224691 -0.102823
v 0.066440 0.169814 -0.096506
v 0.065734 0.172653 -0.105078
v 0.068483 0.171625 -0.105849
v -0.049749 0.252292 -0.097866
v -0.039330 0.265322 -0.094261
v -0.068615 0.235825 -0.106697
v -0.060912 -0.060256 -0.093980
v -0.053606 -0.035266 -0.100411
v 0.030800 -0.066545 -0.096102
v 0.027506 -0.066753 -0.094057
v -0.043374 -0.092551 -0.094123
v -0.028010 -0.094753 -0.118355
v -0.024240 -0.096439 -0.119753
v -0.042619 -0.089655 -0.099045
v -0.041449 -0.089414 -0.094454
v -0.057184 -0.079575 -0.117947
v -0.063940 -0.069540 -0.118560
v -0.058024 -0.079572 -0.112386
v -0.040381 -0.023318 -0.108263
v 0.017263 -0.074495 -0.097452
v 0.013193 -0.083106 -0.099825
v 0.011111 -0.079526 -0.100896
v 0.007843 -0.081727 -0.098824
v -0.002331 -0.093275 -0.116399
v -0.034932 -0.017074 -0.109554
v -0.040643 -0.022787 -0.110823
v -0.013174 -0.014119 -0.106264
v -0.014265 -0.012612 -0.105054
v -0.017711 -0.015319 -0.105184
v -0.061139 0.096670 -0.102650
v -0.059143 0.096712 -0.099787
v -0.058030 0.092628 -0.103396
v -0.060198 0.094856 -0.100460
v 0.010591 -0.029019 -0.101893
v -0.005503 -0.016801 -0.122689
v -0.006333 -0.014827 -0.121543
v -0.039652 -0.014554 -0.135734
v -0.034486 -0.018243 -0.135583
v -0.005111 -0.012793 -0.125776
v 0.009251 -0.031128 -0.099432
v 0.002118 -0.020878 -0.099859
v -0.075779 0.224610 -0.117740
v -0.076554 0.219844 -0.121948
v -0.069812 0.236582 -0.171756
v -0.073537 0.229160 -0.118798
v 0.065097 0.212307 -0.114070
v 0.067863 0.216972 -0.119327
v 0.065940 0.198835 -0.106262
v -0.017755 0.084792 -0.107091
v -0.022271 0.083949 -0.110662
v -0.054066 0.082216 -0.120783
v -0.056481 0.078873 -0.119622
v -0.049688 0.090677 -0.109096
v 0.066290 0.169198 -0.103247
v 0.068198 0.146396 -0.107222
v 0.058362 0.204111 -0.105543
v 0.049070 0.232681 -0.106635
v 0.010569 0.277198 -0.108399
v -0.017671 0.288396 -0.117540
v 0.015896 0.275731 -0.109868
v 0.008100 0.276051 -0.110573
v 0.067038 0.139064 -0.112320
v -0.042830 0.097243 -0.121694
v -0.042358 0.090521 -0.117594
v -0.059344 0.113566 -0.126079
v -0.042187 0.093544 -0.122552
v -0.081976 0.139578 -0.124169
v -0.079102 0.134133 -0.129568
v -0.063634 0.120863 -0.129763
v -0.075318 0.138501 -0.127711
v -0.062819 0.112380 -0.128691
v 0.054099 0.120931 -0.125682
v 0.055740 0.121571 -0.120818
v 0.053290 0.122323 -0.123183
v 0.058697 0.233084 -0.126102
v 0.046261 0.249494 -0.115389
v 0.089987 0.221027 -0.157100
v 0.088670 0.205555 -0.138950
v 0.085464 0.204546 -0.151747
v 0.033876 0.227498 -0.233588
v 0.002871 0.095044 -0.122250
v -0.002925 0.093702 -0.126608
v -0.036909 0.109174 -0.145446
v -0.054711 0.119998 -0.153584
v -0.029011 0.101499 -0.139445
v -0.005805 0.093419 -0.124055
v 0.075379 0.178637 -0.128555
v 0.075246 0.182522 -0.129542
v 0.075812 0.178905 -0.132225
v 0.065825 0.227312 -0.132750
v -0.023785 0.286039 -0.123735
v -0.027571 -0.095246 -0.122950
v -0.049687 -0.080715 -0.120194
v -0.044134 -0.088678 -0.121975
v -0.042660 -0.084398 -0.121494
v -0.021826 -0.094932 -0.124268
v -0.084736 0.152995 -0.122683
v 0.014293 -0.087342 -0.122069
v 0.003987 -0.096304 -0.122859
v -0.001422 -0.095949 -0.126946
v -0.024355 0.289373 -0.122585
v -0.047980 0.263491 -0.135564
v -0.041476 0.273608 -0.135254
v -0.063899 -0.066825 -0.123204
v -0.059855 -0.062458 -0.123522
v -0.060227 -0.050634 -0.120226
v -0.059429 -0.045614 -0.126139
v -0.060059 -0.045311 -0.121794
v -0.073621 0.199346 -0.143666
v -0.073590 0.199913 -0.148454
v -0.077391 0.225885 -0.116925
v -0.072959 0.233262 -0.150978
v -0.048175 -0.092736 -0.121999
v -0.056194 -0.061293 -0.125462
v -0.055157 -0.046729 -0.125974
v -0.045914 -0.091220 -0.125278
v -0.082559 0.188153 -0.126380
v -0.074832 0.194375 -0.145270
v -0.075570 0.199448 -0.147903
v 0.055532 0.249873 -0.134927
v 0.054513 0.252495 -0.133697
v 0.054556 0.253038 -0.135730
v 0.065415 0.228904 -0.136623
v 0.063503 0.224583 -0.136947
v 0.053713 0.247656 -0.135671
v -0.014044 -0.093378 -0.159949
v -0.013004 -0.095202 -0.158610
v -0.018652 -0.095338 -0.158990
v -0.053544 -0.041186 -0.130055
v 0.072560 0.193356 -0.128624
v 0.074478 0.156999 -0.136498
v 0.074962 0.158892 -0.132161
v 0.064301 0.134343 -0.146374
v 0.064452 0.134076 -0.143216
v 0.059639 0.134923 -0.145739
v 0.085953 0.184880 -0.150477
v 0.084535 0.188310 -0.153745
v 0.069962 0.233119 -0.142009
v 0.069467 0.250957 -0.161886
v 0.069639 0.255693 -0.162573
v 0.068945 0.254021 -0.162191
v 0.023278 0.116113 -0.155941
v 0.016983 0.117349 -0.154596
v 0.030973 -0.069415 -0.133277
v 0.032883 -0.056437 -0.134105
v 0.020430 -0.026610 -0.131981
v 0.030825 -0.063309 -0.133932
v 0.017292 -0.024534 -0.136494
v 0.013058 -0.023131 -0.135790
v -0.003493 -0.006463 -0.148038
v -0.004739 -0.009212 -0.149255
v -0.017111 -0.004530 -0.153195
v -0.031965 -0.007607 -0.165717
v -0.046024 -0.019195 -0.138193
v -0.043184 -0.024984 -0.139735
v -0.054045 0.260647 -0.140149
v -0.061185 0.243432 -0.140513
v -0.063266 0.239806 -0.146368
v 0.029994 0.281726 -0.138648
v 0.025193 -0.080567 -0.135716
v 0.015457 -0.084041 -0.138018
v 0.015756 -0.086277 -0.138009
v 0.025247 0.286879 -0.137670
v 0.002757 0.294982 -0.150850
v 0.016613 0.294854 -0.142757
v -0.038294 0.280327 -0.173651
v -0.020529 0.286728 -0.161104
v -0.051994 0.264119 -0.180480
v -0.053467 -0.032544 -0.148373
v -0.054293 -0.073003 -0.136569
v -0.051509 -0.029247 -0.147873
v -0.056223 -0.034651 -0.145863
v 0.064532 0.254923 -0.158289
v 0.004964 -0.090182 -0.153321
v -0.000786 -0.088231 -0.149861
v -0.011488 -0.094818 -0.163925
v 0.004506 -0.092152 -0.150588
v -0.046515 -0.087882 -0.141167
v -0.046862 -0.082954 -0.138683
v -0.044331 -0.086086 -0.145507
v -0.016053 -0.095410 -0.167711
v 0.078949 0.235684 -0.161075
v 0.078582 0.222413 -0.152517
v 0.083841 0.247276 -0.179912
v 0.075042 0.224020 -0.142893
v 0.034115 -0.067621 -0.143039
v 0.033097 -0.064585 -0.145040
v 0.028511 -0.076313 -0.145212
v 0.028815 -0.078582 -0.148299
v 0.027391 -0.082113 -0.148674
v 0.014489 -0.095237 -0.166258
v 0.020346 -0.095562 -0.163740
v 0.019626 -0.094123 -0.165792
v 0.027167 -0.049909 -0.149088
v 0.016928 -0.028962 -0.157041
v 0.031556 -0.052097 -0.147313
v -0.037095 -0.012435 -0.154869
v -0.040311 -0.023805 -0.143901
v 0.097058 0.237191 -0.207096
v -0.025193 0.286952 -0.161582
v -0.067776 0.140810 -0.155578
v 0.005813 -0.021356 -0.156758
v 0.004154 -0.020189 -0.159821
v 0.077709 0.161431 -0.161816
v 0.082586 0.184648 -0.153580
v 0.069527 0.151715 -0.168994
v -0.074183 0.147053 -0.156219
v -0.045463 0.115803 -0.152252
v -0.070464 0.145274 -0.158070
v -0.079733 0.171346 -0.153736
v -0.061624 0.242484 -0.179161
v -0.065737 0.230944 -0.178025
v 0.013785 0.113991 -0.158458
v -0.001940 0.117185 -0.164089
v 0.034923 0.118628 -0.157947
v 0.036363 0.117391 -0.157178
v -0.042437 -0.016397 -0.163373
v -0.038954 -0.008380 -0.171092
v 0.093318 0.197791 -0.176114
v 0.092589 0.193065 -0.180222
v 0.089426 0.194408 -0.168242
v 0.074227 0.154850 -0.169399
v 0.056841 0.134387 -0.179900
v 0.053978 0.137576 -0.180480
v 0.058863 0.138843 -0.182255
v 0.053475 0.077480 -0.157874
v 0.036889 0.086052 -0.167643
v 0.039851 0.082214 -0.165101
v 0.094250 0.227697 -0.210170
v 0.056073 0.274857 -0.165669
v 0.047912 0.282274 -0.171533
v -0.026487 -0.008668 -0.168328
v -0.019341 -0.007725 -0.163021
v -0.030795 -0.011324 -0.168829
v 0.045655 0.094723 -0.162476
v 0.041764 0.103724 -0.163532
v 0.041105 0.107655 -0.161247
v 0.030108 0.298597 -0.175561
v 0.052247 0.273289 -0.165584
v 0.026119 0.296456 -0.176626
v 0.022142 -0.091877 -0.169489
v 0.019276 -0.096743 -0.177654
v 0.020939 -0.093058 -0.170078
v 0.018660 -0.090370 -0.183706
v -0.036583 -0.091703 -0.165064
v -0.052627 -0.064165 -0.162951
v -0.050638 -0.065962 -0.165800
v -0.054967 -0.029879 -0.166897
v -0.053318 -0.027380 -0.170544
v -0.054513 -0.063162 -0.165411
v 0.070740 0.258296 -0.170750
v -0.033660 0.122219 -0.179797
v -0.011341 0.116449 -0.165249
v -0.046987 0.134639 -0.185092
v -0.060644 0.145935 -0.192459
v -0.032997 0.126175 -0.181010
v -0.025798 -0.095508 -0.175020
v -0.013635 -0.096640 -0.170891
v -0.056877 -0.027748 -0.168850
v -0.068712 0.240001 -0.186325
v -0.066028 0.237052 -0.189424
v -0.070131 0.238281 -0.189072
v 0.032019 -0.070309 -0.170478
v 0.034734 -0.069370 -0.173529
v 0.029157 -0.076985 -0.171918
v -0.040561 -0.085900 -0.182070
v -0.037572 -0.088627 -0.177736
v -0.053978 -0.068751 -0.187366
v -0.053275 -0.079098 -0.185289
v -0.041190 -0.007413 -0.174216
v -0.037031 -0.011310 -0.175849
v 0.079201 0.227481 -0.181838
v 0.032923 0.098031 -0.173313
v 0.021423 0.082808 -0.195248
v 0.020525 0.084525 -0.195124
v -0.013623 -0.006394 -0.170932
v -0.009518 -0.005496 -0.173534
v 0.024976 -0.033746 -0.175316
v 0.030020 -0.038342 -0.176596
v 0.022962 -0.027793 -0.173756
v -0.011021 -0.009381 -0.173323
v 0.091797 0.214114 -0.183068
v 0.092844 0.223891 -0.199609
v 0.093417 0.204666 -0.178530
v 0.029537 -0.068694 -0.192850
v 0.014279 -0.088631 -0.185762
v 0.022648 -0.079371 -0.192261
v 0.029513 0.296376 -0.180331
v 0.014947 0.311610 -0.187412
v -0.008581 0.315434 -0.193180
v -0.006627 0.318698 -0.193297
v -0.040289 0.293268 -0.208376
v -0.026380 0.304223 -0.203697
v -0.054170 0.271028 -0.220955
v -0.045383 0.291574 -0.213622
v 0.008348 -0.089160 -0.194213
v 0.010764 -0.087467 -0.201270
v 0.013871 -0.088770 -0.201805
v 0.030515 -0.067324 -0.218626
v 0.021799 -0.075188 -0.214876
v -0.064140 0.203771 -0.187919
v -0.072068 0.203006 -0.197779
v 0.086185 0.166247 -0.195738
v 0.081048 0.162635 -0.196304
v 0.032718 0.126249 -0.178279
v -0.004845 0.130239 -0.200262
v -0.012765 0.129576 -0.207020
v 0.017582 0.130163 -0.191468
v -0.060001 0.239705 -0.180213
v -0.053655 0.265881 -0.181910
v -0.051715 0.263630 -0.184787
v 0.050327 0.119929 -0.186599
v 0.029450 0.097506 -0.180379
v 0.021867 0.098746 -0.188047
v 0.024351 0.103097 -0.187472
v -0.066355 0.231423 -0.181842
v 0.076875 0.163370 -0.201486
v 0.084613 0.252701 -0.186258
v 0.072957 0.272375 -0.197330
v 0.031779 0.299566 -0.187748
v 0.035185 0.307665 -0.210088
v 0.034791 0.311064 -0.208758
v -0.060669 -0.052502 -0.194592
v -0.059068 -0.040297 -0.195526
v -0.057425 -0.026602 -0.198168
v -0.052347 -0.026270 -0.196756
v -0.056749 -0.036881 -0.200269
v -0.034289 -0.012961 -0.195059
v -0.038122 -0.010625 -0.195844
v -0.032660 -0.010647 -0.193950
v -0.067078 0.210177 -0.189021
v -0.067929 0.227026 -0.190684
v -0.060496 0.206132 -0.191143
v -0.062151 0.226523 -0.189644
v -0.064728 0.228775 -0.191217
v 0.078210 0.273310 -0.195816
v 0.075395 0.276407 -0.200871
v 0.071544 0.277680 -0.197620
v 0.073658 0.291542 -0.224666
v 0.071893 0.286621 -0.221395
v -0.064190 0.155129 -0.190842
v -0.067167 0.190075 -0.190889
v -0.069179 0.167829 -0.191813
v -0.062783 0.152097 -0.193140
v 0.031601 -0.047957 -0.195248
v 0.012629 0.084167 -0.198922
v -0.019691 0.101855 -0.219022
v -0.019323 0.094621 -0.220473
v -0.012694 0.090520 -0.218686
v -0.037187 0.143959 -0.221734
v -0.041373 0.150161 -0.221938
v -0.045382 0.151585 -0.223598
v -0.058063 0.178663 -0.232001
v -0.050326 -0.065006 -0.191166
v -0.013967 -0.088589 -0.196236
v -0.021778 -0.088913 -0.194244
v -0.023652 -0.087275 -0.195057
v -0.055914 -0.059612 -0.197401
v -0.054941 -0.054638 -0.195510
v 0.010445 -0.024440 -0.196023
v 0.031977 -0.041853 -0.197626
v 0.006987 -0.020654 -0.193337
v 0.008250 -0.019578 -0.195965
v -0.056800 -0.033087 -0.193912
v -0.057409 -0.031148 -0.193911
v -0.055823 -0.028327 -0.193273
v 0.028127 -0.043805 -0.196529
v -0.065897 0.246998 -0.227476
v 0.069560 0.273073 -0.200050
v 0.048876 0.292716 -0.203425
v 0.072904 0.259285 -0.269298
v 0.094209 0.242297 -0.214031
v 0.094825 0.251007 -0.236673
v 0.035037 0.269489 -0.302775
v 0.044495 0.269697 -0.305522
v 0.047595 0.258686 -0.307493
v -0.007326 0.267047 -0.322536
v -0.011584 0.267795 -0.315013
v -0.036355 0.271680 -0.342224
v -0.011892 0.268170 -0.328660
v -0.038558 0.272287 -0.348305
v -0.041827 0.272482 -0.344535
v -0.041078 0.264489 -0.335497
v -0.042390 0.265126 -0.328793
v -0.046877 0.263410 -0.328587
v -0.003585 0.099710 -0.201050
v 0.002991 0.097701 -0.203748
v 0.002053 0.104607 -0.205613
v 0.097047 0.231160 -0.213434
v 0.003949 -0.091464 -0.203297
v -0.000533 -0.091968 -0.203684
v 0.002165 -0.091460 -0.204830
v 0.005094 -0.089782 -0.203408
v 0.000426 -0.091584 -0.204587
v 0.050397 0.228022 -0.198439
v 0.037165 0.308688 -0.207703
v 0.006539 -0.089914 -0.206872
v 0.007445 -0.088736 -0.205376
v 0.057595 0.152202 -0.220108
v -0.006259 -0.093776 -0.206347
v -0.007867 -0.091570 -0.205461
v -0.010389 -0.092300 -0.202862
v -0.034208 -0.077855 -0.209990
v -0.055339 -0.058017 -0.218926
v -0.054384 -0.062060 -0.215216
v -0.061737 -0.046608 -0.221203
v -0.062358 -0.028452 -0.231624
v -0.059608 -0.027461 -0.233788
v -0.044613 -0.009337 -0.242780
v -0.034698 -0.080763 -0.209715
v -0.062808 0.243248 -0.226299
v -0.064226 0.247844 -0.252202
v 0.099371 0.202209 -0.207242
v 0.089110 0.176126 -0.223405
v 0.095758 0.256832 -0.207284
v 0.099830 0.240429 -0.210485
v 0.099678 0.261357 -0.251360
v 0.103454 0.273408 -0.271296
v -0.011367 0.234570 -0.277750
v -0.046494 0.219483 -0.255536
v -0.054782 0.217836 -0.257541
v -0.052871 0.224827 -0.281865
v -0.053473 0.246689 -0.298945
v -0.038611 0.249646 -0.316607
v -0.048701 -0.022963 -0.209949
v -0.031664 -0.014789 -0.221576
v 0.098701 0.184313 -0.215863
v 0.027062 0.319259 -0.214615
v 0.011302 -0.085167 -0.215992
v 0.010629 -0.090396 -0.213527
v -0.005227 -0.009894 -0.210718
v 0.014901 -0.021583 -0.216047
v 0.025407 -0.037800 -0.219773
v -0.062186 0.238398 -0.221267
v -0.064906 0.237903 -0.220693
v -0.062258 0.237413 -0.221214
v 0.091408 0.176651 -0.219117
v 0.111628 0.241196 -0.248358
v 0.057635 0.150204 -0.222411
v -0.002074 0.144085 -0.246166
v 0.051895 0.151040 -0.220278
v 0.054086 0.148626 -0.222225
v -0.008942 0.241709 -0.264430
v -0.002200 0.256575 -0.295959
v -0.037942 0.258794 -0.299619
v -0.051289 0.246724 -0.296794
v -0.038883 0.244280 -0.276134
v -0.049514 0.220104 -0.223487
v -0.060456 0.201973 -0.216706
v -0.062010 0.223027 -0.259270
v 0.029526 -0.068377 -0.219523
v 0.030245 -0.039918 -0.224950
v 0.024382 -0.036970 -0.227574
v -0.003508 0.327545 -0.227330
v 0.005083 0.323698 -0.221645
v -0.007497 0.325194 -0.226404
v -0.024371 0.313839 -0.236525
v 0.124304 0.254062 -0.232403
v 0.101221 0.273438 -0.239155
v 0.074620 0.286537 -0.226501
v 0.026032 -0.060070 -0.229436
v 0.024685 -0.068546 -0.231098
v 0.025439 -0.041610 -0.241997
v 0.022787 -0.037582 -0.240855
v 0.022342 -0.077287 -0.221086
v 0.071747 0.167386 -0.237239
v 0.073065 0.165635 -0.239790
v 0.046091 0.165965 -0.260634
v 0.037626 0.163624 -0.266353
v 0.065565 0.122209 -0.226407
v 0.061933 0.124151 -0.222923
v 0.063949 0.121521 -0.232721
v 0.063885 0.120239 -0.240511
v 0.057933 0.129798 -0.245369
v 0.058083 0.129258 -0.248602
v 0.057500 0.125043 -0.246434
v 0.043077 0.144995 -0.248346
v -0.062720 0.228575 -0.222352
v -0.053905 0.270369 -0.240014
v -0.058381 0.246182 -0.224422
v 0.033590 0.327587 -0.233933
v 0.034335 0.328553 -0.236595
v -0.007584 0.327096 -0.259179
v -0.000408 0.325094 -0.252055
v 0.053536 0.305088 -0.231645
v -0.007461 -0.010281 -0.229960
v -0.012337 -0.007461 -0.230536
v -0.005582 -0.006801 -0.230408
v 0.029394 -0.038232 -0.227264
v -0.053144 0.231149 -0.260373
v 0.105936 0.244708 -0.258114
v -0.041010 -0.066104 -0.226566
v -0.047703 -0.062166 -0.228010
v -0.057293 -0.049468 -0.232277
v 0.026389 0.327530 -0.238237
v -0.057089 0.248665 -0.226928
v -0.048839 0.280273 -0.248873
v -0.045992 0.295242 -0.259782
v 0.101009 0.310915 -0.234928
v 0.113674 0.279694 -0.236946
v 0.098152 0.307512 -0.247871
v 0.098213 0.276978 -0.249877
v 0.115946 0.267063 -0.255190
v 0.115153 0.280327 -0.246577
v 0.116587 0.259696 -0.242610
v 0.092614 0.304847 -0.231798
v 0.074148 0.317674 -0.238503
v 0.084422 0.308840 -0.246895
v 0.002633 -0.082296 -0.234797
v -0.004939 -0.082763 -0.232653
v 0.000862 -0.080894 -0.235765
v -0.021830 -0.083400 -0.234832
v -0.033558 -0.074270 -0.239896
v -0.018696 -0.083047 -0.236186
v 0.018315 -0.057959 -0.242659
v 0.016572 -0.066658 -0.242146
v 0.020568 -0.060559 -0.242069
v 0.153149 0.270156 -0.252929
v 0.064988 0.336366 -0.238505
v -0.042431 -0.066927 -0.245432
v -0.042794 -0.069012 -0.243167
v -0.046350 -0.050409 -0.248750
v -0.055941 0.228390 -0.262001
v 0.020451 -0.039080 -0.243213
v 0.000760 -0.011980 -0.247260
v -0.038855 0.299586 -0.249575
v -0.033068 0.309307 -0.239304
v -0.043174 -0.011186 -0.244044
v -0.023256 -0.003159 -0.248384
v 0.108098 0.214882 -0.240365
v 0.099029 0.181529 -0.251720
v 0.100406 0.188243 -0.247492
v 0.070313 0.173592 -0.273149
v 0.078485 0.173234 -0.267407
v 0.079732 0.174055 -0.263426
v 0.104241 0.192057 -0.242690
v 0.150091 0.255853 -0.257493
v 0.120662 0.250450 -0.262293
v 0.121656 0.259369 -0.281006
v 0.155933 0.263845 -0.269278
v 0.067936 0.241289 -0.254108
v 0.093408 0.260058 -0.291971
v 0.003202 -0.011297 -0.247540
v 0.007074 -0.013284 -0.245555
v -0.025999 -0.002504 -0.246224
v 0.028392 0.149340 -0.236061
v -0.004169 0.144084 -0.249314
v -0.005078 0.146443 -0.249716
v -0.035731 0.168358 -0.258203
v -0.026354 0.157008 -0.256552
v -0.047536 0.175654 -0.260249
v -0.050894 0.184723 -0.262903
v -0.057239 0.198956 -0.259403
v -0.059931 0.212057 -0.260305
v -0.062591 0.210121 -0.260033
v 0.058967 0.329238 -0.245105
v 0.073682 0.322712 -0.250748
v 0.069693 0.327984 -0.247015
v 0.052489 0.333380 -0.247870
v 0.030501 0.334730 -0.246856
v 0.031957 0.329711 -0.246877
v 0.009228 0.330901 -0.257395
v -0.000464 0.327296 -0.259151
v 0.007589 0.329455 -0.261450
v -0.003529 0.327569 -0.265060
v 0.021496 -0.045495 -0.252475
v 0.016739 -0.028542 -0.252373
v 0.012523 -0.028003 -0.252885
v -0.047424 -0.017515 -0.246707
v -0.050572 -0.019034 -0.243133
v -0.052261 -0.024382 -0.247539
v -0.038325 0.303802 -0.267327
v 0.154865 0.271823 -0.263290
v 0.123296 0.207415 -0.266376
v 0.114211 0.247373 -0.266323
v 0.039566 0.164438 -0.262247
v 0.168610 0.265775 -0.252150
v 0.125070 0.248056 -0.252749
v 0.062087 0.340153 -0.256179
v 0.054212 0.342215 -0.253041
v 0.019606 0.342064 -0.264135
v 0.019107 0.338874 -0.263801
v 0.018884 0.341355 -0.261005
v 0.082914 0.330466 -0.260946
v 0.094588 0.329810 -0.264420
v 0.106609 0.320605 -0.272500
v 0.103904 0.318118 -0.270962
v 0.051396 0.338919 -0.254604
v 0.030095 -0.048372 -0.254164
v 0.020273 -0.056405 -0.256691
v -0.009308 -0.071247 -0.261557
v 0.018729 -0.059190 -0.259653
v 0.000042 -0.066224 -0.265894
v -0.001692 -0.063855 -0.262817
v -0.025963 -0.063084 -0.271024
v -0.024529 -0.065032 -0.271302
v -0.027138 -0.012407 -0.256970
v -0.039522 -0.017873 -0.253867
v -0.046151 -0.029983 -0.255923
v -0.035235 -0.014544 -0.258468
v 0.008028 -0.020698 -0.257731
v -0.008569 -0.011800 -0.257691
v -0.021591 -0.010070 -0.258915
v -0.002137 -0.011275 -0.258112
v -0.048832 -0.034430 -0.254051
v -0.045882 -0.049486 -0.257508
v -0.046122 -0.051591 -0.259332
v -0.039017 -0.061133 -0.262914
v -0.028002 -0.065401 -0.263496
v 0.124125 0.205830 -0.279613
v -0.023825 0.321705 -0.269582
v -0.000665 0.332217 -0.270576
v 0.005459 0.336971 -0.276845
v -0.012252 0.329723 -0.287126
v 0.000316 0.337092 -0.274463
v -0.004396 0.330502 -0.275610
v -0.060742 0.258903 -0.256358
v -0.058384 0.250000 -0.259584
v -0.062143 0.251591 -0.258774
v -0.053710 0.276515 -0.260034
v -0.042018 0.305222 -0.262354
v -0.045391 0.301865 -0.263029
v -0.044901 0.294779 -0.263349
v 0.028162 -0.045011 -0.262082
v 0.027047 -0.045516 -0.261442
v 0.019527 -0.054647 -0.281155
v 0.028751 -0.047951 -0.260991
v 0.020945 -0.027913 -0.264656
v 0.021144 -0.024688 -0.266309
v 0.025076 -0.028077 -0.261921
v -0.031785 0.314034 -0.270949
v 0.044736 0.131966 -0.263235
v 0.044789 0.132603 -0.269366
v 0.040670 0.133800 -0.266087
v -0.027987 0.321560 -0.274549
v -0.028019 0.324173 -0.271862
v -0.056470 0.255287 -0.267343
v -0.011525 0.167494 -0.288983
v 0.003326 0.163859 -0.280317
v -0.008436 0.165024 -0.289396
v -0.001745 -0.007599 -0.272430
v 0.004484 -0.009328 -0.271007
v 0.113847 0.176568 -0.279183
v 0.121496 0.175300 -0.284940
v 0.031651 0.177582 -0.295198
v 0.031778 0.177328 -0.299281
v 0.123096 0.301150 -0.277175
v 0.083225 0.342416 -0.271651
v 0.088601 0.334752 -0.274727
v 0.108376 0.326513 -0.277892
v -0.052644 -0.047916 -0.277801
v -0.044417 -0.054421 -0.275314
v -0.016070 0.323251 -0.274880
v -0.009025 0.328422 -0.275882
v -0.052664 -0.025700 -0.273957
v -0.055836 -0.025525 -0.275168
v -0.052389 -0.026036 -0.276963
v -0.026080 0.000213 -0.280608
v -0.020861 -0.003015 -0.279555
v -0.019319 0.000569 -0.281746
v -0.044620 -0.051481 -0.276766
v -0.046309 0.291831 -0.286044
v -0.048967 0.288649 -0.287717
v -0.048375 0.296825 -0.287325
v 0.127198 0.298447 -0.284573
v 0.127409 0.302972 -0.279937
v 0.137309 0.282557 -0.290010
v 0.137620 0.274311 -0.298397
v -0.015637 0.325742 -0.276498
v 0.114256 0.177540 -0.292798
v 0.107481 0.181215 -0.284078
v 0.102239 0.185624 -0.286575
v 0.099308 0.182785 -0.288457
v -0.017638 0.324703 -0.287255
v -0.020483 0.325522 -0.283583
v -0.018005 0.329152 -0.287970
v -0.035664 0.304696 -0.302419
v 0.129121 0.207407 -0.282200
v 0.123150 0.202694 -0.281962
v 0.111612 0.320211 -0.283469
v 0.116699 0.319824 -0.284380
v 0.098571 0.184198 -0.282339
v 0.068043 0.188163 -0.303985
v -0.038155 0.314802 -0.282787
v 0.125728 0.201127 -0.285445
v 0.019031 -0.056921 -0.298579
v 0.025850 -0.050680 -0.283039
v 0.031837 -0.042437 -0.287577
v 0.011181 -0.061115 -0.286529
v -0.007179 -0.060295 -0.291838
v -0.007953 -0.062219 -0.292273
v -0.020204 -0.056756 -0.300010
v 0.133558 0.282603 -0.298574
v -0.006415 0.185108 -0.324527
v 0.071857 0.186454 -0.304557
v 0.019356 -0.055282 -0.299183
v 0.013705 -0.055030 -0.293807
v -0.048540 -0.033793 -0.286266
v -0.049376 -0.031033 -0.287236
v -0.035520 -0.048745 -0.300580
v -0.037557 -0.048158 -0.299856
v -0.037181 -0.046888 -0.302151
v -0.048544 -0.032359 -0.288729
v 0.136468 0.267173 -0.298442
v 0.137972 0.253267 -0.308510
v -0.030462 0.001270 -0.301292
v -0.029438 -0.002063 -0.301340
v -0.027594 0.001167 -0.299345
v -0.000428 -0.003509 -0.292147
v -0.007877 -0.004357 -0.294745
v 0.006102 -0.005237 -0.294533
v -0.030546 0.320375 -0.306627
v -0.033766 0.314808 -0.309438
v -0.036764 0.317458 -0.308605
v -0.041533 0.292261 -0.330952
v -0.040497 0.300449 -0.327924
v -0.044511 0.292297 -0.333512
v 0.128974 0.297431 -0.296814
v 0.134471 0.286609 -0.302216
v 0.113257 0.193699 -0.297990
v 0.100697 0.190810 -0.307752
v 0.127367 0.275025 -0.277019
v 0.016889 -0.016299 -0.295193
v 0.022188 -0.019386 -0.295447
v 0.036748 -0.040350 -0.302660
v 0.033667 -0.043165 -0.301648
v 0.036528 -0.040374 -0.301310
v -0.029087 0.176589 -0.295196
v -0.050585 0.300020 -0.296038
v -0.053701 0.294178 -0.294760
v -0.039192 0.312313 -0.297554
v -0.034777 0.315276 -0.295600
v -0.035954 0.305502 -0.299182
v -0.052654 0.279464 -0.294594
v 0.036114 -0.017497 -0.296880
v 0.038055 -0.018163 -0.298304
v 0.042083 -0.029225 -0.298149
v 0.030783 -0.003438 -0.295182
v 0.010393 0.011449 -0.298519
v 0.005287 0.015861 -0.298231
v 0.009299 0.012904 -0.300097
v -0.029205 0.008223 -0.300289
v -0.024478 0.008232 -0.299364
v -0.021720 0.012214 -0.299082
v -0.053302 0.208245 -0.301801
v -0.037211 0.189131 -0.302303
v -0.047981 0.207477 -0.301392
v -0.052528 0.230217 -0.300818
v -0.045358 0.194295 -0.302835
v -0.054928 0.245220 -0.297515
v 0.132856 0.272364 -0.307345
v 0.133346 0.246925 -0.316524
v 0.138082 0.249281 -0.315861
v 0.114058 0.223928 -0.329847
v 0.120510 0.227001 -0.331598
v 0.125349 0.226496 -0.327616
v 0.091663 0.212784 -0.345613
v 0.086066 0.214504 -0.345152
v 0.091983 0.210048 -0.341486
v 0.041886 0.210497 -0.356471
v 0.067560 0.205292 -0.348481
v -0.043997 -0.007714 -0.301870
v -0.039273 -0.002588 -0.300143
v -0.045365 0.287473 -0.313820
v -0.043084 0.288964 -0.314376
v -0.045107 0.278814 -0.314364
v 0.073614 0.191929 -0.315707
v 0.061841 0.189341 -0.311955
v 0.034993 0.191283 -0.329945
v 0.024147 0.192263 -0.340259
v 0.036325 0.191585 -0.333675
v 0.033743 -0.055803 -0.310792
v -0.041748 -0.029526 -0.306488
v -0.044212 -0.032863 -0.306007
v -0.045960 -0.011100 -0.304217
v -0.044854 -0.027279 -0.307723
v -0.023098 -0.049270 -0.308873
v -0.012350 -0.052979 -0.308553
v -0.031290 -0.051105 -0.308499
v -0.006676 -0.049228 -0.313529
v -0.031935 -0.047053 -0.305391
v -0.006382 0.256730 -0.324670
v -0.047421 0.262670 -0.324503
v 0.135370 0.244309 -0.314779
v 0.025821 -0.049053 -0.312486
v 0.032058 -0.047329 -0.309142
v 0.054528 -0.019264 -0.312314
v 0.057101 -0.018617 -0.310556
v 0.056080 -0.014535 -0.311647
v 0.062069 -0.020566 -0.317789
v 0.045413 0.013653 -0.313139
v 0.046079 0.008786 -0.312590
v 0.066424 -0.023645 -0.320773
v 0.073824 -0.021539 -0.330940
v 0.078897 -0.018937 -0.345643
v 0.078983 -0.016315 -0.349042
v 0.082234 -0.014964 -0.350065
v -0.008780 0.187601 -0.323812
v 0.012952 0.181738 -0.311856
v 0.112492 0.157113 -0.312334
v 0.110105 0.165742 -0.311699
v 0.108954 0.157280 -0.314767
v 0.039544 0.016866 -0.316241
v 0.021726 0.031054 -0.315329
v 0.024897 0.032298 -0.317652
v 0.009058 0.033346 -0.316821
v 0.056661 -0.030488 -0.317782
v 0.053818 -0.031804 -0.319071
v 0.056317 -0.032226 -0.318840
v 0.042767 -0.043817 -0.321551
v 0.052248 -0.028194 -0.359318
v 0.054498 -0.028054 -0.362358
v 0.050200 -0.030393 -0.356537
v 0.050340 -0.026848 -0.369784
v 0.019575 0.030247 -0.315500
v -0.026663 -0.037224 -0.318330
v -0.029785 -0.038255 -0.316581
v -0.017406 -0.044522 -0.319031
v -0.030305 -0.041345 -0.322643
v 0.010190 -0.046012 -0.321367
v 0.018762 -0.044256 -0.327363
v 0.008026 -0.047060 -0.323581
v -0.035167 -0.034014 -0.320663
v -0.039795 -0.001438 -0.318209
v -0.036558 0.002221 -0.321756
v -0.020293 0.013899 -0.320053
v -0.027800 0.013238 -0.320692
v -0.022850 0.026167 -0.320428
v -0.023182 0.027548 -0.321634
v -0.041800 -0.002510 -0.318948
v 0.045364 -0.042247 -0.320083
v 0.044001 -0.041008 -0.321233
v 0.110954 0.206367 -0.322282
v 0.094847 0.206275 -0.332398
v 0.089806 0.201791 -0.331551
v 0.098858 0.202236 -0.329529
v 0.092271 0.156572 -0.320414
v 0.095099 0.156734 -0.324683
v 0.092722 0.156974 -0.322375
v -0.022436 0.028907 -0.320964
v 0.001667 0.042856 -0.332880
v 0.004076 0.046233 -0.335930
v -0.032700 -0.039077 -0.324436
v -0.005446 -0.040282 -0.342859
v 0.002023 -0.039678 -0.347080
v 0.004196 -0.038539 -0.348875
v -0.000009 -0.039422 -0.344801
v -0.010073 0.191296 -0.325430
v 0.087001 0.167455 -0.324362
v 0.091231 0.167416 -0.326768
v 0.089878 0.167224 -0.329021
v 0.055574 0.039298 -0.336761
v 0.018875 0.030991 -0.317850
v 0.064761 0.038173 -0.343275
v 0.073193 0.024744 -0.349366
v 0.053432 0.202602 -0.346573
v 0.041339 0.201719 -0.350168
v 0.065846 0.200017 -0.343772
v 0.004336 0.208154 -0.352100
v 0.006084 0.202235 -0.351383
v 0.027119 -0.042154 -0.339223
v 0.019346 -0.046695 -0.326818
v 0.049978 -0.036914 -0.353824
v 0.084095 0.159551 -0.329135
v 0.087552 0.159400 -0.333024
v 0.087056 0.161026 -0.331838
v -0.028307 0.212445 -0.334650
v -0.031150 0.209346 -0.334504
v -0.033069 0.213028 -0.333829
v -0.043251 0.250833 -0.332004
v -0.039990 0.239043 -0.334735
v -0.044326 -0.009981 -0.329870
v -0.043302 -0.007292 -0.332181
v -0.042855 0.013306 -0.337816
v -0.039128 0.019093 -0.342430
v -0.042297 -0.011115 -0.331020
v -0.025506 -0.030659 -0.344974
v -0.019824 -0.031374 -0.343735
v -0.037734 0.262156 -0.345011
v 0.076131 0.160044 -0.339417
v 0.074814 0.162461 -0.337323
v 0.033991 0.045886 -0.359883
v 0.010547 0.047280 -0.342318
v 0.027902 0.047139 -0.352284
v 0.060606 0.043982 -0.381508
v 0.052697 0.043327 -0.376999
v 0.062363 0.040904 -0.379130
v -0.045294 0.264295 -0.344081
v -0.044061 0.257414 -0.344628
v -0.029318 0.236741 -0.350829
v -0.005772 0.210047 -0.352741
v -0.018978 0.224374 -0.357218
v -0.028631 0.231595 -0.353242
v 0.075883 0.165981 -0.338465
v 0.067066 0.167005 -0.342301
v 0.062910 0.162986 -0.340086
v 0.065965 0.162278 -0.342777
v -0.020516 0.040334 -0.361412
v -0.038193 0.028809 -0.348263
v -0.021193 0.041899 -0.358739
v -0.007315 0.048503 -0.372161
v 0.080469 0.016027 -0.351723
v 0.080996 0.018538 -0.349012
v 0.069506 0.033863 -0.347598
v -0.016284 -0.033657 -0.345545
v -0.024180 -0.032585 -0.343061
v -0.050045 -0.010714 -0.351246
v -0.048574 -0.007797 -0.353702
v -0.046680 -0.014017 -0.352515
v 0.062415 0.162961 -0.344480
v 0.060716 0.163684 -0.348146
v 0.056707 0.163364 -0.346214
v 0.039940 0.204890 -0.350925
v 0.023004 -0.036907 -0.359029
v 0.034892 0.207619 -0.358858
v 0.045803 0.207939 -0.351311
v 0.053509 0.169501 -0.348847
v 0.053227 0.169545 -0.348925
v 0.053497 0.169592 -0.349030
v 0.013312 0.205224 -0.352128
v -0.029215 0.251836 -0.355252
v -0.026870 0.243560 -0.359303
v -0.012530 0.229378 -0.362787
v 0.071270 -0.029755 -0.355317
v 0.076612 -0.025683 -0.357597
v 0.064286 -0.027748 -0.355110
v 0.082256 -0.001112 -0.358321
v 0.080908 0.007720 -0.361707
v 0.087257 0.010408 -0.367802
v 0.083916 -0.007289 -0.354731
v 0.084774 -0.000198 -0.355749
v 0.083381 0.019273 -0.372499
v 0.078415 0.015187 -0.354699
v 0.079242 0.012722 -0.358408
v 0.069773 0.028106 -0.359506
v 0.053816 0.035413 -0.360884
v 0.072709 0.029787 -0.357940
v 0.042659 -0.035551 -0.355934
v 0.041447 -0.033802 -0.357337
v 0.024520 -0.038526 -0.353321
v 0.018672 -0.033327 -0.358409
v -0.017019 -0.026909 -0.365247
v 0.015377 -0.033168 -0.361953
v -0.018009 -0.024693 -0.367247
v -0.017026 -0.023421 -0.364130
v -0.051242 0.010502 -0.362765
v -0.051938 0.005597 -0.363193
v -0.051964 0.013770 -0.365473
v -0.045095 0.019529 -0.374194
v 0.036476 -0.021117 -0.377358
v 0.028593 -0.017335 -0.384818
v 0.007361 0.215338 -0.359837
v 0.000647 0.220746 -0.364362
v 0.000115 0.220477 -0.358240
v -0.047269 -0.002998 -0.360611
v -0.044996 -0.004488 -0.362327
v -0.028805 -0.022623 -0.364947
v -0.047964 -0.003778 -0.362494
v 0.078393 0.019502 -0.375456
v 0.072691 0.027874 -0.382803
v 0.032467 0.039126 -0.368133
v 0.006229 0.046268 -0.370901
v -0.005002 0.044129 -0.373043
v -0.001303 0.045097 -0.370827
v 0.022463 0.044257 -0.372113
v -0.047873 0.014015 -0.370087
v 0.009227 -0.041976 -0.367279
v 0.008826 -0.041965 -0.367310
v 0.009229 -0.041994 -0.367401
v 0.009170 0.050052 -0.372346
v 0.023776 0.043754 -0.386090
v -0.014967 0.041938 -0.375613
v -0.028163 0.035730 -0.370156
v 0.064059 -0.011256 -0.373706
v 0.067629 0.002302 -0.383033
v 0.061802 0.012672 -0.386420
v 0.062134 0.020270 -0.391647
v 0.063512 0.018201 -0.387552
v 0.000184 -0.011814 -0.386554
v -0.014907 -0.025234 -0.375406
v -0.021279 -0.023520 -0.366027
v -0.010410 -0.021263 -0.379997
v -0.042375 0.017308 -0.376677
v 0.006401 -0.010350 -0.388095
v 0.015892 -0.004514 -0.388135
v 0.021210 -0.012567 -0.386068
v 0.006263 -0.007858 -0.387006
v 0.030215 0.041699 -0.384514
v 0.027732 0.041451 -0.386772
v 0.024611 0.042364 -0.388985
v 0.039894 0.037726 -0.393512
v -0.006807 0.039610 -0.389399
v -0.010528 0.036592 -0.388304
v -0.019941 0.035256 -0.386958
v -0.040431 0.013915 -0.387162
v 0.050177 0.006904 -0.389015
v -0.024585 0.003281 -0.390081
v -0.000912 -0.009635 -0.389793
v -0.011285 0.017122 -0.387721
v -0.014568 0.018599 -0.389981
v -0.010755 0.014774 -0.391025
v 0.055908 0.019184 -0.391683
v 0.053652 0.021907 -0.396623
v 0.043872 0.015953 -0.392142
v 0.029154 0.005713 -0.395424
v 0.011549 0.026365 -0.396709
v -0.006847 0.037253 -0.389608
v 0.025685 0.011815 -0.400176
v -0.002932 0.033847 -0.394864
v -0.128334 0.190601 0.055628
v -0.048509 0.164451 0.060368
v -0.155930 0.185944 0.021170
vt 0.597522 0.356717
vt 0.598606 0.353895
vt 0.599035 0.362280
vt 0.598963 0.373939
vt 0.599573 0.381489
vt 0.599826 0.368801
vt 0.600393 0.388838
vt 0.598919 0.404138
vt 0.597474 0.409208
vt 0.600374 0.411746
vt 0.600114 0.358215
vt 0.600600 0.374338
vt 0.601458 0.356805
vt 0.370036 0.704800
vt 0.348112 0.704517
vt 0.371182 0.704624
vt 0.367046 0.705257
vt 0.353132 0.705223
vt 0.345575 0.705749
vt 0.923269 0.417671
vt 0.916411 0.417694
vt 0.923467 0.416618
vt 0.645026 0.748144
vt 0.638192 0.751803
vt 0.645807 0.746976
vt 0.645752 0.750977
vt 0.643094 0.750879
vt 0.649830 0.750995
vt 0.654213 0.744793
vt 0.649796 0.752651
vt 0.653926 0.750198
vt 0.381726 0.322784
vt 0.379435 0.326674
vt 0.378361 0.324273
vt 0.408855 0.327938
vt 0.403763 0.322789
vt 0.414009 0.331703
vt 0.371127 0.327420
vt 0.116043 0.052673
vt 0.126567 0.057364
vt 0.125443 0.057950
vt 0.115172 0.055509
vt 0.122319 0.057608
vt 0.108958 0.040545
vt 0.118833 0.049517
vt 0.109727 0.036915
vt 0.123759 0.053321
vt 0.271563 0.381372
vt 0.278983 0.380269
vt 0.270475 0.384518
vt 0.263034 0.394471
vt 0.269448 0.374154
vt 0.274762 0.376407
vt 0.280920 0.376689
vt 0.278618 0.370921
vt 0.272510 0.351901
vt 0.280364 0.354363
vt 0.270136 0.329049
vt 0.272410 0.323879
vt 0.267589 0.350942
vt 0.264656 0.327400
vt 0.264177 0.354169
vt 0.344855 0.705106
vt 0.232051 0.147831
vt 0.235649 0.151860
vt 0.233978 0.161624
vt 0.232134 0.168379
vt 0.228786 0.185292
vt 0.198593 0.200517
vt 0.236937 0.198376
vt 0.224565 0.205345
vt 0.248624 0.208737
vt 0.246159 0.214910
vt 0.257496 0.219395
vt 0.897370 0.840190
vt 0.898244 0.836474
vt 0.897943 0.846311
vt 0.899746 0.846907
vt 0.900046 0.843252
vt 0.965426 0.028395
vt 0.969571 0.028293
vt 0.966837 0.031858
vt 0.827576 0.221362
vt 0.831287 0.221080
vt 0.833104 0.239854
vt 0.827033 0.254914
vt 0.822820 0.254795
vt 0.821970 0.237359
vt 0.813936 0.240982
vt 0.818955 0.254343
vt 0.813081 0.223797
vt 0.817283 0.256936
vt 0.892023 0.542585
vt 0.889736 0.545561
vt 0.893403 0.535574
vt 0.783542 0.158916
vt 0.783924 0.156962
vt 0.796439 0.160613
vt 0.795821 0.155978
vt 0.782182 0.156187
vt 0.794436 0.154029
vt 0.794435 0.164989
vt 0.780518 0.161133
vt 0.781427 0.157646
vt 0.041754 0.711604
vt 0.041106 0.713276
vt 0.041073 0.699761
vt 0.042282 0.714177
vt 0.039647 0.699966
vt 0.392092 0.313327
vt 0.425747 0.317790
vt 0.393444 0.306724
vt 0.432301 0.302657
vt 0.407959 0.297852
vt 0.659396 0.492586
vt 0.663486 0.489136
vt 0.657384 0.496548
vt 0.658875 0.489670
vt 0.653978 0.496518
vt 0.649834 0.494206
vt 0.657433 0.518064
vt 0.655738 0.501118
vt 0.656875 0.518090
vt 0.660130 0.530857
vt 0.660698 0.532493
vt 0.659089 0.526493
vt 0.649743 0.501166
vt 0.638583 0.488512
vt 0.651308 0.492627
vt 0.646822 0.489492
vt 0.632283 0.482416
vt 0.628549 0.486131
vt 0.634536 0.490262
vt 0.819807 0.221820
vt 0.800771 0.161841
vt 0.798169 0.152977
vt 0.214335 0.206608
vt 0.199616 0.206752
vt 0.197767 0.193538
vt 0.203680 0.186113
vt 0.203857 0.183838
vt 0.204834 0.183105
vt 0.208055 0.180082
vt 0.214908 0.172488
vt 0.448364 0.327036
vt 0.449316 0.331022
vt 0.468296 0.322378
vt 0.889322 0.536024
vt 0.890580 0.538295
vt 0.985256 0.679054
vt 0.987793 0.679932
vt 0.986945 0.680422
vt 0.118823 0.770141
vt 0.129257 0.766884
vt 0.128293 0.769621
vt 0.873511 0.943148
vt 0.870654 0.939293
vt 0.876041 0.942830
vt 0.001221 0.713135
vt 0.001465 0.713135
vt 0.001465 0.713135
vt 0.001709 0.713135
vt 0.037959 0.860873
vt 0.029495 0.862670
vt 0.029448 0.864286
vt 0.027818 0.864227
vt 0.861708 0.458597
vt 0.861514 0.444540
vt 0.863483 0.454415
vt 0.806585 0.225692
vt 0.893832 0.689727
vt 0.894182 0.692694
vt 0.893213 0.694744
vt 0.892090 0.697266
vt 0.891602 0.698730
vt 0.348998 0.444687
vt 0.362581 0.470739
vt 0.337490 0.453810
vt 0.346658 0.494751
vt 0.542218 0.030424
vt 0.536992 0.029845
vt 0.543200 0.029421
vt 0.542017 0.031069
vt 0.535405 0.029500
vt 0.534158 0.030320
vt 0.532065 0.028647
vt 0.547524 0.029319
vt 0.547154 0.030289
vt 0.550162 0.030619
vt 0.555328 0.029168
vt 0.554772 0.030245
vt 0.560672 0.030584
vt 0.560832 0.029885
vt 0.562057 0.030019
vt 0.568682 0.028745
vt 0.571340 0.029698
vt 0.571057 0.031224
vt 0.570847 0.027615
vt 0.568395 0.027633
vt 0.984910 0.575490
vt 0.986045 0.573180
vt 0.985949 0.576041
vt 0.854004 0.084229
vt 0.855491 0.083214
vt 0.855610 0.087269
vt 0.856282 0.084543
vt 0.857551 0.084726
vt 0.857713 0.086061
vt 0.855788 0.097282
vt 0.856390 0.100082
vt 0.856751 0.098797
vt 0.853872 0.090229
vt 0.854004 0.095406
vt 0.904713 0.766520
vt 0.905012 0.761761
vt 0.905301 0.768212
vt 0.905895 0.768442
vt 0.905286 0.772459
vt 0.904714 0.771629
vt 0.903830 0.771989
vt 0.498788 0.810321
vt 0.495664 0.809337
vt 0.508460 0.813297
vt 0.495002 0.811476
vt 0.490907 0.810694
vt 0.495292 0.812984
vt 0.491112 0.813653
vt 0.040581 0.736019
vt 0.041572 0.745385
vt 0.039795 0.743896
vt 0.040817 0.733377
vt 0.041839 0.733839
vt 0.041426 0.735650
vt 0.043096 0.746846
vt 0.021275 0.300476
vt 0.022179 0.299904
vt 0.019502 0.300068
vt 0.023725 0.300486
vt 0.018799 0.300781
vt 0.026920 0.300642
vt 0.027677 0.300463
vt 0.035958 0.926893
vt 0.037162 0.927821
vt 0.031857 0.926831
vt 0.034415 0.926787
vt 0.029745 0.925771
vt 0.887487 0.949413
vt 0.890608 0.950452
vt 0.886310 0.948135
vt 0.097259 0.520538
vt 0.095947 0.520508
vt 0.090214 0.518845
vt 0.087919 0.521658
vt 0.091064 0.521484
vt 0.096585 0.520070
vt 0.083930 0.511189
vt 0.085658 0.528448
vt 0.083778 0.532768
vt 0.087757 0.525797
vt 0.986010 0.292814
vt 0.987760 0.290609
vt 0.987507 0.293273
vt 0.021283 0.657520
vt 0.019489 0.650383
vt 0.021813 0.657775
vt 0.020502 0.661913
vt 0.880594 0.018868
vt 0.880492 0.015883
vt 0.881271 0.013631
vt 0.881106 0.020536
vt 0.879883 0.012939
vt 0.882080 0.013184
vt 0.879678 0.024953
vt 0.878906 0.027100
vt 0.122803 0.424316
vt 0.125672 0.428969
vt 0.119509 0.418132
vt 0.123382 0.431369
vt 0.115635 0.444773
vt 0.120955 0.435875
vt 0.842580 0.005476
vt 0.845158 0.000397
vt 0.840760 0.011805
vt 0.844923 0.004170
vt 0.841637 0.011216
vt 0.840810 0.010617
vt 0.841119 0.004883
vt 0.842080 0.016799
vt 0.841838 0.019466
vt 0.842801 0.026288
vt 0.839844 0.021420
vt 0.840332 0.022705
vt 0.843604 0.025974
vt 0.844602 0.025138
vt 0.842003 0.011772
vt 0.947895 0.426431
vt 0.949389 0.422729
vt 0.949120 0.427786
vt 0.950118 0.427191
vt 0.948242 0.420915
vt 0.933698 0.151669
vt 0.933477 0.147250
vt 0.934385 0.147749
vt 0.931339 0.151426
vt 0.933577 0.150460
vt 0.930617 0.152978
vt 0.930707 0.153971
vt 0.929559 0.155112
vt 0.376511 0.797489
vt 0.368845 0.789649
vt 0.375641 0.789214
vt 0.367432 0.788330
vt 0.366699 0.787842
vt 0.380218 0.794260
vt 0.420270 0.911943
vt 0.423720 0.912466
vt 0.421557 0.912457
vt 0.421984 0.913228
vt 0.416239 0.911851
vt 0.416797 0.911159
vt 0.884863 0.918983
vt 0.879354 0.918577
vt 0.884857 0.917969
vt 0.884767 0.917480
vt 0.018948 0.030754
vt 0.020943 0.032781
vt 0.019369 0.033088
vt 0.990627 0.305309
vt 0.990915 0.302722
vt 0.992739 0.304391
vt 0.172622 0.693252
vt 0.171027 0.694085
vt 0.178700 0.691860
vt 0.171610 0.693684
vt 0.177872 0.692689
vt 0.183581 0.693172
vt 0.182372 0.692816
vt 0.191830 0.694153
vt 0.195355 0.692341
vt 0.074868 0.739001
vt 0.072347 0.733192
vt 0.076826 0.743362
vt 0.073646 0.737516
vt 0.070774 0.724895
vt 0.068167 0.724956
vt 0.069215 0.724809
vt 0.899714 0.925618
vt 0.894938 0.927645
vt 0.899941 0.924594
vt 0.560619 0.962976
vt 0.557584 0.962778
vt 0.558973 0.961213
vt 0.285345 0.847479
vt 0.289230 0.849514
vt 0.277672 0.844271
vt 0.278088 0.844596
vt 0.277492 0.845037
vt 0.283450 0.848293
vt 0.277801 0.831451
vt 0.290769 0.835372
vt 0.279419 0.831060
vt 0.041723 0.004263
vt 0.046379 0.008426
vt 0.040480 0.004147
vt 0.037252 0.000789
vt 0.034538 0.001449
vt 0.034195 0.000249
vt 0.394968 0.723268
vt 0.405827 0.723643
vt 0.395919 0.724699
vt 0.395163 0.722147
vt 0.404879 0.722395
vt 0.405633 0.726751
vt 0.404290 0.728660
vt 0.394237 0.726823
vt 0.063130 0.195199
vt 0.053806 0.191894
vt 0.063255 0.191702
vt 0.052554 0.190010
vt 0.051256 0.192629
vt 0.047626 0.196264
vt 0.417124 0.826776
vt 0.405577 0.821587
vt 0.414979 0.822402
vt 0.405695 0.818850
vt 0.403504 0.820192
vt 0.403628 0.819837
vt 0.405514 0.824845
vt 0.402754 0.823804
vt 0.405599 0.822176
vt 0.102876 0.168988
vt 0.102250 0.159128
vt 0.103346 0.155550
vt 0.106110 0.173955
vt 0.105622 0.160004
vt 0.108016 0.160163
vt 0.109996 0.171207
vt 0.903233 0.077896
vt 0.903678 0.077445
vt 0.909008 0.085932
vt 0.907433 0.086626
vt 0.908058 0.082163
vt 0.910064 0.084908
vt 0.910889 0.085693
vt 0.906488 0.087625
vt 0.903405 0.080601
vt 0.904680 0.087105
vt 0.902959 0.083014
vt 0.076238 0.745646
vt 0.074777 0.745100
vt 0.908524 0.445061
vt 0.904202 0.444739
vt 0.911778 0.446632
vt 0.907257 0.444875
vt 0.987059 0.368108
vt 0.985855 0.367294
vt 0.988138 0.367324
vt 0.988696 0.368882
vt 0.418937 0.895787
vt 0.420410 0.900146
vt 0.420166 0.901367
vt 0.418611 0.896485
vt 0.418352 0.902100
vt 0.417707 0.895746
vt 0.416576 0.900851
vt 0.024733 0.068819
vt 0.021076 0.076953
vt 0.026930 0.068517
vt 0.025413 0.069523
vt 0.021830 0.076918
vt 0.019563 0.076235
vt 0.022999 0.077413
vt 0.021973 0.083475
vt 0.020955 0.083284
vt 0.418143 0.711222
vt 0.413547 0.710907
vt 0.416114 0.708174
vt 0.408713 0.709499
vt 0.412782 0.712125
vt 0.401721 0.710015
vt 0.401665 0.711576
vt 0.410893 0.708446
vt 0.401660 0.708083
vt 0.118239 0.918770
vt 0.126639 0.919352
vt 0.121537 0.920181
vt 0.119772 0.917405
vt 0.803214 0.150266
vt 0.802979 0.148193
vt 0.805836 0.148019
vt 0.809453 0.162748
vt 0.807100 0.163142
vt 0.810885 0.157206
vt 0.809856 0.148969
vt 0.815513 0.152104
vt 0.815689 0.159019
vt 0.885813 0.837610
vt 0.886549 0.832012
vt 0.886626 0.844222
vt 0.274634 0.597853
vt 0.270267 0.590005
vt 0.293784 0.602466
vt 0.295325 0.597143
vt 0.291548 0.607689
vt 0.272803 0.602579
vt 0.294334 0.593247
vt 0.297324 0.587809
vt 0.295706 0.584217
vt 0.273659 0.587289
vt 0.278253 0.581190
vt 0.625977 0.987302
vt 0.627182 0.986581
vt 0.626344 0.987676
vt 0.945191 0.636231
vt 0.943944 0.636020
vt 0.949848 0.639184
vt 0.944992 0.636413
vt 0.278092 0.323572
vt 0.266112 0.321418
vt 0.263443 0.321556
vt 0.274977 0.317091
vt 0.268313 0.299880
vt 0.270700 0.298533
vt 0.273251 0.298077
vt 0.276907 0.316450
vt 0.275587 0.301447
vt 0.275193 0.297826
vt 0.108280 0.158077
vt 0.958252 0.954102
vt 0.954518 0.952942
vt 0.958054 0.952694
vt 0.924516 0.215698
vt 0.924704 0.206119
vt 0.925669 0.215188
vt 0.925817 0.206160
vt 0.926484 0.214690
vt 0.971136 0.413928
vt 0.972138 0.411699
vt 0.972848 0.415890
vt 0.807671 0.937274
vt 0.802205 0.936604
vt 0.807360 0.936696
vt 0.039592 0.729315
vt 0.381252 0.723971
vt 0.380015 0.724814
vt 0.379637 0.726007
vt 0.386690 0.727412
vt 0.382363 0.727317
vt 0.386208 0.727917
vt 0.887075 0.906613
vt 0.886134 0.907109
vt 0.881273 0.907332
vt 0.889257 0.906596
vt 0.965033 0.001250
vt 0.968854 0.003075
vt 0.963530 0.000991
vt 0.963358 0.001434
vt 0.005859 0.968262
vt 0.005581 0.967239
vt 0.006104 0.968262
vt 0.042573 0.701253
vt 0.941895 0.047852
vt 0.944342 0.049352
vt 0.945430 0.050799
vt 0.943658 0.049933
vt 0.942743 0.047447
vt 0.947960 0.051465
vt 0.947782 0.052189
vt 0.465065 0.909895
vt 0.472080 0.910061
vt 0.464942 0.910671
vt 0.465531 0.908927
vt 0.598586 0.421904
vt 0.600119 0.409075
vt 0.601194 0.421995
vt 0.597383 0.425792
vt 0.899439 0.912827
vt 0.906441 0.912321
vt 0.906283 0.913088
vt 0.905981 0.914181
vt 0.533421 0.763316
vt 0.524601 0.762604
vt 0.524435 0.762034
vt 0.525611 0.764477
vt 0.537980 0.764339
vt 0.533591 0.764056
vt 0.541544 0.763107
vt 0.525700 0.765448
vt 0.792089 0.945621
vt 0.790166 0.947129
vt 0.791016 0.945557
vt 0.792480 0.946777
vt 0.791440 0.948907
vt 0.790189 0.949603
vt 0.944587 0.530058
vt 0.944336 0.532471
vt 0.942717 0.527683
vt 0.943115 0.532756
vt 0.941456 0.527396
vt 0.941895 0.534180
vt 0.941085 0.532151
vt 0.643132 0.689335
vt 0.651966 0.690878
vt 0.649675 0.693315
vt 0.647436 0.685978
vt 0.620376 0.684311
vt 0.638274 0.682421
vt 0.620423 0.687601
vt 0.620144 0.690357
vt 0.620320 0.695430
vt 0.640601 0.696231
vt 0.877365 0.681483
vt 0.880040 0.677554
vt 0.879326 0.680245
vt 0.875818 0.680622
vt 0.881454 0.676196
vt 0.881204 0.670831
vt 0.877148 0.671764
vt 0.970830 0.060618
vt 0.972226 0.058724
vt 0.972864 0.061724
vt 0.666986 0.912462
vt 0.667164 0.920662
vt 0.666287 0.920490
vt 0.667965 0.920379
vt 0.869629 0.696651
vt 0.865985 0.706347
vt 0.868343 0.694332
vt 0.870850 0.693848
vt 0.871338 0.694092
vt 0.069444 0.137715
vt 0.069502 0.132785
vt 0.070492 0.136142
vt 0.067918 0.128430
vt 0.071510 0.135717
vt 0.067798 0.126490
vt 0.073114 0.136666
vt 0.819646 0.318413
vt 0.825221 0.305097
vt 0.819776 0.321903
vt 0.824759 0.317348
vt 0.823977 0.306446
vt 0.834265 0.310379
vt 0.829325 0.318086
vt 0.835956 0.301326
vt 0.831814 0.295482
vt 0.918466 0.185167
vt 0.914238 0.184372
vt 0.917992 0.183689
vt 0.922121 0.178771
vt 0.921505 0.179031
vt 0.332306 0.488306
vt 0.330078 0.465088
vt 0.324294 0.439228
vt 0.329270 0.459937
vt 0.784459 0.918727
vt 0.786875 0.919383
vt 0.783128 0.917956
vt 0.786640 0.920511
vt 0.790013 0.920735
vt 0.088840 0.068262
vt 0.090683 0.072778
vt 0.084393 0.081057
vt 0.083303 0.075132
vt 0.085882 0.083164
vt 0.090341 0.083910
vt 0.087713 0.085524
vt 0.938866 0.001201
vt 0.930431 0.002815
vt 0.935105 0.002547
vt 0.828896 0.324058
vt 0.836107 0.314626
vt 0.832890 0.321923
vt 0.834259 0.312344
vt 0.295627 0.606840
vt 0.325143 0.600744
vt 0.318729 0.607305
vt 0.302373 0.608172
vt 0.307801 0.609017
vt 0.321972 0.597866
vt 0.321175 0.597141
vt 0.950341 0.878739
vt 0.951908 0.884693
vt 0.950693 0.883393
vt 0.949951 0.886475
vt 0.054111 0.272688
vt 0.056476 0.263275
vt 0.058687 0.263613
vt 0.060418 0.265580
vt 0.057139 0.273523
vt 0.084274 0.889730
vt 0.082396 0.887966
vt 0.088060 0.881438
vt 0.088275 0.883339
vt 0.791684 0.702430
vt 0.784287 0.705770
vt 0.783009 0.704428
vt 0.104940 0.180287
vt 0.836802 0.471663
vt 0.841038 0.472861
vt 0.840608 0.474613
vt 0.837992 0.474193
vt 0.835364 0.472806
vt 0.827226 0.464468
vt 0.827077 0.465877
vt 0.824243 0.463904
vt 0.820881 0.457268
vt 0.830124 0.463682
vt 0.827607 0.463282
vt 0.818060 0.456786
vt 0.816128 0.456757
vt 0.818386 0.459760
vt 0.869784 0.625873
vt 0.873047 0.616943
vt 0.870979 0.620881
vt 0.867200 0.628673
vt 0.869656 0.622747
vt 0.867923 0.630431
vt 0.040918 0.232905
vt 0.041459 0.231705
vt 0.050610 0.243238
vt 0.040640 0.234180
vt 0.049511 0.242942
vt 0.047798 0.243413
vt 0.056050 0.242185
vt 0.056477 0.243983
vt 0.053937 0.243961
vt 0.051025 0.245361
vt 0.064316 0.460552
vt 0.058176 0.480072
vt 0.059313 0.476979
vt 0.059210 0.480481
vt 0.065230 0.460963
vt 0.065290 0.460395
vt 0.059009 0.261549
vt 0.058849 0.254028
vt 0.057944 0.256763
vt 0.263822 0.800129
vt 0.264160 0.800293
vt 0.264950 0.800970
vt 0.266701 0.801999
vt 0.257717 0.805939
vt 0.263199 0.800217
vt 0.259994 0.806481
vt 0.261507 0.807102
vt 0.266963 0.802546
vt 0.782752 0.918800
vt 0.892797 0.773804
vt 0.894395 0.767090
vt 0.891357 0.772949
vt 0.889432 0.777970
vt 0.890762 0.777496
vt 0.894421 0.768380
vt 0.893798 0.766798
vt 0.844595 0.401486
vt 0.840357 0.399170
vt 0.845028 0.399861
vt 0.857120 0.400235
vt 0.905736 0.539515
vt 0.905018 0.531638
vt 0.903144 0.539685
vt 0.904725 0.539891
vt 0.903221 0.528825
vt 0.094888 0.232068
vt 0.088815 0.232266
vt 0.083444 0.239752
vt 0.098937 0.231279
vt 0.087252 0.227053
vt 0.084584 0.220356
vt 0.102310 0.230427
vt 0.855158 0.401201
vt 0.890292 0.036698
vt 0.889231 0.046646
vt 0.889109 0.036273
vt 0.888093 0.035598
vt 0.857902 0.887168
vt 0.859527 0.892003
vt 0.854560 0.883460
vt 0.021310 0.589083
vt 0.019094 0.576677
vt 0.020779 0.575419
vt 0.018971 0.583164
vt 0.021968 0.588553
vt 0.020020 0.590088
vt 0.193985 0.928241
vt 0.194774 0.929127
vt 0.187756 0.925963
vt 0.193844 0.926977
vt 0.189332 0.927246
vt 0.189726 0.928315
vt 0.249756 0.843018
vt 0.263052 0.839147
vt 0.252930 0.844220
vt 0.260059 0.842696
vt 0.252376 0.845943
vt 0.263831 0.840654
vt 0.264160 0.843262
vt 0.258830 0.847186
vt 0.826483 0.878906
vt 0.825839 0.879528
vt 0.815560 0.879370
vt 0.825095 0.878033
vt 0.826870 0.877719
vt 0.816436 0.881513
vt 0.815684 0.877686
vt 0.816238 0.876991
vt 0.040776 0.324140
vt 0.046527 0.326368
vt 0.046839 0.327788
vt 0.036386 0.326824
vt 0.047881 0.328708
vt 0.051450 0.330797
vt 0.039629 0.329496
vt 0.052194 0.333649
vt 0.044922 0.329346
vt 0.044434 0.329102
vt 0.035416 0.325854
vt 0.036323 0.324975
vt 0.037738 0.323825
vt 0.044922 0.328613
vt 0.044922 0.328857
vt 0.044922 0.328857
vt 0.044922 0.328857
vt 0.044922 0.328857
vt 0.043990 0.875096
vt 0.036834 0.877335
vt 0.037192 0.876465
vt 0.039897 0.875474
vt 0.045024 0.876593
vt 0.400945 0.885265
vt 0.396774 0.886313
vt 0.396032 0.885008
vt 0.395833 0.884033
vt 0.406487 0.883088
vt 0.396681 0.882244
vt 0.407797 0.884533
vt 0.407820 0.883838
vt 0.747851 0.827076
vt 0.744151 0.827631
vt 0.747774 0.826565
vt 0.732071 0.823695
vt 0.746711 0.826025
vt 0.731665 0.824650
vt 0.731046 0.826377
vt 0.738670 0.823583
vt 0.730676 0.824512
vt 0.318532 0.876413
vt 0.316934 0.871627
vt 0.326478 0.874939
vt 0.326904 0.872314
vt 0.315985 0.870301
vt 0.317676 0.875439
vt 0.315317 0.871021
vt 0.314110 0.869141
vt 0.947211 0.940365
vt 0.943005 0.939485
vt 0.949441 0.938972
vt 0.099976 0.349551
vt 0.103500 0.348730
vt 0.105626 0.352359
vt 0.095376 0.351167
vt 0.094537 0.351501
vt 0.094845 0.353380
vt 0.095014 0.349663
vt 0.098839 0.359080
vt 0.103591 0.355863
vt 0.102598 0.359670
vt 0.098949 0.365679
vt 0.096132 0.373454
vt 0.100140 0.365370
vt 0.101460 0.365417
vt 0.095388 0.373738
vt 0.096520 0.373622
vt 0.959692 0.855380
vt 0.960693 0.855713
vt 0.962546 0.855440
vt 0.958971 0.856284
vt 0.067619 0.046284
vt 0.068019 0.045423
vt 0.069091 0.046156
vt 0.069171 0.049620
vt 0.070834 0.049294
vt 0.071230 0.047911
vt 0.074001 0.046703
vt 0.074177 0.063364
vt 0.072571 0.066450
vt 0.071727 0.066591
vt 0.070078 0.063891
vt 0.068115 0.050293
vt 0.059150 0.808852
vt 0.057658 0.809604
vt 0.042451 0.809755
vt 0.060547 0.808594
vt 0.060162 0.810030
vt 0.043487 0.808702
vt 0.042330 0.807615
vt 0.040538 0.808305
vt 0.053232 0.810948
vt 0.042902 0.810728
vt 0.337828 0.863524
vt 0.338983 0.862384
vt 0.337808 0.872010
vt 0.341260 0.868701
vt 0.340705 0.867871
vt 0.632445 0.784281
vt 0.628274 0.782334
vt 0.630378 0.795944
vt 0.630510 0.783271
vt 0.632552 0.782636
vt 0.049636 0.404770
vt 0.046459 0.388910
vt 0.048860 0.389123
vt 0.044951 0.391112
vt 0.050330 0.404954
vt 0.045524 0.402895
vt 0.047250 0.406003
vt 0.050776 0.390058
vt 0.051428 0.388847
vt 0.111706 0.823215
vt 0.118121 0.823835
vt 0.115772 0.824540
vt 0.119508 0.827132
vt 0.120170 0.828310
vt 0.126017 0.825451
vt 0.127385 0.823693
vt 0.127722 0.822425
vt 0.119332 0.821468
vt 0.127039 0.821435
vt 0.116832 0.821904
vt 0.982348 0.109802
vt 0.984555 0.108775
vt 0.984100 0.109396
vt 0.981581 0.109420
vt 0.982944 0.108345
vt 0.043308 0.231822
vt 0.874023 0.215576
vt 0.875336 0.217945
vt 0.874033 0.218103
vt 0.873518 0.224815
vt 0.874489 0.226727
vt 0.875104 0.222261
vt 0.876130 0.225645
vt 0.876626 0.217915
vt 0.877722 0.218771
vt 0.877468 0.225543
vt 0.948442 0.479128
vt 0.949139 0.483558
vt 0.949793 0.478426
vt 0.949178 0.483602
vt 0.948472 0.477190
vt 0.948428 0.484022
vt 0.988029 0.268613
vt 0.988475 0.268471
vt 0.987637 0.271063
vt 0.322022 0.885855
vt 0.321834 0.895793
vt 0.321571 0.885521
vt 0.842315 0.206868
vt 0.844225 0.192028
vt 0.843785 0.217908
vt 0.843941 0.215971
vt 0.842860 0.220029
vt 0.841308 0.216419
vt 0.446073 0.334162
vt 0.441162 0.333740
vt 0.441162 0.333740
vt 0.440918 0.333984
vt 0.441162 0.333740
vt 0.441162 0.333740
vt 0.473767 0.337716
vt 0.853732 0.903948
vt 0.853946 0.904438
vt 0.843850 0.902638
vt 0.844479 0.901819
vt 0.355535 0.876413
vt 0.353447 0.873745
vt 0.364616 0.872084
vt 0.353818 0.871965
vt 0.354528 0.869399
vt 0.359049 0.869987
vt 0.363206 0.870579
vt 0.365362 0.875408
vt 0.811965 0.860063
vt 0.812415 0.861794
vt 0.798959 0.860258
vt 0.809358 0.861502
vt 0.803515 0.861093
vt 0.799238 0.861328
vt 0.799134 0.858396
vt 0.799477 0.859131
vt 0.808643 0.857821
vt 0.787326 0.513517
vt 0.787558 0.514769
vt 0.786063 0.515631
vt 0.783905 0.532646
vt 0.781519 0.532024
vt 0.781289 0.517931
vt 0.781290 0.550865
vt 0.783238 0.543304
vt 0.785177 0.529839
vt 0.786511 0.552982
vt 0.787177 0.536367
vt 0.933234 0.645808
vt 0.934192 0.645501
vt 0.934271 0.647973
vt 0.932728 0.647631
vt 0.934902 0.648335
vt 0.938629 0.648152
vt 0.936092 0.649336
vt 0.936279 0.649658
vt 0.938602 0.651448
vt 0.940060 0.651586
vt 0.933440 0.636044
vt 0.932686 0.633069
vt 0.934611 0.635050
vt 0.934532 0.636705
vt 0.147468 0.832482
vt 0.148257 0.830530
vt 0.151714 0.832745
vt 0.151505 0.831065
vt 0.848782 0.570322
vt 0.840903 0.555297
vt 0.848480 0.566964
vt 0.840136 0.557160
vt 0.843182 0.564541
vt 0.847036 0.569927
vt 0.845183 0.570249
vt 0.846173 0.571811
vt 0.845211 0.573566
vt 0.845145 0.572288
vt 0.902168 0.633967
vt 0.899982 0.627792
vt 0.901450 0.625806
vt 0.902305 0.627852
vt 0.919457 0.020985
vt 0.920168 0.022483
vt 0.919851 0.031670
vt 0.918836 0.020951
vt 0.918247 0.031470
vt 0.919019 0.031335
vt 0.920898 0.001556
vt 0.918848 0.008202
vt 0.919613 0.008048
vt 0.918707 0.003433
vt 0.919532 0.008519
vt 0.510597 0.904099
vt 0.512238 0.902945
vt 0.513375 0.905280
vt 0.513214 0.908905
vt 0.512378 0.909480
vt 0.509398 0.903972
vt 0.507063 0.902977
vt 0.506592 0.901367
vt 0.954067 0.769059
vt 0.956068 0.775377
vt 0.953869 0.771575
vt 0.098077 0.872505
vt 0.102108 0.877793
vt 0.097962 0.873873
vt 0.103134 0.877954
vt 0.102217 0.877360
vt 0.104773 0.881887
vt 0.933774 0.568126
vt 0.933946 0.573217
vt 0.931684 0.576263
vt 0.935081 0.573517
vt 0.931799 0.573337
vt 0.932480 0.569209
vt 0.856657 0.414396
vt 0.854686 0.416607
vt 0.854652 0.421088
vt 0.855665 0.421000
vt 0.855137 0.414680
vt 0.855467 0.424815
vt 0.855901 0.427403
vt 0.854995 0.428139
vt 0.855335 0.432791
vt 0.888141 0.283105
vt 0.886775 0.284251
vt 0.889575 0.281241
vt 0.890869 0.284180
vt 0.890625 0.284668
vt 0.889869 0.278471
vt 0.888967 0.274399
vt 0.886302 0.281163
vt 0.884219 0.283471
vt 0.883789 0.284617
vt 0.884521 0.285156
vt 0.887949 0.273785
vt 0.908340 0.049569
vt 0.908445 0.047287
vt 0.909668 0.051514
vt 0.906067 0.041618
vt 0.905320 0.046619
vt 0.773492 0.912917
vt 0.768037 0.912967
vt 0.767806 0.912123
vt 0.677164 0.093769
vt 0.676306 0.094048
vt 0.674399 0.093279
vt 0.661875 0.082725
vt 0.675574 0.090747
vt 0.665035 0.081647
vt 0.660592 0.085393
vt 0.875505 0.321155
vt 0.870249 0.331772
vt 0.871840 0.329359
vt 0.871642 0.331418
vt 0.878087 0.320667
vt 0.877185 0.320902
vt 0.877203 0.319420
vt 0.657472 0.085449
vt 0.655050 0.085687
vt 0.657230 0.079446
vt 0.642611 0.081404
vt 0.643088 0.081804
vt 0.636171 0.080108
vt 0.650372 0.082001
vt 0.635806 0.079357
vt 0.658447 0.075928
vt 0.861379 0.856934
vt 0.848068 0.856578
vt 0.854836 0.856286
vt 0.861440 0.858380
vt 0.848801 0.858245
vt 0.855927 0.857669
vt 0.096546 0.894577
vt 0.098914 0.891669
vt 0.101849 0.891004
vt 0.104352 0.891625
vt 0.119504 0.191184
vt 0.124822 0.178399
vt 0.120711 0.191890
vt 0.126709 0.178223
vt 0.128989 0.176756
vt 0.118728 0.187879
vt 0.123122 0.177743
vt 0.117291 0.185128
vt 0.380797 0.923475
vt 0.381532 0.922066
vt 0.382828 0.926986
vt 0.381556 0.922080
vt 0.049211 0.406276
vt 0.132496 0.175877
vt 0.131273 0.177155
vt 0.130285 0.177216
vt 0.669355 0.858201
vt 0.668631 0.858040
vt 0.669537 0.869999
vt 0.670117 0.871533
vt 0.669344 0.858333
vt 0.668706 0.870636
vt 0.670410 0.871094
vt 0.252514 0.800476
vt 0.247711 0.802643
vt 0.250663 0.799420
vt 0.249457 0.798986
vt 0.247090 0.801151
vt 0.248188 0.804302
vt 0.249764 0.805464
vt 0.252264 0.807783
vt 0.260381 0.799547
vt 0.253378 0.800763
vt 0.256432 0.807862
vt 0.253791 0.809339
vt 0.842221 0.191487
vt 0.843507 0.191396
vt 0.322473 0.886934
vt 0.651129 0.843492
vt 0.650105 0.842858
vt 0.660459 0.847819
vt 0.652246 0.840879
vt 0.664663 0.847541
vt 0.657600 0.837619
vt 0.661191 0.836697
vt 0.663069 0.840200
vt 0.663860 0.837497
vt 0.664716 0.843156
vt 0.666835 0.846071
vt 0.033635 0.138335
vt 0.034861 0.136686
vt 0.034172 0.145565
vt 0.033173 0.153068
vt 0.037533 0.151448
vt 0.035744 0.148801
vt 0.037252 0.143777
vt 0.036760 0.140363
vt 0.038906 0.821448
vt 0.041006 0.828835
vt 0.037446 0.820714
vt 0.038924 0.831528
vt 0.040798 0.831077
vt 0.041605 0.831208
vt 0.041802 0.832999
vt 0.041752 0.835510
vt 0.037709 0.830326
vt 0.037241 0.833064
vt 0.036105 0.820061
vt 0.034753 0.822760
vt 0.035240 0.829089
vt 0.928620 0.824425
vt 0.927455 0.822188
vt 0.930544 0.824246
vt 0.929589 0.826838
vt 0.078413 0.868871
vt 0.076992 0.864222
vt 0.074303 0.859946
vt 0.079410 0.870832
vt 0.079102 0.872314
vt 0.078236 0.871800
vt 0.083017 0.870675
vt 0.081521 0.864100
vt 0.085488 0.860003
vt 0.075581 0.859497
vt 0.074686 0.859164
vt 0.087508 0.860778
vt 0.085819 0.865085
vt 0.900251 0.824747
vt 0.899043 0.823159
vt 0.901334 0.824648
vt 0.900448 0.818262
vt 0.898936 0.815708
vt 0.899641 0.814463
vt 0.901013 0.814433
vt 0.898396 0.814730
vt 0.895508 0.823730
vt 0.145740 0.811397
vt 0.135015 0.812228
vt 0.147756 0.813099
vt 0.146683 0.816063
vt 0.148523 0.816620
vt 0.146973 0.817627
vt 0.151852 0.820172
vt 0.151044 0.819499
vt 0.149043 0.810617
vt 0.322902 0.780536
vt 0.321901 0.779115
vt 0.328696 0.781127
vt 0.331274 0.780353
vt 0.330695 0.792928
vt 0.314783 0.793354
vt 0.315954 0.789469
vt 0.315718 0.795796
vt 0.318914 0.783754
vt 0.316697 0.795801
vt 0.315654 0.788556
vt 0.314453 0.785476
vt 0.315430 0.784612
vt 0.316162 0.783936
vt 0.669372 0.056139
vt 0.636958 0.059156
vt 0.635762 0.059031
vt 0.629566 0.058298
vt 0.668776 0.052738
vt 0.629388 0.059083
vt 0.630438 0.054909
vt 0.636175 0.051445
vt 0.627942 0.039553
vt 0.628109 0.038719
vt 0.635141 0.039141
vt 0.628908 0.041084
vt 0.632087 0.038330
vt 0.636345 0.038574
vt 0.668522 0.038754
vt 0.668088 0.042383
vt 0.631581 0.043719
vt 0.346743 0.090734
vt 0.360022 0.096033
vt 0.388095 0.106094
vt 0.388879 0.104604
vt 0.380441 0.101362
vt 0.388911 0.103956
vt 0.345146 0.091668
vt 0.344578 0.091147
vt 0.352114 0.093823
vt 0.372518 0.101936
vt 0.065460 0.873230
vt 0.067041 0.874161
vt 0.056282 0.874400
vt 0.066932 0.875103
vt 0.065511 0.876659
vt 0.351663 0.812761
vt 0.355714 0.814937
vt 0.352307 0.814562
vt 0.359619 0.818359
vt 0.352224 0.818709
vt 0.365933 0.817458
vt 0.368487 0.815795
vt 0.368896 0.816895
vt 0.368657 0.814108
vt 0.363474 0.813434
vt 0.352240 0.817102
vt 0.725184 0.757138
vt 0.718437 0.764530
vt 0.712637 0.772245
vt 0.724637 0.757675
vt 0.711604 0.773053
vt 0.712375 0.774120
vt 0.720352 0.764880
vt 0.724341 0.756132
vt 0.922240 0.591631
vt 0.922845 0.589522
vt 0.923502 0.592621
vt 0.922831 0.595919
vt 0.920580 0.591618
vt 0.919626 0.587518
vt 0.902414 0.425387
vt 0.904077 0.428554
vt 0.901956 0.427256
vt 0.905491 0.432989
vt 0.903791 0.429914
vt 0.908144 0.433095
vt 0.903562 0.426004
vt 0.909231 0.431996
vt 0.451878 0.102095
vt 0.475527 0.101135
vt 0.453875 0.106978
vt 0.476437 0.105663
vt 0.476819 0.109933
vt 0.454595 0.110778
vt 0.454200 0.115181
vt 0.477044 0.117231
vt 0.450272 0.119189
vt 0.477267 0.119904
vt 0.452855 0.121104
vt 0.941544 0.779794
vt 0.941026 0.775351
vt 0.944210 0.776366
vt 0.943288 0.771733
vt 0.364967 0.977818
vt 0.363775 0.979971
vt 0.363287 0.978804
vt 0.993533 0.229192
vt 0.994420 0.231020
vt 0.992655 0.230169
vt 0.801221 0.702529
vt 0.810493 0.702490
vt 0.799737 0.706106
vt 0.809615 0.704730
vt 0.813449 0.699234
vt 0.806951 0.699413
vt 0.901909 0.565940
vt 0.901155 0.567101
vt 0.897200 0.561066
vt 0.895611 0.557097
vt 0.851072 0.647366
vt 0.843532 0.648518
vt 0.843977 0.648399
vt 0.849436 0.649113
vt 0.844454 0.649152
vt 0.854570 0.647728
vt 0.853764 0.650519
vt 0.859358 0.645535
vt 0.858896 0.643884
vt 0.855687 0.650699
vt 0.538011 0.848964
vt 0.536300 0.850684
vt 0.525011 0.845733
vt 0.525140 0.848191
vt 0.536586 0.851855
vt 0.524798 0.847350
vt 0.156772 0.707804
vt 0.155184 0.698089
vt 0.154828 0.693510
vt 0.156365 0.692387
vt 0.157578 0.691980
vt 0.158599 0.709323
vt 0.160036 0.711510
vt 0.159383 0.693319
vt 0.162409 0.709557
vt 0.162137 0.712447
vt 0.858533 0.336771
vt 0.859441 0.337162
vt 0.852774 0.350537
vt 0.856989 0.336734
vt 0.855044 0.352830
vt 0.853685 0.351850
vt 0.888392 0.755165
vt 0.895432 0.748931
vt 0.895877 0.749178
vt 0.891006 0.753729
vt 0.885092 0.757007
vt 0.887505 0.756117
vt 0.895965 0.753173
vt 0.544750 0.909441
vt 0.547463 0.913486
vt 0.544302 0.917903
vt 0.542718 0.909642
vt 0.545450 0.917985
vt 0.541803 0.909569
vt 0.542139 0.911067
vt 0.546212 0.917897
vt 0.547285 0.916085
vt 0.333531 0.899945
vt 0.333400 0.899871
vt 0.335709 0.907098
vt 0.332861 0.900690
vt 0.334638 0.909251
vt 0.918681 0.915000
vt 0.918409 0.912487
vt 0.919502 0.915938
vt 0.926033 0.915498
vt 0.921421 0.916496
vt 0.834676 0.467262
vt 0.328613 0.797794
vt 0.327533 0.794445
vt 0.668805 0.046493
vt 0.115433 0.941836
vt 0.119379 0.941176
vt 0.120190 0.944382
vt 0.116394 0.946306
vt 0.712340 0.905419
vt 0.710112 0.903857
vt 0.713818 0.901630
vt 0.867371 0.354835
vt 0.871410 0.343527
vt 0.872307 0.341673
vt 0.739616 0.876192
vt 0.744066 0.876037
vt 0.746005 0.877295
vt 0.748047 0.878287
vt 0.743159 0.878268
vt 0.751077 0.876006
vt 0.743904 0.874162
vt 0.748508 0.874699
vt 0.034155 0.196010
vt 0.035585 0.194805
vt 0.031695 0.198276
vt 0.032358 0.199158
vt 0.030138 0.205346
vt 0.030923 0.204576
vt 0.031412 0.203526
vt 0.033512 0.193817
vt 0.032573 0.193666
vt 0.354583 0.145299
vt 0.353352 0.146363
vt 0.359586 0.135343
vt 0.360477 0.128577
vt 0.355287 0.144650
vt 0.367812 0.122555
vt 0.368638 0.123477
vt 0.382693 0.118799
vt 0.396286 0.115696
vt 0.394273 0.115612
vt 0.392578 0.115723
vt 0.365401 0.125495
vt 0.362369 0.118612
vt 0.351943 0.107676
vt 0.366433 0.120640
vt 0.353629 0.107939
vt 0.357232 0.110329
vt 0.359477 0.122547
vt 0.355277 0.111888
vt 0.872314 0.531738
vt 0.872314 0.531738
vt 0.872070 0.531250
vt 0.872314 0.531738
vt 0.872314 0.531982
vt 0.872314 0.531738
vt 0.877576 0.536473
vt 0.870352 0.538763
vt 0.871338 0.532471
vt 0.878386 0.540532
vt 0.878174 0.536377
vt 0.878402 0.534813
vt 0.307175 0.590673
vt 0.897798 0.787999
vt 0.897816 0.793534
vt 0.896966 0.788674
vt 0.897147 0.793470
vt 0.897086 0.792167
vt 0.897501 0.798938
vt 0.897060 0.799661
vt 0.896825 0.799641
vt 0.896153 0.787539
vt 0.889893 0.779053
vt 0.889404 0.779053
vt 0.244435 0.893436
vt 0.248201 0.891776
vt 0.253701 0.891854
vt 0.253825 0.892223
vt 0.244433 0.895857
vt 0.906738 0.248291
vt 0.906839 0.248535
vt 0.905683 0.246644
vt 0.903720 0.249695
vt 0.905155 0.250417
vt 0.904310 0.248416
vt 0.902215 0.248351
vt 0.902188 0.239693
vt 0.904652 0.238966
vt 0.901630 0.239133
vt 0.903179 0.239665
vt 0.720915 0.919441
vt 0.721971 0.918671
vt 0.721266 0.921900
vt 0.723803 0.922387
vt 0.724854 0.921875
vt 0.341436 0.816795
vt 0.339557 0.812483
vt 0.341909 0.816233
vt 0.340820 0.813232
vt 0.335594 0.811926
vt 0.334456 0.812696
vt 0.334711 0.808841
vt 0.323863 0.810641
vt 0.336763 0.810064
vt 0.323942 0.809840
vt 0.339002 0.808215
vt 0.340788 0.809893
vt 0.138910 0.892572
vt 0.141401 0.894637
vt 0.137807 0.895521
vt 0.141482 0.896059
vt 0.136362 0.893154
vt 0.137296 0.898140
vt 0.146452 0.896861
vt 0.146729 0.895752
vt 0.147242 0.896662
vt 0.137406 0.897307
vt 0.762343 0.887093
vt 0.762071 0.885964
vt 0.768784 0.885446
vt 0.766777 0.883931
vt 0.771669 0.884083
vt 0.763214 0.883789
vt 0.761535 0.884905
vt 0.080227 0.460435
vt 0.078652 0.468144
vt 0.077178 0.473980
vt 0.079157 0.461018
vt 0.072765 0.479480
vt 0.078437 0.459907
vt 0.072858 0.476678
vt 0.838011 0.263754
vt 0.839457 0.263906
vt 0.842761 0.278333
vt 0.839245 0.256922
vt 0.843445 0.274861
vt 0.841914 0.263571
vt 0.653222 0.795099
vt 0.652698 0.797331
vt 0.643903 0.786999
vt 0.650918 0.798892
vt 0.117130 0.294773
vt 0.108613 0.288620
vt 0.116217 0.294600
vt 0.116635 0.293574
vt 0.108046 0.282647
vt 0.107638 0.281275
vt 0.112972 0.285582
vt 0.105770 0.281904
vt 0.233058 0.994779
vt 0.233398 0.995605
vt 0.232666 0.995605
vt 0.000488 0.104248
vt 0.000488 0.104248
vt 0.000488 0.104004
vt 0.000488 0.104004
vt 0.000488 0.104248
vt 0.000488 0.104004
vt 0.000488 0.104248
vt 0.000488 0.104004
vt 0.104278 0.276519
vt 0.105361 0.277152
vt 0.466991 0.812073
vt 0.458590 0.807746
vt 0.468121 0.810117
vt 0.464355 0.810547
vt 0.476781 0.807226
vt 0.469149 0.818582
vt 0.472021 0.806671
vt 0.467559 0.807092
vt 0.467892 0.807713
vt 0.458925 0.805565
vt 0.716272 0.041600
vt 0.709301 0.041003
vt 0.715297 0.039848
vt 0.706118 0.039023
vt 0.703954 0.040050
vt 0.706299 0.041504
vt 0.699943 0.041100
vt 0.690215 0.039621
vt 0.691499 0.041358
vt 0.680698 0.041403
vt 0.696303 0.038722
vt 0.029495 0.312041
vt 0.042806 0.312592
vt 0.027736 0.313640
vt 0.237514 0.950950
vt 0.237175 0.948830
vt 0.241482 0.949391
vt 0.900703 0.858395
vt 0.897729 0.867197
vt 0.899731 0.867713
vt 0.898870 0.865669
vt 0.898930 0.856794
vt 0.897198 0.857964
vt 0.898066 0.857788
vt 0.067554 0.575841
vt 0.068097 0.575113
vt 0.067225 0.588057
vt 0.069181 0.592559
vt 0.068498 0.576935
vt 0.068197 0.593129
vt 0.067758 0.593374
vt 0.067383 0.592285
vt 0.611012 0.791644
vt 0.602440 0.802661
vt 0.602256 0.803686
vt 0.600852 0.804100
vt 0.612658 0.795160
vt 0.617716 0.793830
vt 0.614856 0.792871
vt 0.617085 0.793394
vt 0.280985 0.931982
vt 0.279614 0.934499
vt 0.278228 0.931303
vt 0.280844 0.929037
vt 0.974637 0.589581
vt 0.973269 0.588364
vt 0.976087 0.589606
vt 0.322403 0.605462
vt 0.043797 0.475567
vt 0.046197 0.476348
vt 0.050902 0.459974
vt 0.044418 0.476134
vt 0.050979 0.458401
vt 0.323192 0.747187
vt 0.314647 0.746736
vt 0.323485 0.748127
vt 0.310108 0.745671
vt 0.323193 0.746828
vt 0.313516 0.743885
vt 0.312224 0.747525
vt 0.297978 0.744838
vt 0.298122 0.745542
vt 0.297664 0.744623
vt 0.562309 0.031555
vt 0.000488 0.121757
vt 0.000488 0.121582
vt 0.000488 0.121826
vt 0.000488 0.130615
vt 0.000488 0.130559
vt 0.000488 0.130371
vt 0.196223 0.693241
vt 0.192034 0.691822
vt 0.203536 0.695548
vt 0.203273 0.694956
vt 0.203624 0.693839
vt 0.787354 0.519517
vt 0.787087 0.526362
vt 0.783380 0.516316
vt 0.112017 0.760216
vt 0.108010 0.759373
vt 0.120337 0.756596
vt 0.119870 0.755674
vt 0.130532 0.754415
vt 0.130415 0.752562
vt 0.120398 0.753847
vt 0.108445 0.757552
vt 0.111807 0.754828
vt 0.114456 0.753961
vt 0.127997 0.750898
vt 0.119576 0.753013
vt 0.128055 0.749253
vt 0.111439 0.760846
vt 0.107704 0.761240
vt 0.107432 0.760505
vt 0.066314 0.121815
vt 0.902109 0.247194
vt 0.921215 0.086285
vt 0.921324 0.084942
vt 0.923811 0.090055
vt 0.924506 0.089954
vt 0.515027 0.870872
vt 0.515742 0.869565
vt 0.516113 0.869873
vt 0.513570 0.869041
vt 0.515581 0.876721
vt 0.511988 0.869982
vt 0.514690 0.878252
vt 0.512054 0.872677
vt 0.518271 0.879507
vt 0.920915 0.700388
vt 0.920166 0.700928
vt 0.919378 0.700171
vt 0.919644 0.691382
vt 0.919298 0.693500
vt 0.921273 0.691554
vt 0.626630 0.698361
vt 0.965499 0.225136
vt 0.963514 0.224530
vt 0.964396 0.219718
vt 0.966743 0.221369
vt 0.896203 0.719706
vt 0.896903 0.708535
vt 0.897232 0.719512
vt 0.897967 0.708466
vt 0.898507 0.719473
vt 0.896064 0.707766
vt 0.900145 0.714914
vt 0.899839 0.719781
vt 0.941962 0.814531
vt 0.938336 0.812151
vt 0.943183 0.817697
vt 0.940001 0.816935
vt 0.361219 0.859721
vt 0.362535 0.858234
vt 0.354310 0.857356
vt 0.361929 0.858932
vt 0.353770 0.858146
vt 0.350759 0.856094
vt 0.349121 0.855839
vt 0.432818 0.080184
vt 0.454711 0.083226
vt 0.437416 0.081917
vt 0.445573 0.080939
vt 0.456758 0.083881
vt 0.458238 0.082623
vt 0.450412 0.083085
vt 0.911406 0.311982
vt 0.903764 0.313114
vt 0.906325 0.311274
vt 0.998779 0.495738
vt 0.998439 0.496506
vt 0.998418 0.495732
vt 0.909080 0.688120
vt 0.910305 0.693488
vt 0.908510 0.693578
vt 0.908682 0.698854
vt 0.906871 0.698208
vt 0.206940 0.866303
vt 0.203449 0.868331
vt 0.202261 0.856648
vt 0.199827 0.856162
vt 0.204169 0.855029
vt 0.026367 0.312744
vt 0.133233 0.847474
vt 0.133532 0.846110
vt 0.135402 0.850877
vt 0.133213 0.849493
vt 0.133104 0.843579
vt 0.130232 0.837765
vt 0.809350 0.211410
vt 0.806809 0.207718
vt 0.807817 0.201686
vt 0.804581 0.200665
vt 0.801790 0.202409
vt 0.800032 0.200722
vt 0.801415 0.198822
vt 0.807177 0.186730
vt 0.809021 0.199715
vt 0.806683 0.177315
vt 0.806390 0.176912
vt 0.807499 0.176302
vt 0.954556 0.182536
vt 0.951778 0.183282
vt 0.949371 0.181384
vt 0.431480 0.704083
vt 0.448058 0.701480
vt 0.430052 0.702734
vt 0.446300 0.700043
vt 0.430195 0.703554
vt 0.911247 0.854940
vt 0.911253 0.856579
vt 0.909474 0.853058
vt 0.501388 0.799503
vt 0.503373 0.795228
vt 0.500977 0.800293
vt 0.501889 0.799451
vt 0.509526 0.793743
vt 0.508990 0.794713
vt 0.500845 0.787204
vt 0.506841 0.790707
vt 0.519533 0.794381
vt 0.510808 0.790969
vt 0.520164 0.792967
vt 0.519249 0.793040
vt 0.450875 0.900935
vt 0.446504 0.902490
vt 0.445615 0.898429
vt 0.452284 0.895437
vt 0.446196 0.893659
vt 0.454834 0.892090
vt 0.453723 0.895980
vt 0.454590 0.896973
vt 0.902398 0.003235
vt 0.908543 0.009720
vt 0.908231 0.010606
vt 0.907773 0.011490
vt 0.704051 0.921950
vt 0.703699 0.921703
vt 0.704899 0.920814
vt 0.704700 0.922696
vt 0.704447 0.919536
vt 0.711491 0.920912
vt 0.711096 0.919947
vt 0.711670 0.918701
vt 0.704970 0.918149
vt 0.030070 0.914437
vt 0.028398 0.915440
vt 0.030279 0.912611
vt 0.979213 0.344909
vt 0.978271 0.344956
vt 0.979847 0.344391
vt 0.978624 0.342900
vt 0.978112 0.340685
vt 0.977783 0.341553
vt 0.813826 0.833975
vt 0.814930 0.832366
vt 0.822723 0.834695
vt 0.816281 0.832222
vt 0.815118 0.834895
vt 0.809084 0.835583
vt 0.811966 0.832040
vt 0.808044 0.834876
vt 0.418422 0.065155
vt 0.427530 0.071458
vt 0.424367 0.071653
vt 0.417281 0.065750
vt 0.416551 0.066647
vt 0.421099 0.071719
vt 0.417720 0.069668
vt 0.422175 0.078133
vt 0.428012 0.082220
vt 0.420523 0.093094
vt 0.418419 0.096038
vt 0.421631 0.087646
vt 0.418754 0.096540
vt 0.439694 0.078296
vt 0.432160 0.074582
vt 0.474281 0.876767
vt 0.481632 0.882262
vt 0.481538 0.882679
vt 0.475333 0.875189
vt 0.478586 0.878881
vt 0.476696 0.881876
vt 0.473011 0.880290
vt 0.208562 0.721561
vt 0.216758 0.719976
vt 0.214355 0.721436
vt 0.216432 0.718258
vt 0.228206 0.717794
vt 0.219417 0.720639
vt 0.227951 0.714799
vt 0.215105 0.717290
vt 0.217984 0.715301
vt 0.231844 0.712736
vt 0.232590 0.711622
vt 0.206611 0.719273
vt 0.207460 0.718099
vt 0.715881 0.038115
vt 0.716311 0.039117
vt 0.709376 0.037514
vt 0.709242 0.038615
vt 0.877441 0.230225
vt 0.835251 0.944716
vt 0.834728 0.943134
vt 0.838906 0.943117
vt 0.839658 0.944314
vt 0.446333 0.697285
vt 0.458358 0.702591
vt 0.464241 0.702901
vt 0.449760 0.695923
vt 0.459117 0.701670
vt 0.447661 0.696021
vt 0.922278 0.649782
vt 0.920284 0.641011
vt 0.923300 0.649457
vt 0.922141 0.640598
vt 0.920983 0.648264
vt 0.919616 0.642270
vt 0.918691 0.642568
vt 0.918213 0.641113
vt 0.907889 0.729719
vt 0.915826 0.728438
vt 0.908989 0.728890
vt 0.908862 0.728447
vt 0.915525 0.729348
vt 0.916761 0.730472
vt 0.189887 0.842054
vt 0.183315 0.850642
vt 0.191838 0.845930
vt 0.192812 0.843945
vt 0.189933 0.844623
vt 0.190918 0.841064
vt 0.184298 0.849993
vt 0.184104 0.851658
vt 0.543011 0.901102
vt 0.544786 0.898316
vt 0.544788 0.900607
vt 0.547141 0.899325
vt 0.549508 0.891962
vt 0.544101 0.896468
vt 0.548956 0.893105
vt 0.920410 0.081055
vt 0.919434 0.080811
vt 0.919356 0.083436
vt 0.945206 0.066549
vt 0.943196 0.068198
vt 0.941998 0.065913
vt 0.944504 0.064497
vt 0.942315 0.064101
vt 0.944013 0.062181
vt 0.492113 0.934458
vt 0.491286 0.936110
vt 0.490312 0.934404
vt 0.394636 0.709404
vt 0.396254 0.708008
vt 0.394686 0.710841
vt 0.395742 0.711694
vt 0.386963 0.712786
vt 0.391049 0.712522
vt 0.922160 0.130597
vt 0.922852 0.139252
vt 0.922119 0.138672
vt 0.923527 0.138862
vt 0.922880 0.129262
vt 0.924552 0.138890
vt 0.802448 0.895477
vt 0.802507 0.886592
vt 0.803968 0.897052
vt 0.803723 0.888644
vt 0.805279 0.894129
vt 0.804745 0.888535
vt 0.784091 0.229838
vt 0.778969 0.247095
vt 0.779505 0.236240
vt 0.780278 0.228121
vt 0.790332 0.213657
vt 0.784628 0.216051
vt 0.789631 0.231353
vt 0.793170 0.213507
vt 0.792192 0.233642
vt 0.957651 0.713802
vt 0.954620 0.715485
vt 0.958659 0.710339
vt 0.954198 0.714207
vt 0.931465 0.041320
vt 0.930849 0.035296
vt 0.932465 0.038205
vt 0.336847 0.933918
vt 0.337198 0.933237
vt 0.341948 0.936399
vt 0.337214 0.935410
vt 0.583984 0.903293
vt 0.583759 0.901616
vt 0.589175 0.904037
vt 0.584968 0.905029
vt 0.591052 0.904410
vt 0.592786 0.903344
vt 0.584732 0.901585
vt 0.594238 0.902344
vt 0.592773 0.904053
vt 0.593262 0.904297
vt 0.592285 0.904053
vt 0.591553 0.904053
vt 0.592285 0.904053
vt 0.592773 0.904053
vt 0.940117 0.547710
vt 0.939082 0.551826
vt 0.938965 0.543945
vt 0.940304 0.546316
vt 0.937662 0.552834
vt 0.017440 0.204630
vt 0.015625 0.206543
vt 0.019233 0.206145
vt 0.891177 0.728793
vt 0.892240 0.729074
vt 0.893816 0.737548
vt 0.891695 0.729386
vt 0.890366 0.736129
vt 0.894853 0.738488
vt 0.585786 0.832389
vt 0.577077 0.833188
vt 0.585671 0.831827
vt 0.584593 0.829753
vt 0.583875 0.830400
vt 0.579922 0.830646
vt 0.578297 0.831909
vt 0.578705 0.834822
vt 0.572576 0.829167
vt 0.573325 0.832765
vt 0.568950 0.833320
vt 0.570013 0.833125
vt 0.572629 0.835986
vt 0.574404 0.836150
vt 0.576791 0.835980
vt 0.718882 0.947143
vt 0.722519 0.949055
vt 0.721859 0.948072
vt 0.940231 0.206846
vt 0.940072 0.211574
vt 0.938477 0.206543
vt 0.938451 0.211899
vt 0.936869 0.212183
vt 0.936313 0.210311
vt 0.428506 0.936543
vt 0.433011 0.935697
vt 0.431345 0.936519
vt 0.429668 0.936768
vt 0.433399 0.937988
vt 0.891515 0.072896
vt 0.891508 0.082944
vt 0.891048 0.073833
vt 0.854755 0.486502
vt 0.854629 0.488413
vt 0.853360 0.490096
vt 0.854899 0.482564
vt 0.851831 0.487567
vt 0.854534 0.475925
vt 0.854717 0.474685
vt 0.858337 0.476327
vt 0.853963 0.480910
vt 0.160677 0.922717
vt 0.161440 0.923654
vt 0.152754 0.921572
vt 0.159281 0.920831
vt 0.700360 0.807438
vt 0.700550 0.806177
vt 0.708814 0.810752
vt 0.705411 0.808254
vt 0.715926 0.815977
vt 0.471705 0.882723
vt 0.469955 0.882903
vt 0.470261 0.879598
vt 0.679864 0.038012
vt 0.682352 0.037380
vt 0.418059 0.983731
vt 0.418432 0.985041
vt 0.418230 0.984232
vt 0.374557 0.984824
vt 0.375977 0.985107
vt 0.374882 0.985658
vt 0.505347 0.787881
vt 0.509521 0.788574
vt 0.502938 0.786299
vt 0.504568 0.786892
vt 0.500525 0.785657
vt 0.948680 0.827338
vt 0.951436 0.827279
vt 0.944935 0.826878
vt 0.668477 0.929891
vt 0.669271 0.936059
vt 0.667969 0.936035
vt 0.667140 0.935021
vt 0.954359 0.455897
vt 0.955259 0.461186
vt 0.953181 0.461679
vt 0.956763 0.442400
vt 0.957037 0.439544
vt 0.957720 0.441952
vt 0.954970 0.437740
vt 0.955811 0.438681
vt 0.955550 0.442357
vt 0.954430 0.438937
vt 0.954756 0.442734
vt 0.316075 0.855489
vt 0.325327 0.856024
vt 0.322198 0.857138
vt 0.902477 0.314852
vt 0.904436 0.315220
vt 0.171631 0.859616
vt 0.169862 0.861050
vt 0.170670 0.849456
vt 0.169009 0.858064
vt 0.168530 0.856048
vt 0.028445 0.207616
vt 0.457520 0.699951
vt 0.476467 0.331293
vt 0.481019 0.335072
vt 0.476354 0.307160
vt 0.543620 0.764922
vt 0.546296 0.764773
vt 0.223330 0.942999
vt 0.227412 0.943128
vt 0.228173 0.944536
vt 0.961127 0.586239
vt 0.964208 0.590141
vt 0.963623 0.591309
vt 0.962255 0.590578
vt 0.290505 0.090259
vt 0.294344 0.089312
vt 0.302605 0.111045
vt 0.302428 0.087320
vt 0.304104 0.085762
vt 0.314110 0.085436
vt 0.304814 0.110406
vt 0.323202 0.101824
vt 0.321898 0.085657
vt 0.430908 0.106997
vt 0.431842 0.099919
vt 0.442310 0.100701
vt 0.433157 0.111357
vt 0.432714 0.116726
vt 0.433802 0.119573
vt 0.329629 0.424730
vt 0.341476 0.421850
vt 0.836408 0.780198
vt 0.823948 0.780073
vt 0.823735 0.775416
vt 0.825213 0.775657
vt 0.822651 0.783274
vt 0.841123 0.783626
vt 0.841218 0.782426
vt 0.836258 0.779023
vt 0.845215 0.781982
vt 0.717035 0.829310
vt 0.718119 0.830078
vt 0.702055 0.828271
vt 0.717716 0.829885
vt 0.705377 0.829887
vt 0.702818 0.825495
vt 0.137065 0.918982
vt 0.138273 0.921125
vt 0.143078 0.918673
vt 0.142427 0.920543
vt 0.706565 0.807862
vt 0.299072 0.987069
vt 0.298608 0.987172
vt 0.298828 0.985353
vt 0.645014 0.228038
vt 0.643969 0.205727
vt 0.648694 0.205980
vt 0.650873 0.238960
vt 0.646224 0.258710
vt 0.651983 0.223228
vt 0.652346 0.205034
vt 0.657426 0.247204
vt 0.659908 0.236239
vt 0.661791 0.233766
vt 0.659900 0.204476
vt 0.662194 0.256917
vt 0.660487 0.258332
vt 0.653187 0.261986
vt 0.525903 0.736123
vt 0.524188 0.738735
vt 0.514153 0.737872
vt 0.524701 0.739628
vt 0.511276 0.736615
vt 0.517436 0.734595
vt 0.524680 0.733316
vt 0.513082 0.732816
vt 0.506390 0.734627
vt 0.500992 0.733482
vt 0.501613 0.737795
vt 0.192616 0.938860
vt 0.191594 0.941232
vt 0.187551 0.939883
vt 0.780640 0.548122
vt 0.784503 0.552913
vt 0.698930 0.037870
vt 0.869992 0.544372
vt 0.106079 0.142235
vt 0.105008 0.143191
vt 0.103112 0.133583
vt 0.101522 0.133122
vt 0.102504 0.139011
vt 0.097219 0.121314
vt 0.097254 0.124313
vt 0.096096 0.124274
vt 0.099871 0.134939
vt 0.217954 0.772125
vt 0.220980 0.776143
vt 0.210087 0.775465
vt 0.212352 0.772421
vt 0.200853 0.772931
vt 0.200024 0.776270
vt 0.199720 0.779126
vt 0.199680 0.780418
vt 0.210183 0.779995
vt 0.787726 0.324737
vt 0.782257 0.331926
vt 0.779727 0.321922
vt 0.786014 0.307646
vt 0.792579 0.326519
vt 0.790985 0.308265
vt 0.791260 0.300724
vt 0.798535 0.301789
vt 0.798477 0.329158
vt 0.807791 0.309328
vt 0.809335 0.325307
vt 0.496468 0.667701
vt 0.476068 0.667368
vt 0.502383 0.668069
vt 0.504121 0.669069
vt 0.696702 0.594967
vt 0.697918 0.594703
vt 0.695585 0.612331
vt 0.700016 0.591409
vt 0.699604 0.610335
vt 0.702618 0.594787
vt 0.702106 0.610571
vt 0.094262 0.272994
vt 0.091167 0.270227
vt 0.092153 0.264660
vt 0.086208 0.253825
vt 0.086016 0.260049
vt 0.084613 0.256923
vt 0.089604 0.251412
vt 0.695569 0.531839
vt 0.695984 0.531893
vt 0.697210 0.511495
vt 0.697687 0.519995
vt 0.702228 0.511330
vt 0.694777 0.524274
vt 0.693222 0.509184
vt 0.691830 0.512506
vt 0.869191 0.158054
vt 0.868964 0.156000
vt 0.869527 0.146149
vt 0.870144 0.143734
vt 0.870785 0.152886
vt 0.870073 0.148589
vt 0.124284 0.635893
vt 0.124442 0.612184
vt 0.126246 0.623419
vt 0.126076 0.610645
vt 0.127058 0.620816
vt 0.127022 0.610671
vt 0.123365 0.621310
vt 0.122695 0.610084
vt 0.179114 0.724331
vt 0.166969 0.731847
vt 0.170144 0.728184
vt 0.181875 0.721856
vt 0.170316 0.725547
vt 0.175502 0.721462
vt 0.179165 0.719484
vt 0.230020 0.004191
vt 0.226112 0.003293
vt 0.240661 0.003589
vt 0.228236 0.002168
vt 0.240558 0.004445
vt 0.241839 0.001721
vt 0.229046 0.000689
vt 0.241157 0.000185
vt 0.872314 0.155029
vt 0.871222 0.148830
vt 0.216180 0.000468
vt 0.213739 0.003027
vt 0.216611 0.004519
vt 0.215957 0.001602
vt 0.855937 0.627554
vt 0.854715 0.627862
vt 0.856405 0.616258
vt 0.854405 0.620292
vt 0.854742 0.616608
vt 0.858277 0.616682
vt 0.857184 0.626851
vt 0.858681 0.617469
vt 0.854248 0.615967
vt 0.854267 0.614680
vt 0.796060 0.218872
vt 0.142833 0.239924
vt 0.144085 0.238333
vt 0.147526 0.237845
vt 0.146043 0.218170
vt 0.368896 0.846846
vt 0.364277 0.846660
vt 0.355660 0.842614
vt 0.364463 0.844095
vt 0.123387 0.629615
vt 0.062602 0.902830
vt 0.059076 0.902134
vt 0.066198 0.900873
vt 0.964323 0.512246
vt 0.963196 0.512335
vt 0.963012 0.508391
vt 0.961628 0.512103
vt 0.962158 0.513916
vt 0.444005 0.047453
vt 0.436448 0.045134
vt 0.449910 0.044395
vt 0.139264 0.237874
vt 0.140133 0.215002
vt 0.147900 0.215426
vt 0.138520 0.226154
vt 0.171993 0.731065
vt 0.161060 0.735470
vt 0.166754 0.735883
vt 0.161925 0.738469
vt 0.918799 0.049775
vt 0.918480 0.040390
vt 0.920727 0.047966
vt 0.467779 0.863841
vt 0.459689 0.863149
vt 0.459951 0.861524
vt 0.468917 0.864978
vt 0.461806 0.865746
vt 0.462994 0.860853
vt 0.460039 0.859727
vt 0.509789 0.722514
vt 0.514722 0.716131
vt 0.531817 0.718968
vt 0.531909 0.723445
vt 0.534324 0.717788
vt 0.533038 0.715580
vt 0.888468 0.248120
vt 0.889570 0.247438
vt 0.889380 0.258534
vt 0.889581 0.258491
vt 0.890662 0.247386
vt 0.892037 0.246813
vt 0.862607 0.763770
vt 0.862135 0.752665
vt 0.862251 0.757342
vt 0.861522 0.750455
vt 0.863727 0.748238
vt 0.938148 0.904567
vt 0.937443 0.900221
vt 0.935386 0.903323
vt 0.936628 0.904588
vt 0.285293 0.397932
vt 0.289081 0.390348
vt 0.289520 0.406489
vt 0.292004 0.391875
vt 0.291633 0.405205
vt 0.288284 0.416507
vt 0.285359 0.409908
vt 0.285609 0.428267
vt 0.284316 0.429077
vt 0.290007 0.435095
vt 0.292589 0.425718
vt 0.164296 0.165974
vt 0.167016 0.181964
vt 0.167264 0.190175
vt 0.163240 0.177135
vt 0.165145 0.192650
vt 0.162182 0.193076
vt 0.161011 0.194983
vt 0.161544 0.194599
vt 0.161621 0.196045
vt 0.126566 0.511303
vt 0.128372 0.508814
vt 0.126485 0.521189
vt 0.128682 0.516759
vt 0.130906 0.522680
vt 0.131368 0.511963
vt 0.131830 0.495649
vt 0.128677 0.497193
vt 0.130039 0.496958
vt 0.127441 0.498821
vt 0.826683 0.584755
vt 0.828028 0.600117
vt 0.826286 0.597957
vt 0.829966 0.585283
vt 0.830124 0.601839
vt 0.832369 0.600851
vt 0.087605 0.728979
vt 0.086280 0.729913
vt 0.087710 0.742719
vt 0.088251 0.732675
vt 0.086981 0.729661
vt 0.087710 0.722120
vt 0.772053 0.861149
vt 0.779845 0.860339
vt 0.779747 0.861710
vt 0.962728 0.158923
vt 0.961143 0.158994
vt 0.959759 0.156543
vt 0.930459 0.194995
vt 0.924128 0.196913
vt 0.923678 0.195613
vt 0.927116 0.194538
vt 0.931777 0.195367
vt 0.928796 0.197261
vt 0.932698 0.196727
vt 0.341294 0.402366
vt 0.354919 0.399456
vt 0.831257 0.608937
vt 0.826388 0.617573
vt 0.086384 0.139202
vt 0.083427 0.129909
vt 0.087614 0.136583
vt 0.085561 0.138964
vt 0.084710 0.130386
vt 0.084219 0.128362
vt 0.088678 0.136474
vt 0.078846 0.120584
vt 0.081412 0.119968
vt 0.082555 0.119048
vt 0.348716 0.908395
vt 0.347079 0.909974
vt 0.345159 0.902391
vt 0.344755 0.911145
vt 0.834574 0.684228
vt 0.832900 0.688380
vt 0.835409 0.678017
vt 0.833169 0.681093
vt 0.840640 0.659814
vt 0.842961 0.659584
vt 0.837249 0.682337
vt 0.859431 0.037921
vt 0.861214 0.029540
vt 0.861831 0.030228
vt 0.860840 0.037598
vt 0.862075 0.045361
vt 0.860393 0.044986
vt 0.856613 0.041817
vt 0.857448 0.045281
vt 0.855882 0.046060
vt 0.026643 0.373402
vt 0.024999 0.374921
vt 0.026404 0.371059
vt 0.023461 0.364866
vt 0.023443 0.374060
vt 0.025061 0.366391
vt 0.021797 0.363810
vt 0.019516 0.367956
vt 0.019663 0.372113
vt 0.021451 0.375390
vt 0.912111 0.967198
vt 0.914025 0.965976
vt 0.914307 0.966309
vt 0.103998 0.484327
vt 0.105807 0.490659
vt 0.103447 0.485717
vt 0.107308 0.495856
vt 0.105201 0.484934
vt 0.104401 0.497404
vt 0.103620 0.491602
vt 0.164523 0.124954
vt 0.177971 0.100256
vt 0.176304 0.128472
vt 0.365247 0.433218
vt 0.356206 0.397386
vt 0.361987 0.394794
vt 0.369006 0.668556
vt 0.366985 0.669155
vt 0.358592 0.669674
vt 0.352396 0.664364
vt 0.372908 0.666063
vt 0.372241 0.668754
vt 0.391471 0.663216
vt 0.404374 0.671093
vt 0.389468 0.668537
vt 0.766427 0.568556
vt 0.759727 0.583255
vt 0.755553 0.582563
vt 0.747480 0.593132
vt 0.761090 0.565597
vt 0.754633 0.566718
vt 0.748071 0.582208
vt 0.748293 0.568618
vt 0.739492 0.589440
vt 0.741593 0.579871
vt 0.747892 0.602182
vt 0.739803 0.599973
vt 0.737494 0.598937
vt 0.829706 0.688582
vt 0.830640 0.686083
vt 0.831424 0.689226
vt 0.425562 0.843332
vt 0.425335 0.842319
vt 0.437307 0.840142
vt 0.425293 0.843750
vt 0.424072 0.844482
vt 0.423584 0.841797
vt 0.427553 0.838407
vt 0.425065 0.839368
vt 0.438357 0.835617
vt 0.432655 0.838850
vt 0.438661 0.836910
vt 0.439117 0.838834
vt 0.936618 0.589155
vt 0.935134 0.592701
vt 0.934609 0.587097
vt 0.933738 0.589901
vt 0.934070 0.593970
vt 0.151396 0.950910
vt 0.151515 0.949220
vt 0.152922 0.951163
vt 0.259766 0.819336
vt 0.258940 0.820762
vt 0.256770 0.820491
vt 0.254195 0.822441
vt 0.253024 0.823091
vt 0.246184 0.830870
vt 0.258658 0.822488
vt 0.259649 0.823951
vt 0.249807 0.830750
vt 0.261471 0.823986
vt 0.260986 0.825439
vt 0.258817 0.826401
vt 0.956458 0.547651
vt 0.952018 0.547237
vt 0.957381 0.545354
vt 0.952275 0.541936
vt 0.955041 0.542371
vt 0.950926 0.541907
vt 0.957275 0.060791
vt 0.960670 0.063337
vt 0.957706 0.062160
vt 0.958138 0.064805
vt 0.467399 0.036492
vt 0.464510 0.034247
vt 0.449908 0.037709
vt 0.467255 0.040952
vt 0.469791 0.043074
vt 0.469774 0.048881
vt 0.470250 0.051529
vt 0.463933 0.051888
vt 0.452749 0.049653
vt 0.167222 0.342058
vt 0.165506 0.338559
vt 0.166524 0.330596
vt 0.162951 0.331503
vt 0.164335 0.355270
vt 0.162468 0.347566
vt 0.163871 0.360982
vt 0.165840 0.361505
vt 0.054395 0.054298
vt 0.053309 0.067793
vt 0.052949 0.052434
vt 0.057049 0.052113
vt 0.059940 0.067616
vt 0.056276 0.052588
vt 0.056901 0.065277
vt 0.056419 0.070995
vt 0.821554 0.818328
vt 0.804413 0.819387
vt 0.804492 0.817627
vt 0.805657 0.821314
vt 0.805168 0.822589
vt 0.823213 0.820070
vt 0.810113 0.817744
vt 0.817974 0.817871
vt 0.823176 0.821446
vt 0.161150 0.166502
vt 0.162934 0.164004
vt 0.166172 0.167454
vt 0.167134 0.173966
vt 0.889313 0.175793
vt 0.887458 0.175564
vt 0.886728 0.172147
vt 0.889062 0.185252
vt 0.886316 0.181053
vt 0.886367 0.183659
vt 0.887819 0.185527
vt 0.891250 0.183426
vt 0.890128 0.175089
vt 0.893097 0.181916
vt 0.048967 0.521286
vt 0.047502 0.503702
vt 0.049312 0.516735
vt 0.047908 0.517697
vt 0.048105 0.502886
vt 0.048678 0.503402
vt 0.162747 0.938471
vt 0.164073 0.940436
vt 0.163188 0.941985
vt 0.166910 0.940983
vt 0.166016 0.939209
vt 0.166951 0.939686
vt 0.168604 0.940931
vt 0.167826 0.942992
vt 0.166016 0.944580
vt 0.025655 0.284328
vt 0.033743 0.284926
vt 0.035231 0.285863
vt 0.035113 0.284851
vt 0.030145 0.288363
vt 0.029695 0.290130
vt 0.032113 0.289364
vt 0.026395 0.289958
vt 0.038057 0.284651
vt 0.024237 0.285426
vt 0.023522 0.287668
vt 0.230680 0.749038
vt 0.231319 0.747807
vt 0.247594 0.748239
vt 0.238524 0.746427
vt 0.231188 0.745815
vt 0.247418 0.744822
vt 0.247462 0.746827
vt 0.252759 0.745697
vt 0.681945 0.495260
vt 0.946013 0.237241
vt 0.947515 0.236325
vt 0.945942 0.241105
vt 0.946578 0.239451
vt 0.513494 0.671041
vt 0.106063 0.500256
vt 0.108111 0.497836
vt 0.107663 0.503688
vt 0.105224 0.509929
vt 0.653900 0.335017
vt 0.650720 0.320966
vt 0.652917 0.322068
vt 0.653941 0.328638
vt 0.654562 0.310665
vt 0.656337 0.321152
vt 0.652508 0.305503
vt 0.649983 0.304379
vt 0.650209 0.285248
vt 0.652727 0.283969
vt 0.654971 0.284203
vt 0.654297 0.275635
vt 0.653809 0.274902
vt 0.654541 0.275146
vt 0.654541 0.275146
vt 0.657082 0.276189
vt 0.654541 0.275146
vt 0.654541 0.275146
vt 0.657723 0.283757
vt 0.797457 0.299395
vt 0.838395 0.799849
vt 0.843482 0.808132
vt 0.832139 0.794949
vt 0.838376 0.804467
vt 0.409273 0.265522
vt 0.418858 0.284397
vt 0.408082 0.270739
vt 0.421290 0.279635
vt 0.436016 0.247959
vt 0.421335 0.223452
vt 0.409653 0.252986
vt 0.408324 0.240166
vt 0.376054 0.224501
vt 0.376549 0.222375
vt 0.382260 0.226242
vt 0.394074 0.229132
vt 0.391643 0.211964
vt 0.377596 0.213313
vt 0.165565 0.232966
vt 0.159587 0.236898
vt 0.161085 0.228831
vt 0.160216 0.221861
vt 0.158955 0.209835
vt 0.162617 0.207427
vt 0.164564 0.206534
vt 0.166796 0.207919
vt 0.166945 0.218335
vt 0.696798 0.588136
vt 0.700828 0.581560
vt 0.703318 0.584829
vt 0.702502 0.575178
vt 0.703369 0.581543
vt 0.700393 0.562096
vt 0.699121 0.573868
vt 0.697264 0.573150
vt 0.761654 0.562661
vt 0.133309 0.740160
vt 0.125826 0.737616
vt 0.139370 0.739913
vt 0.149650 0.739242
vt 0.147996 0.737168
vt 0.132321 0.736865
vt 0.144859 0.737056
vt 0.800455 0.870376
vt 0.800936 0.871879
vt 0.796834 0.871382
vt 0.790773 0.872192
vt 0.797228 0.873164
vt 0.791760 0.872635
vt 0.886279 0.061568
vt 0.873134 0.059684
vt 0.884650 0.060599
vt 0.873771 0.060996
vt 0.884230 0.062627
vt 0.873923 0.063024
vt 0.874163 0.059126
vt 0.884075 0.061790
vt 0.245909 0.710327
vt 0.259322 0.712326
vt 0.244522 0.713473
vt 0.242750 0.716500
vt 0.261934 0.715882
vt 0.271063 0.714555
vt 0.270494 0.716740
vt 0.913401 0.551585
vt 0.915840 0.557386
vt 0.912981 0.554636
vt 0.909180 0.553467
vt 0.911577 0.554589
vt 0.911049 0.557771
vt 0.830848 0.617198
vt 0.490391 0.759462
vt 0.491914 0.752051
vt 0.495682 0.762996
vt 0.496706 0.752301
vt 0.499086 0.756340
vt 0.499378 0.760701
vt 0.509554 0.761999
vt 0.511358 0.755749
vt 0.512959 0.751280
vt 0.768770 0.579432
vt 0.768224 0.581677
vt 0.770658 0.582042
vt 0.759494 0.602488
vt 0.755731 0.600670
vt 0.245804 0.699031
vt 0.234997 0.699811
vt 0.225303 0.698968
vt 0.244441 0.697840
vt 0.244830 0.696347
vt 0.229736 0.697767
vt 0.234738 0.696230
vt 0.242280 0.695801
vt 0.224103 0.696582
vt 0.220761 0.697265
vt 0.220797 0.696258
vt 0.218705 0.697078
vt 0.886274 0.624427
vt 0.887390 0.623352
vt 0.886393 0.625180
vt 0.887695 0.624023
vt 0.886324 0.627838
vt 0.889531 0.625899
vt 0.890845 0.626844
vt 0.888146 0.630417
vt 0.889847 0.633568
vt 0.887174 0.632883
vt 0.886963 0.633545
vt 0.886182 0.633445
vt 0.883564 0.630561
vt 0.881062 0.633199
vt 0.879787 0.635110
vt 0.880842 0.635116
vt 0.883493 0.634154
vt 0.631747 0.354906
vt 0.634319 0.359492
vt 0.618175 0.366875
vt 0.617394 0.361592
vt 0.621118 0.376686
vt 0.638655 0.364996
vt 0.618968 0.377995
vt 0.614018 0.401900
vt 0.626629 0.382658
vt 0.619918 0.402658
vt 0.628471 0.386577
vt 0.614096 0.390624
vt 0.615668 0.403442
vt 0.613003 0.412177
vt 0.624448 0.397258
vt 0.724982 0.227343
vt 0.725087 0.241637
vt 0.723616 0.238796
vt 0.722006 0.217278
vt 0.721242 0.226102
vt 0.722122 0.238052
vt 0.719637 0.227905
vt 0.722582 0.198460
vt 0.835148 0.639019
vt 0.828371 0.640231
vt 0.829590 0.637939
vt 0.875127 0.795160
vt 0.875982 0.793704
vt 0.884285 0.792972
vt 0.880294 0.789889
vt 0.886153 0.794043
vt 0.887093 0.794803
vt 0.885986 0.794434
vt 0.887198 0.794917
vt 0.639556 0.366635
vt 0.627930 0.377686
vt 0.893047 0.606444
vt 0.894114 0.608110
vt 0.886656 0.608580
vt 0.889545 0.611078
vt 0.884766 0.610135
vt 0.895299 0.611190
vt 0.888106 0.613230
vt 0.884227 0.612090
vt 0.422939 0.543094
vt 0.430380 0.567933
vt 0.405815 0.550111
vt 0.417479 0.538628
vt 0.389082 0.556983
vt 0.396130 0.547132
vt 0.392084 0.562473
vt 0.060226 0.092549
vt 0.062089 0.095808
vt 0.058858 0.104199
vt 0.059744 0.104956
vt 0.061742 0.104452
vt 0.058105 0.103687
vt 0.064724 0.098281
vt 0.063955 0.091867
vt 0.062831 0.086785
vt 0.112786 0.540130
vt 0.125236 0.551879
vt 0.120229 0.550956
vt 0.272180 0.065406
vt 0.271836 0.053096
vt 0.273198 0.072802
vt 0.274312 0.053811
vt 0.273043 0.061092
vt 0.272135 0.078804
vt 0.273387 0.053518
vt 0.273582 0.081975
vt 0.274777 0.086217
vt 0.410074 0.578936
vt 0.424257 0.586389
vt 0.226822 0.700640
vt 0.796350 0.870470
vt 0.801824 0.873312
vt 0.799420 0.874225
vt 0.979124 0.766328
vt 0.980043 0.764410
vt 0.978274 0.763759
vt 0.978980 0.764502
vt 0.979565 0.767480
vt 0.979741 0.766482
vt 0.056163 0.144100
vt 0.059314 0.146356
vt 0.055866 0.147816
vt 0.048109 0.145385
vt 0.049147 0.147701
vt 0.049278 0.149970
vt 0.064585 0.149361
vt 0.062675 0.150735
vt 0.066634 0.148209
vt 0.066739 0.148877
vt 0.687117 0.920849
vt 0.689212 0.922771
vt 0.688855 0.924056
vt 0.685946 0.922880
vt 0.681103 0.919531
vt 0.682167 0.917982
vt 0.679443 0.923096
vt 0.713352 0.787044
vt 0.710975 0.794783
vt 0.709947 0.791958
vt 0.713782 0.794736
vt 0.505006 0.670758
vt 0.507281 0.672061
vt 0.514581 0.667996
vt 0.597718 0.164684
vt 0.593267 0.160646
vt 0.601717 0.159557
vt 0.625570 0.164174
vt 0.605075 0.171162
vt 0.608749 0.165622
vt 0.600396 0.166676
vt 0.626868 0.156732
vt 0.839456 0.658687
vt 0.840290 0.659108
vt 0.857912 0.165278
vt 0.857878 0.173370
vt 0.858398 0.183005
vt 0.858335 0.165240
vt 0.862374 0.178616
vt 0.860593 0.182883
vt 0.635287 0.449453
vt 0.635158 0.442202
vt 0.638091 0.455878
vt 0.633839 0.450000
vt 0.639739 0.463857
vt 0.638925 0.449206
vt 0.640023 0.463836
vt 0.273429 0.093894
vt 0.271519 0.094189
vt 0.273850 0.091926
vt 0.270663 0.094774
vt 0.303056 0.732016
vt 0.299457 0.727055
vt 0.305051 0.729555
vt 0.302375 0.726798
vt 0.292923 0.725356
vt 0.294763 0.720205
vt 0.299822 0.724376
vt 0.290056 0.724132
vt 0.286479 0.719205
vt 0.288671 0.715804
vt 0.286484 0.712960
vt 0.284301 0.715803
vt 0.806264 0.304556
vt 0.602468 0.830815
vt 0.597021 0.839489
vt 0.597078 0.829437
vt 0.603204 0.832683
vt 0.593429 0.158683
vt 0.593596 0.158390
vt 0.599172 0.156768
vt 0.603228 0.155981
vt 0.892387 0.410424
vt 0.891811 0.414506
vt 0.890985 0.409481
vt 0.893976 0.404043
vt 0.894961 0.413008
vt 0.892948 0.404141
vt 0.894153 0.415398
vt 0.809279 0.982643
vt 0.808243 0.981925
vt 0.809761 0.981927
vt 0.258691 0.982033
vt 0.257435 0.981290
vt 0.258572 0.980101
vt 0.764782 0.404265
vt 0.757601 0.415883
vt 0.763179 0.403895
vt 0.756732 0.401467
vt 0.755315 0.408242
vt 0.751646 0.407073
vt 0.752080 0.420660
vt 0.747890 0.431344
vt 0.745386 0.426652
vt 0.745566 0.410184
vt 0.748053 0.404747
vt 0.700979 0.717763
vt 0.711737 0.724605
vt 0.698634 0.722259
vt 0.712646 0.717731
vt 0.703769 0.715824
vt 0.717893 0.727232
vt 0.722147 0.725270
vt 0.713941 0.726048
vt 0.708878 0.726146
vt 0.911375 0.299299
vt 0.914398 0.298150
vt 0.919729 0.298263
vt 0.882456 0.703878
vt 0.880950 0.698870
vt 0.880589 0.703665
vt 0.881533 0.703805
vt 0.881516 0.697529
vt 0.882109 0.696314
vt 0.880615 0.691406
vt 0.881841 0.691120
vt 0.883179 0.690958
vt 0.854441 0.179730
vt 0.668220 0.709087
vt 0.656075 0.710165
vt 0.670813 0.706788
vt 0.657234 0.711235
vt 0.048406 0.151612
vt 0.053006 0.150883
vt 0.056760 0.149691
vt 0.061523 0.151611
vt 0.654587 0.706188
vt 0.663882 0.702933
vt 0.665967 0.697641
vt 0.678959 0.698622
vt 0.686334 0.709501
vt 0.679426 0.704185
vt 0.678767 0.701907
vt 0.285223 0.452612
vt 0.293836 0.452608
vt 0.288506 0.450049
vt 0.283783 0.454345
vt 0.384331 0.001169
vt 0.386710 0.002208
vt 0.376381 0.009735
vt 0.395109 0.010821
vt 0.115704 0.092597
vt 0.116878 0.080189
vt 0.117005 0.095699
vt 0.115488 0.077680
vt 0.116211 0.067935
vt 0.115463 0.068465
vt 0.117787 0.077332
vt 0.118639 0.068852
vt 0.119545 0.077022
vt 0.119576 0.069570
vt 0.119742 0.084994
vt 0.118794 0.096522
vt 0.824518 0.846445
vt 0.825759 0.847396
vt 0.835736 0.845683
vt 0.830780 0.845181
vt 0.824861 0.847246
vt 0.839972 0.846788
vt 0.836224 0.848045
vt 0.521456 0.889658
vt 0.526144 0.893934
vt 0.525227 0.893516
vt 0.523668 0.895350
vt 0.522210 0.895206
vt 0.900880 0.673341
vt 0.899441 0.675237
vt 0.898023 0.670983
vt 0.902407 0.668061
vt 0.908275 0.646645
vt 0.903883 0.651467
vt 0.904118 0.644454
vt 0.698316 0.635695
vt 0.660700 0.638699
vt 0.671338 0.626311
vt 0.679058 0.620899
vt 0.684925 0.616864
vt 0.693729 0.637296
vt 0.685492 0.591986
vt 0.683380 0.607340
vt 0.685614 0.588931
vt 0.685570 0.591090
vt 0.684914 0.707827
vt 0.842540 0.658692
vt 0.841797 0.657959
vt 0.149904 0.735520
vt 0.150242 0.736434
vt 0.150811 0.737793
vt 0.778425 0.874068
vt 0.771502 0.873041
vt 0.772495 0.873906
vt 0.768703 0.874245
vt 0.768311 0.875488
vt 0.633695 0.431305
vt 0.636891 0.430038
vt 0.638496 0.437600
vt 0.638834 0.444840
vt 0.714845 0.937584
vt 0.718892 0.935803
vt 0.717612 0.937282
vt 0.658561 0.651618
vt 0.662911 0.651672
vt 0.674878 0.657089
vt 0.662158 0.656969
vt 0.672514 0.658364
vt 0.663887 0.658659
vt 0.688948 0.665024
vt 0.666026 0.651950
vt 0.684910 0.658718
vt 0.784485 0.796029
vt 0.791912 0.795808
vt 0.791529 0.795722
vt 0.792191 0.796199
vt 0.777268 0.795464
vt 0.775621 0.796189
vt 0.773682 0.794189
vt 0.775263 0.794686
vt 0.771830 0.796507
vt 0.775267 0.797158
vt 0.515662 0.890097
vt 0.516850 0.892736
vt 0.396244 0.698798
vt 0.385779 0.696713
vt 0.388381 0.695922
vt 0.386420 0.697456
vt 0.407303 0.697907
vt 0.409632 0.698598
vt 0.407226 0.698030
vt 0.407740 0.698570
vt 0.419260 0.698418
vt 0.419710 0.696720
vt 0.419021 0.695855
vt 0.624500 0.864564
vt 0.627467 0.868160
vt 0.618359 0.864060
vt 0.623515 0.869820
vt 0.516838 0.658439
vt 0.521982 0.665245
vt 0.206957 0.973333
vt 0.206299 0.974854
vt 0.205644 0.974315
vt 0.650823 0.264168
vt 0.217687 0.816781
vt 0.216635 0.814718
vt 0.216541 0.809972
vt 0.215768 0.812689
vt 0.218468 0.818355
vt 0.219759 0.815735
vt 0.218657 0.825717
vt 0.217425 0.826939
vt 0.218540 0.825742
vt 0.717900 0.208662
vt 0.725316 0.205674
vt 0.718238 0.199980
vt 0.627687 0.146009
vt 0.600341 0.148990
vt 0.610657 0.143568
vt 0.603523 0.152116
vt 0.630014 0.150509
vt 0.949693 0.226485
vt 0.948482 0.225539
vt 0.951324 0.222783
vt 0.540513 0.824499
vt 0.540467 0.825565
vt 0.538982 0.829737
vt 0.606836 0.845270
vt 0.594590 0.844094
vt 0.634785 0.428459
vt 0.635040 0.412243
vt 0.635409 0.412154
vt 0.637958 0.412348
vt 0.637388 0.397380
vt 0.638932 0.399095
vt 0.640164 0.396470
vt 0.639847 0.403203
vt 0.640572 0.396923
vt 0.638042 0.422333
vt 0.595966 0.596716
vt 0.583671 0.593919
vt 0.606536 0.595045
vt 0.631066 0.596174
vt 0.620851 0.597899
vt 0.639423 0.599273
vt 0.637939 0.600830
vt 0.604553 0.592285
vt 0.612856 0.592696
vt 0.596233 0.592617
vt 0.624305 0.592550
vt 0.699712 0.936386
vt 0.703641 0.936397
vt 0.700195 0.937012
vt 0.702766 0.934906
vt 0.697854 0.934225
vt 0.699257 0.932090
vt 0.703625 0.932921
vt 0.845152 0.965140
vt 0.844227 0.964165
vt 0.847956 0.964184
vt 0.946763 0.223174
vt 0.946432 0.224034
vt 0.957976 0.320737
vt 0.958264 0.322339
vt 0.956999 0.322497
vt 0.954849 0.319122
vt 0.067557 0.956081
vt 0.071179 0.956388
vt 0.070136 0.958708
vt 0.082134 0.359260
vt 0.068159 0.358126
vt 0.082551 0.358561
vt 0.081875 0.355018
vt 0.081999 0.356812
vt 0.069160 0.354454
vt 0.064774 0.355546
vt 0.069347 0.356424
vt 0.063310 0.357280
vt 0.966479 0.358824
vt 0.966827 0.360992
vt 0.970741 0.359089
vt 0.606831 0.140652
vt 0.601759 0.139358
vt 0.626078 0.131417
vt 0.632284 0.135727
vt 0.635864 0.138505
vt 0.643194 0.143364
vt 0.645983 0.133362
vt 0.646754 0.126913
vt 0.756688 0.428251
vt 0.755281 0.442185
vt 0.754228 0.434526
vt 0.753007 0.443223
vt 0.746441 0.440334
vt 0.748663 0.442831
vt 0.121590 0.989151
vt 0.122134 0.988971
vt 0.122505 0.989481
vt 0.122803 0.988770
vt 0.885463 0.458477
vt 0.875938 0.459483
vt 0.876149 0.457811
vt 0.391405 0.543734
vt 0.385471 0.552985
vt 0.388180 0.542268
vt 0.381710 0.547319
vt 0.400132 0.549057
vt 0.752203 0.973329
vt 0.752672 0.970014
vt 0.753076 0.972435
vt 0.671596 0.215735
vt 0.679133 0.213467
vt 0.673576 0.244436
vt 0.696964 0.663268
vt 0.700406 0.666044
vt 0.698517 0.662635
vt 0.702584 0.663735
vt 0.705396 0.669058
vt 0.289356 0.458219
vt 0.293013 0.467132
vt 0.290341 0.482051
vt 0.295056 0.471809
vt 0.295437 0.482026
vt 0.289169 0.495384
vt 0.286080 0.484062
vt 0.725982 0.193132
vt 0.727604 0.197469
vt 0.760834 0.604337
vt 0.282064 0.620969
vt 0.280502 0.623054
vt 0.260182 0.618184
vt 0.260031 0.622379
vt 0.284060 0.617925
vt 0.256784 0.610407
vt 0.250848 0.615768
vt 0.237366 0.621476
vt 0.973268 0.974365
vt 0.972231 0.975255
vt 0.970220 0.974289
vt 0.537678 0.659589
vt 0.547482 0.660221
vt 0.537320 0.660672
vt 0.549427 0.660701
vt 0.550188 0.662947
vt 0.571313 0.659243
vt 0.587227 0.661121
vt 0.578507 0.661375
vt 0.584270 0.664110
vt 0.588691 0.665734
vt 0.566331 0.664793
vt 0.148475 0.337230
vt 0.149376 0.325855
vt 0.152498 0.340812
vt 0.143534 0.333903
vt 0.140953 0.325263
vt 0.140432 0.342549
vt 0.135903 0.338993
vt 0.143102 0.346888
vt 0.146352 0.349633
vt 0.678850 0.884152
vt 0.678888 0.891912
vt 0.676070 0.889123
vt 0.681628 0.885059
vt 0.675885 0.883306
vt 0.645455 0.150566
vt 0.647427 0.156796
vt 0.641889 0.159645
vt 0.650481 0.155870
vt 0.650877 0.153756
vt 0.653320 0.154068
vt 0.654536 0.155740
vt 0.134370 0.446460
vt 0.132222 0.447198
vt 0.135312 0.439284
vt 0.397885 0.003902
vt 0.396169 0.010027
vt 0.390540 0.000819
vt 0.396280 0.011774
vt 0.384901 0.021245
vt 0.396251 0.018748
vt 0.022907 0.137988
vt 0.021066 0.149516
vt 0.021115 0.139699
vt 0.023231 0.146491
vt 0.019839 0.149262
vt 0.019275 0.142011
vt 0.020004 0.134085
vt 0.607090 0.955241
vt 0.602959 0.954106
vt 0.603717 0.953803
vt 0.676467 0.257426
vt 0.167949 0.608325
vt 0.165924 0.607653
vt 0.162072 0.597817
vt 0.159984 0.613370
vt 0.160280 0.614359
vt 0.158532 0.596821
vt 0.158128 0.583528
vt 0.162017 0.591206
vt 0.536762 0.664069
vt 0.551335 0.664396
vt 0.550946 0.665566
vt 0.834591 0.860865
vt 0.833973 0.864759
vt 0.830473 0.860808
vt 0.825948 0.859390
vt 0.827341 0.858200
vt 0.823617 0.858037
vt 0.822997 0.865943
vt 0.847432 0.317876
vt 0.847921 0.313688
vt 0.858214 0.311784
vt 0.858713 0.308426
vt 0.860968 0.316417
vt 0.849285 0.321319
vt 0.257770 0.287876
vt 0.223553 0.311161
vt 0.200952 0.313090
vt 0.035124 0.083797
vt 0.038016 0.079800
vt 0.036248 0.083936
vt 0.035116 0.082021
vt 0.032017 0.092939
vt 0.032056 0.095197
vt 0.031408 0.093049
vt 0.686520 0.210529
vt 0.686451 0.242973
vt 0.840049 0.067564
vt 0.839133 0.062341
vt 0.840571 0.060951
vt 0.840701 0.066077
vt 0.841118 0.050575
vt 0.839993 0.048022
vt 0.840349 0.047936
vt 0.262939 0.609863
vt 0.256464 0.608568
vt 0.128669 0.458960
vt 0.135427 0.449885
vt 0.127513 0.463749
vt 0.135931 0.446169
vt 0.129105 0.464740
vt 0.130376 0.465856
vt 0.188239 0.674067
vt 0.185295 0.678936
vt 0.164215 0.678070
vt 0.167184 0.674234
vt 0.191686 0.669640
vt 0.171949 0.669276
vt 0.194462 0.678229
vt 0.176400 0.665214
vt 0.187037 0.667223
vt 0.023078 0.637998
vt 0.021645 0.628723
vt 0.023201 0.628280
vt 0.022947 0.625060
vt 0.018802 0.629605
vt 0.019292 0.628684
vt 0.390482 0.953481
vt 0.395096 0.953886
vt 0.392532 0.956367
vt 0.308239 0.897993
vt 0.310322 0.898714
vt 0.305587 0.900408
vt 0.305670 0.902249
vt 0.307653 0.903290
vt 0.306519 0.903534
vt 0.311073 0.900156
vt 0.285168 0.468065
vt 0.284209 0.481367
vt 0.701581 0.970082
vt 0.703448 0.971196
vt 0.700569 0.972935
vt 0.634139 0.593539
vt 0.106084 0.316693
vt 0.108165 0.314725
vt 0.111426 0.322174
vt 0.105241 0.334516
vt 0.114128 0.336584
vt 0.108864 0.336687
vt 0.107234 0.329939
vt 0.105815 0.324661
vt 0.121363 0.329847
vt 0.122161 0.324309
vt 0.111751 0.312056
vt 0.113518 0.309263
vt 0.128458 0.317018
vt 0.240927 0.613676
vt 0.241153 0.610746
vt 0.229156 0.618272
vt 0.182939 0.680606
vt 0.571609 0.625154
vt 0.555812 0.616492
vt 0.575423 0.626263
vt 0.568454 0.621760
vt 0.554674 0.607660
vt 0.559902 0.613868
vt 0.545172 0.620638
vt 0.554702 0.619324
vt 0.539921 0.606229
vt 0.538266 0.609857
vt 0.537244 0.614636
vt 0.550823 0.620871
vt 0.577551 0.626578
vt 0.572638 0.624373
vt 0.385258 0.553471
vt 0.577748 0.527823
vt 0.579212 0.531062
vt 0.547400 0.512000
vt 0.552191 0.510062
vt 0.576679 0.522582
vt 0.570307 0.513022
vt 0.425684 0.805978
vt 0.429049 0.809563
vt 0.422294 0.810881
vt 0.420662 0.806926
vt 0.706299 0.122070
vt 0.706709 0.120290
vt 0.714576 0.121490
vt 0.710618 0.124860
vt 0.708089 0.118919
vt 0.729058 0.119409
vt 0.707902 0.126269
vt 0.711800 0.126508
vt 0.729223 0.128087
vt 0.728729 0.125637
vt 0.739290 0.128009
vt 0.741923 0.124886
vt 0.730643 0.121176
vt 0.750407 0.122348
vt 0.741867 0.118792
vt 0.051344 0.641496
vt 0.058714 0.640957
vt 0.058652 0.642878
vt 0.042999 0.638510
vt 0.048396 0.645027
vt 0.045665 0.648738
vt 0.055682 0.646496
vt 0.048018 0.657010
vt 0.044114 0.652943
vt 0.053912 0.653489
vt 0.052246 0.659424
vt 0.058594 0.645264
vt 0.775825 0.798079
vt 0.836466 0.092647
vt 0.841197 0.107812
vt 0.838333 0.108482
vt 0.833290 0.090272
vt 0.841134 0.088968
vt 0.834915 0.076903
vt 0.839435 0.079495
vt 0.832481 0.078120
vt 0.829818 0.094590
vt 0.828657 0.079611
vt 0.831554 0.110111
vt 0.828715 0.109552
vt 0.884408 0.568511
vt 0.885050 0.568131
vt 0.888576 0.571377
vt 0.890253 0.578535
vt 0.883303 0.569217
vt 0.885939 0.575553
vt 0.883325 0.570745
vt 0.241747 0.623553
vt 0.547520 0.501555
vt 0.547663 0.496633
vt 0.574069 0.510511
vt 0.543053 0.488205
vt 0.139780 0.947936
vt 0.134672 0.947360
vt 0.138467 0.946170
vt 0.534009 0.479286
vt 0.526590 0.476906
vt 0.531217 0.475624
vt 0.522262 0.475495
vt 0.526278 0.470503
vt 0.522835 0.482100
vt 0.518863 0.480278
vt 0.517284 0.482282
vt 0.521514 0.487414
vt 0.519971 0.494065
vt 0.519227 0.489217
vt 0.529753 0.501517
vt 0.517934 0.497614
vt 0.536223 0.510270
vt 0.548636 0.517912
vt 0.528731 0.511741
vt 0.514663 0.500101
vt 0.800488 0.257985
vt 0.797739 0.259129
vt 0.805176 0.249756
vt 0.799907 0.249992
vt 0.802549 0.248523
vt 0.791002 0.265100
vt 0.791758 0.273222
vt 0.963600 0.303662
vt 0.964549 0.299246
vt 0.964755 0.302839
vt 0.825228 0.407506
vt 0.820009 0.417456
vt 0.818376 0.416084
vt 0.828378 0.409622
vt 0.822231 0.423604
vt 0.820381 0.419441
vt 0.827788 0.406858
vt 0.832802 0.408969
vt 0.827022 0.435219
vt 0.817470 0.442537
vt 0.818484 0.426708
vt 0.811968 0.412496
vt 0.747445 0.454774
vt 0.737305 0.470193
vt 0.735166 0.470103
vt 0.739543 0.453030
vt 0.732858 0.468214
vt 0.727094 0.485408
vt 0.733404 0.480366
vt 0.725507 0.484467
vt 0.729322 0.473095
vt 0.721981 0.487893
vt 0.720753 0.492089
vt 0.727205 0.491103
vt 0.727024 0.493673
vt 0.736682 0.450460
vt 0.734452 0.448935
vt 0.731669 0.464854
vt 0.790471 0.834734
vt 0.798111 0.834596
vt 0.792265 0.835816
vt 0.797363 0.833984
vt 0.790019 0.833255
vt 0.786335 0.832281
vt 0.782718 0.832509
vt 0.780895 0.833315
vt 0.781175 0.834144
vt 0.782340 0.835553
vt 0.787078 0.835801
vt 0.857968 0.001835
vt 0.856608 0.011812
vt 0.855967 0.000929
vt 0.855262 0.000749
vt 0.854614 0.001010
vt 0.854526 0.012614
vt 0.857511 0.015549
vt 0.854832 0.014805
vt 0.547497 0.523118
vt 0.558945 0.521757
vt 0.540028 0.522571
vt 0.521183 0.509315
vt 0.785805 0.265111
vt 0.788154 0.265293
vt 0.784137 0.268817
vt 0.785652 0.276561
vt 0.887207 0.896555
vt 0.888222 0.897063
vt 0.893297 0.890413
vt 0.887703 0.897223
vt 0.893385 0.889561
vt 0.894634 0.888901
vt 0.777417 0.767521
vt 0.771154 0.771064
vt 0.773412 0.768007
vt 0.779472 0.777437
vt 0.780720 0.773268
vt 0.782333 0.774994
vt 0.782402 0.777437
vt 0.773891 0.777319
vt 0.765418 0.774983
vt 0.780097 0.772427
vt 0.766166 0.777425
vt 0.759337 0.777388
vt 0.124971 0.321017
vt 0.841882 0.591660
vt 0.842143 0.601631
vt 0.843388 0.600802
vt 0.841941 0.603156
vt 0.842613 0.591283
vt 0.843026 0.589593
vt 0.843760 0.584311
vt 0.926966 0.365666
vt 0.924720 0.364913
vt 0.925164 0.373388
vt 0.925903 0.364750
vt 0.927246 0.364746
vt 0.184130 0.445426
vt 0.181259 0.420793
vt 0.186240 0.424623
vt 0.178924 0.429238
vt 0.178521 0.424695
vt 0.184202 0.476269
vt 0.193313 0.448106
vt 0.203991 0.452733
vt 0.211986 0.460602
vt 0.193919 0.480188
vt 0.198085 0.481939
vt 0.192555 0.491350
vt 0.180377 0.497153
vt 0.885236 0.337616
vt 0.883440 0.342165
vt 0.889670 0.332845
vt 0.889380 0.331605
vt 0.336052 0.950910
vt 0.338825 0.947750
vt 0.339912 0.950526
vt 0.338972 0.946912
vt 0.248149 0.052188
vt 0.243830 0.051606
vt 0.252327 0.049649
vt 0.244951 0.050672
vt 0.225088 0.051508
vt 0.228221 0.055144
vt 0.245372 0.054284
vt 0.224893 0.053349
vt 0.222586 0.051617
vt 0.223655 0.055398
vt 0.205599 0.277075
vt 0.218780 0.250682
vt 0.196639 0.309775
vt 0.197305 0.299530
vt 0.950094 0.003226
vt 0.950130 0.001477
vt 0.952084 0.002777
vt 0.427001 0.881712
vt 0.433390 0.883140
vt 0.426584 0.881707
vt 0.424054 0.879606
vt 0.544501 0.600804
vt 0.553403 0.598411
vt 0.553403 0.601326
vt 0.540889 0.602322
vt 0.547671 0.596178
vt 0.546472 0.597058
vt 0.951479 0.923298
vt 0.950276 0.929209
vt 0.949542 0.928409
vt 0.951660 0.923842
vt 0.949822 0.928545
vt 0.950152 0.924363
vt 0.739406 0.376194
vt 0.727295 0.376465
vt 0.738074 0.373221
vt 0.736349 0.370491
vt 0.728693 0.371919
vt 0.762432 0.371713
vt 0.755828 0.373731
vt 0.749316 0.376138
vt 0.764526 0.375203
vt 0.769078 0.373945
vt 0.764049 0.369731
vt 0.798123 0.502691
vt 0.796600 0.510425
vt 0.796731 0.501396
vt 0.801133 0.485257
vt 0.800275 0.495930
vt 0.801028 0.479792
vt 0.799160 0.500182
vt 0.798235 0.478335
vt 0.799365 0.478578
vt 0.796631 0.472900
vt 0.305258 0.965978
vt 0.303462 0.964182
vt 0.306274 0.965287
vt 0.304705 0.963998
vt 0.306403 0.964745
vt 0.480231 0.819421
vt 0.483820 0.823877
vt 0.481102 0.825484
vt 0.480518 0.819283
vt 0.480035 0.823521
vt 0.480007 0.819687
vt 0.480208 0.829276
vt 0.482657 0.825807
vt 0.497070 0.823730
vt 0.496703 0.823299
vt 0.189368 0.871751
vt 0.184245 0.865407
vt 0.187186 0.863423
vt 0.189260 0.866438
vt 0.183925 0.868316
vt 0.182632 0.867654
vt 0.182575 0.865676
vt 0.233387 0.900310
vt 0.230569 0.904836
vt 0.231680 0.897139
vt 0.180161 0.882550
vt 0.174553 0.879184
vt 0.173737 0.877411
vt 0.177211 0.883883
vt 0.173670 0.876080
vt 0.176156 0.883978
vt 0.174917 0.882236
vt 0.179680 0.884133
vt 0.524854 0.777250
vt 0.517578 0.776316
vt 0.515143 0.775978
vt 0.523192 0.778784
vt 0.525623 0.781479
vt 0.523674 0.781245
vt 0.514834 0.777952
vt 0.505223 0.774887
vt 0.508085 0.775137
vt 0.504883 0.775635
vt 0.512106 0.773893
vt 0.054490 0.649032
vt 0.550551 0.831706
vt 0.551384 0.831245
vt 0.551270 0.832275
vt 0.551909 0.836201
vt 0.551758 0.831543
vt 0.551473 0.844499
vt 0.107909 0.629397
vt 0.107215 0.612784
vt 0.110199 0.630816
vt 0.106876 0.620225
vt 0.111887 0.629342
vt 0.112731 0.617330
vt 0.113059 0.629051
vt 0.723891 0.855093
vt 0.728076 0.855133
vt 0.730086 0.857633
vt 0.735895 0.856503
vt 0.734601 0.854156
vt 0.127053 0.237945
vt 0.125121 0.239028
vt 0.125123 0.231310
vt 0.128965 0.231054
vt 0.128952 0.239484
vt 0.128034 0.231689
vt 0.128717 0.216429
vt 0.129466 0.217673
vt 0.126821 0.223144
vt 0.125732 0.217097
vt 0.447071 0.181376
vt 0.471967 0.177759
vt 0.466982 0.178067
vt 0.580469 0.248707
vt 0.558786 0.234829
vt 0.562347 0.231662
vt 0.536294 0.240501
vt 0.554216 0.235027
vt 0.531688 0.242312
vt 0.554962 0.231448
vt 0.182167 0.438078
vt 0.955268 0.649457
vt 0.951518 0.650846
vt 0.948910 0.649769
vt 0.949185 0.651259
vt 0.982259 0.015054
vt 0.982737 0.013984
vt 0.982777 0.016598
vt 0.983414 0.014090
vt 0.983306 0.017314
vt 0.486229 0.792826
vt 0.475849 0.793337
vt 0.482349 0.794132
vt 0.479690 0.793374
vt 0.466959 0.791573
vt 0.466172 0.793862
vt 0.466698 0.794918
vt 0.466270 0.792607
vt 0.466064 0.791504
vt 0.319182 0.821868
vt 0.322206 0.822876
vt 0.322155 0.824409
vt 0.325392 0.827244
vt 0.321141 0.825656
vt 0.323217 0.821946
vt 0.333994 0.827239
vt 0.335036 0.826276
vt 0.834170 0.820406
vt 0.832811 0.818801
vt 0.840926 0.819151
vt 0.833400 0.817849
vt 0.843011 0.819864
vt 0.850243 0.819165
vt 0.841428 0.819985
vt 0.832965 0.822157
vt 0.833984 0.822754
vt 0.835890 0.821804
vt 0.476641 0.697005
vt 0.488879 0.704864
vt 0.477492 0.700364
vt 0.478540 0.694041
vt 0.478442 0.690478
vt 0.492315 0.701621
vt 0.496622 0.701165
vt 0.487054 0.691670
vt 0.487923 0.687709
vt 0.504301 0.699672
vt 0.505141 0.695224
vt 0.503134 0.688931
vt 0.496035 0.680965
vt 0.504046 0.685614
vt 0.551514 0.832031
vt 0.551514 0.832031
vt 0.551514 0.832031
vt 0.551514 0.832031
vt 0.840411 0.037911
vt 0.839780 0.038260
vt 0.840263 0.036567
vt 0.934615 0.132340
vt 0.933791 0.125381
vt 0.937581 0.130506
vt 0.717819 0.453973
vt 0.714195 0.467585
vt 0.713611 0.464951
vt 0.716063 0.466083
vt 0.718917 0.457526
vt 0.718651 0.463531
vt 0.713802 0.472689
vt 0.716925 0.468025
vt 0.711556 0.479014
vt 0.713238 0.472976
vt 0.711488 0.480373
vt 0.712309 0.469357
vt 0.710915 0.479154
vt 0.711247 0.473404
vt 0.709571 0.484485
vt 0.712078 0.482174
vt 0.715140 0.457150
vt 0.716139 0.455091
vt 0.937126 0.263502
vt 0.937104 0.265810
vt 0.934551 0.260033
vt 0.933272 0.261391
vt 0.949239 0.127568
vt 0.948037 0.129632
vt 0.948110 0.124185
vt 0.947977 0.125531
vt 0.947266 0.125984
vt 0.948678 0.131412
vt 0.138139 0.595134
vt 0.133023 0.569763
vt 0.137174 0.569695
vt 0.139604 0.595330
vt 0.141713 0.569575
vt 0.141869 0.589857
vt 0.143676 0.596121
vt 0.130349 0.594662
vt 0.128280 0.569778
vt 0.128906 0.597870
vt 0.492139 0.683237
vt 0.533002 0.614378
vt 0.535282 0.605981
vt 0.675267 0.781745
vt 0.673250 0.783494
vt 0.660822 0.782387
vt 0.662877 0.784260
vt 0.679857 0.784668
vt 0.679857 0.785156
vt 0.665059 0.780539
vt 0.661382 0.781138
vt 0.093160 0.051961
vt 0.091430 0.031756
vt 0.098611 0.049839
vt 0.132781 0.039527
vt 0.130449 0.028112
vt 0.134464 0.038377
vt 0.133859 0.044801
vt 0.565090 0.810505
vt 0.566152 0.813858
vt 0.553964 0.816537
vt 0.555365 0.810306
vt 0.560996 0.807872
vt 0.602339 0.938681
vt 0.603853 0.944693
vt 0.599632 0.944248
vt 0.599234 0.940543
vt 0.605356 0.941411
vt 0.870886 0.572427
vt 0.871244 0.575764
vt 0.864702 0.568752
vt 0.863680 0.575217
vt 0.860189 0.574678
vt 0.871124 0.577444
vt 0.861747 0.573070
vt 0.521215 0.686110
vt 0.552418 0.685677
vt 0.548462 0.688273
vt 0.553202 0.677979
vt 0.553801 0.678756
vt 0.542024 0.678462
vt 0.521478 0.682770
vt 0.538694 0.679475
vt 0.521235 0.681161
vt 0.519912 0.688589
vt 0.430229 0.526374
vt 0.419107 0.522061
vt 0.434600 0.523612
vt 0.421909 0.516959
vt 0.399733 0.528355
vt 0.132282 0.027624
vt 0.133479 0.028694
vt 0.126750 0.030436
vt 0.120660 0.023339
vt 0.119635 0.022764
vt 0.127676 0.032949
vt 0.867993 0.095214
vt 0.871243 0.100823
vt 0.869353 0.107445
vt 0.144877 0.569617
vt 0.657854 0.874234
vt 0.658219 0.878247
vt 0.656191 0.876254
vt 0.965164 0.574620
vt 0.962386 0.576968
vt 0.961570 0.572700
vt 0.961125 0.572391
vt 0.259291 0.052386
vt 0.759070 0.860433
vt 0.758270 0.861554
vt 0.749516 0.860155
vt 0.747033 0.861610
vt 0.758145 0.864537
vt 0.749246 0.864578
vt 0.757799 0.865480
vt 0.747933 0.865654
vt 0.581788 0.084960
vt 0.580573 0.086618
vt 0.579933 0.083079
vt 0.564679 0.085554
vt 0.563936 0.083111
vt 0.561225 0.087876
vt 0.866699 0.098389
vt 0.273031 0.788852
vt 0.254930 0.786625
vt 0.252622 0.788586
vt 0.252905 0.788000
vt 0.807870 0.775555
vt 0.793857 0.773005
vt 0.808517 0.774052
vt 0.793722 0.773302
vt 0.807127 0.776834
vt 0.918636 0.530531
vt 0.918939 0.528695
vt 0.919734 0.529209
vt 0.918114 0.533437
vt 0.915878 0.531011
vt 0.869551 0.117950
vt 0.870718 0.120909
vt 0.868878 0.131386
vt 0.869056 0.131305
vt 0.867208 0.120944
vt 0.867593 0.118553
vt 0.915046 0.098949
vt 0.909654 0.097035
vt 0.911936 0.097113
vt 0.908389 0.098909
vt 0.914192 0.099638
vt 0.963373 0.387769
vt 0.964608 0.389927
vt 0.961696 0.388598
vt 0.963907 0.386285
vt 0.965775 0.387010
vt 0.078714 0.001346
vt 0.080040 0.001130
vt 0.073304 0.001605
vt 0.072524 0.000907
vt 0.062121 0.002068
vt 0.059788 0.001010
vt 0.061005 0.002103
vt 0.062167 0.002815
vt 0.070295 0.002674
vt 0.842079 0.365295
vt 0.853613 0.366373
vt 0.845291 0.367424
vt 0.843363 0.368978
vt 0.852941 0.375077
vt 0.854378 0.372430
vt 0.849077 0.375144
vt 0.860476 0.368632
vt 0.859375 0.370117
vt 0.852831 0.379835
vt 0.529559 0.620203
vt 0.539110 0.622016
vt 0.534291 0.624653
vt 0.973493 0.194377
vt 0.977957 0.194415
vt 0.977013 0.195838
vt 0.464055 0.130831
vt 0.470923 0.132092
vt 0.454172 0.142222
vt 0.408201 0.157233
vt 0.424626 0.132242
vt 0.398514 0.133162
vt 0.377795 0.155194
vt 0.381308 0.132386
vt 0.369121 0.144663
vt 0.386867 0.163297
vt 0.886078 0.522302
vt 0.882692 0.522521
vt 0.877542 0.520118
vt 0.876235 0.520721
vt 0.885691 0.520640
vt 0.886616 0.519198
vt 0.887658 0.519794
vt 0.888070 0.520264
vt 0.244909 0.908288
vt 0.242322 0.912390
vt 0.244422 0.911784
vt 0.244897 0.910932
vt 0.028959 0.429772
vt 0.020773 0.421772
vt 0.031647 0.429834
vt 0.032382 0.428281
vt 0.020558 0.418994
vt 0.032630 0.426724
vt 0.933461 0.389795
vt 0.932930 0.388477
vt 0.936491 0.386234
vt 0.936553 0.384533
vt 0.933759 0.384791
vt 0.377661 0.774693
vt 0.377158 0.772918
vt 0.397185 0.777383
vt 0.380034 0.776328
vt 0.380491 0.772775
vt 0.396786 0.778007
vt 0.397074 0.778444
vt 0.397576 0.779010
vt 0.381733 0.771514
vt 0.935257 0.180526
vt 0.935207 0.182304
vt 0.934297 0.180388
vt 0.284298 0.976965
vt 0.286242 0.975100
vt 0.285800 0.976691
vt 0.057608 0.584475
vt 0.054115 0.586922
vt 0.048916 0.583780
vt 0.634265 0.911143
vt 0.635861 0.904134
vt 0.635676 0.911399
vt 0.641474 0.907211
vt 0.643102 0.908818
vt 0.240754 0.109342
vt 0.236209 0.106546
vt 0.268719 0.106161
vt 0.262975 0.104499
vt 0.266076 0.108501
vt 0.244111 0.110691
vt 0.263749 0.110652
vt 0.278713 0.110494
vt 0.281479 0.109138
vt 0.281657 0.106771
vt 0.280080 0.104680
vt 0.278600 0.104126
vt 0.745561 0.694043
vt 0.740843 0.692899
vt 0.745894 0.691313
vt 0.758207 0.699479
vt 0.741795 0.696877
vt 0.746340 0.700589
vt 0.751720 0.702466
vt 0.761766 0.700975
vt 0.764363 0.695338
vt 0.774192 0.693562
vt 0.769791 0.699190
vt 0.767585 0.691301
vt 0.764914 0.692523
vt 0.764029 0.692065
vt 0.560863 0.098487
vt 0.557099 0.099765
vt 0.554424 0.098087
vt 0.563477 0.107666
vt 0.576322 0.107246
vt 0.574609 0.109220
vt 0.576120 0.100817
vt 0.578778 0.103495
vt 0.582278 0.099888
vt 0.581419 0.101814
vt 0.582965 0.100747
vt 0.544840 0.103626
vt 0.554020 0.102205
vt 0.549410 0.106201
vt 0.544186 0.106087
vt 0.539209 0.100512
vt 0.536359 0.107455
vt 0.533406 0.103678
vt 0.537354 0.098222
vt 0.544477 0.098110
vt 0.532715 0.100586
vt 0.534929 0.791107
vt 0.537787 0.794279
vt 0.533383 0.792089
vt 0.530586 0.794047
vt 0.531663 0.795335
vt 0.538320 0.798151
vt 0.531806 0.795909
vt 0.547249 0.798002
vt 0.549267 0.800502
vt 0.548438 0.799460
vt 0.399621 0.860148
vt 0.401468 0.869616
vt 0.399285 0.872491
vt 0.397350 0.864766
vt 0.049318 0.859277
vt 0.061805 0.858275
vt 0.062775 0.859812
vt 0.060171 0.860220
vt 0.059515 0.861437
vt 0.179641 0.953053
vt 0.181268 0.953588
vt 0.179484 0.954373
vt 0.219482 0.880127
vt 0.218910 0.880413
vt 0.218339 0.879764
vt 0.207618 0.878710
vt 0.218015 0.879351
vt 0.206974 0.881187
vt 0.207625 0.879836
vt 0.208101 0.877357
vt 0.414085 0.927787
vt 0.411050 0.928147
vt 0.411695 0.926564
vt 0.418457 0.925293
vt 0.413386 0.924223
vt 0.417110 0.923765
vt 0.416681 0.924316
vt 0.937256 0.387451
vt 0.936464 0.389854
vt 0.807848 0.772094
vt 0.807861 0.773193
vt 0.809897 0.772543
vt 0.808594 0.773193
vt 0.813438 0.772706
vt 0.808594 0.773193
vt 0.808594 0.773193
vt 0.808594 0.773193
vt 0.149997 0.972535
vt 0.147034 0.972542
vt 0.148920 0.971089
vt 0.386544 0.899654
vt 0.383738 0.895667
vt 0.385799 0.894765
vt 0.828248 0.761249
vt 0.824621 0.762654
vt 0.832479 0.756138
vt 0.828113 0.759073
vt 0.832953 0.755310
vt 0.835693 0.755127
vt 0.842177 0.748751
vt 0.837348 0.750024
vt 0.836016 0.752114
vt 0.827134 0.758001
vt 0.829422 0.755446
vt 0.833818 0.756111
vt 0.684357 0.870561
vt 0.688002 0.874103
vt 0.680624 0.868284
vt 0.678540 0.867646
vt 0.684304 0.874403
vt 0.108359 0.610331
vt 0.109415 0.605818
vt 0.112048 0.605496
vt 0.112431 0.608128
vt 0.113075 0.605989
vt 0.112793 0.604736
vt 0.947612 0.384284
vt 0.946700 0.381526
vt 0.947789 0.378186
vt 0.952377 0.382163
vt 0.951667 0.379069
vt 0.043558 0.583377
vt 0.040943 0.579201
vt 0.049235 0.575637
vt 0.047294 0.574255
vt 0.043435 0.575214
vt 0.222136 0.930118
vt 0.226538 0.931187
vt 0.221036 0.932948
vt 0.946324 0.252686
vt 0.947942 0.252226
vt 0.947081 0.258124
vt 0.948627 0.255185
vt 0.352233 0.063772
vt 0.359350 0.072745
vt 0.348258 0.065618
vt 0.353673 0.079628
vt 0.339224 0.070223
vt 0.553367 0.078544
vt 0.542081 0.078422
vt 0.557832 0.076924
vt 0.544205 0.083953
vt 0.547473 0.081649
vt 0.563967 0.079929
vt 0.099887 0.530369
vt 0.100896 0.531159
vt 0.101160 0.541814
vt 0.102522 0.531712
vt 0.099652 0.551365
vt 0.101406 0.547501
vt 0.103895 0.530981
vt 0.102677 0.540606
vt 0.103983 0.552044
vt 0.101750 0.553894
vt 0.099365 0.549805
vt 0.309480 0.806699
vt 0.305545 0.808302
vt 0.305413 0.807276
vt 0.293147 0.807160
vt 0.292993 0.808545
vt 0.293333 0.809982
vt 0.624752 0.900864
vt 0.618277 0.903038
vt 0.618045 0.900623
vt 0.618299 0.899519
vt 0.625138 0.899392
vt 0.626709 0.898926
vt 0.101985 0.245042
vt 0.102868 0.243899
vt 0.106881 0.248475
vt 0.104681 0.244801
vt 0.100938 0.247300
vt 0.098312 0.243093
vt 0.099740 0.243085
vt 0.102504 0.242536
vt 0.922896 0.500074
vt 0.930487 0.499332
vt 0.925224 0.500524
vt 0.926564 0.495896
vt 0.921751 0.498539
vt 0.922409 0.496258
vt 0.929976 0.496515
vt 0.211848 0.641397
vt 0.213165 0.638829
vt 0.226302 0.638504
vt 0.223384 0.637171
vt 0.221935 0.636477
vt 0.209195 0.636332
vt 0.183074 0.637746
vt 0.181285 0.639833
vt 0.182304 0.635977
vt 0.186833 0.641403
vt 0.175956 0.642417
vt 0.179933 0.642822
vt 0.107886 0.245733
vt 0.108791 0.264518
vt 0.108443 0.258134
vt 0.108868 0.265068
vt 0.101455 0.252321
vt 0.107639 0.265375
vt 0.046351 0.491677
vt 0.045211 0.493987
vt 0.034847 0.489717
vt 0.046044 0.487726
vt 0.032544 0.487300
vt 0.036105 0.491084
vt 0.037273 0.486657
vt 0.046616 0.485942
vt 0.173042 0.704775
vt 0.181116 0.709439
vt 0.173936 0.707779
vt 0.174586 0.710127
vt 0.203250 0.708459
vt 0.181193 0.704208
vt 0.204281 0.707493
vt 0.182947 0.703606
vt 0.205257 0.706400
vt 0.204581 0.705160
vt 0.175028 0.703685
vt 0.104492 0.087167
vt 0.103323 0.086603
vt 0.104803 0.061463
vt 0.102270 0.085398
vt 0.100771 0.078309
vt 0.102320 0.060853
vt 0.100883 0.061583
vt 0.099939 0.061791
vt 0.815186 0.972168
vt 0.815277 0.971200
vt 0.817179 0.971747
vt 0.471654 0.682138
vt 0.475135 0.680496
vt 0.545337 0.085932
vt 0.751234 0.693056
vt 0.141177 0.412238
vt 0.143039 0.412722
vt 0.150671 0.425095
vt 0.141683 0.408889
vt 0.152494 0.425325
vt 0.141837 0.411477
vt 0.153393 0.424603
vt 0.150416 0.428145
vt 0.153081 0.428467
vt 0.163121 0.429237
vt 0.155596 0.426027
vt 0.159099 0.427303
vt 0.166169 0.429733
vt 0.422989 0.529061
vt 0.387981 0.522382
vt 0.383174 0.519241
vt 0.397721 0.516294
vt 0.754928 0.807931
vt 0.757221 0.809861
vt 0.763411 0.822130
vt 0.757418 0.812704
vt 0.753812 0.809991
vt 0.408644 0.737517
vt 0.411826 0.738306
vt 0.394780 0.737398
vt 0.390540 0.737821
vt 0.406697 0.739906
vt 0.390675 0.741264
vt 0.409124 0.741156
vt 0.805700 0.524755
vt 0.807428 0.525681
vt 0.806662 0.531046
vt 0.804971 0.531149
vt 0.804151 0.525445
vt 0.802096 0.531450
vt 0.802246 0.522095
vt 0.805310 0.519291
vt 0.457417 0.630608
vt 0.472016 0.634733
vt 0.450403 0.630843
vt 0.476518 0.629548
vt 0.486157 0.636587
vt 0.469576 0.643165
vt 0.486899 0.640942
vt 0.479226 0.647246
vt 0.446285 0.645161
vt 0.448849 0.639493
vt 0.437809 0.647463
vt 0.437641 0.646487
vt 0.438838 0.645354
vt 0.438849 0.635996
vt 0.387326 0.740861
vt 0.865549 0.904542
vt 0.865068 0.907715
vt 0.864746 0.905029
vt 0.836406 0.890643
vt 0.841344 0.886909
vt 0.840084 0.889213
vt 0.833678 0.892580
vt 0.837483 0.883311
vt 0.840519 0.884843
vt 0.131060 0.725035
vt 0.120406 0.702994
vt 0.131939 0.717951
vt 0.130743 0.714010
vt 0.126251 0.719048
vt 0.124510 0.715474
vt 0.126330 0.720619
vt 0.129095 0.726321
vt 0.133057 0.725342
vt 0.745677 0.961125
vt 0.745216 0.959433
vt 0.746470 0.959882
vt 0.224593 0.636868
vt 0.227539 0.637207
vt 0.062687 0.914830
vt 0.066939 0.916304
vt 0.063533 0.917466
vt 0.082073 0.567961
vt 0.069128 0.554895
vt 0.084088 0.567792
vt 0.081519 0.553448
vt 0.087216 0.557094
vt 0.085765 0.560005
vt 0.084787 0.553468
vt 0.073683 0.554453
vt 0.106198 0.015993
vt 0.106481 0.014485
vt 0.112599 0.009897
vt 0.106073 0.014042
vt 0.119789 0.005046
vt 0.657545 0.883626
vt 0.662174 0.881957
vt 0.916223 0.462785
vt 0.914797 0.467740
vt 0.912350 0.464830
vt 0.908403 0.462311
vt 0.054839 0.576271
vt 0.050076 0.573567
vt 0.632812 0.912842
vt 0.541904 0.088423
vt 0.537946 0.082031
vt 0.541115 0.080403
vt 0.563111 0.698151
vt 0.562882 0.694219
vt 0.578278 0.695586
vt 0.562484 0.691136
vt 0.575416 0.691383
vt 0.563090 0.702736
vt 0.580852 0.698014
vt 0.593636 0.689834
vt 0.593752 0.693578
vt 0.595652 0.698265
vt 0.580197 0.706356
vt 0.582464 0.704085
vt 0.594378 0.705839
vt 0.594993 0.703235
vt 0.474488 0.949190
vt 0.470552 0.952966
vt 0.471281 0.949542
vt 0.473995 0.952803
vt 0.456647 0.766977
vt 0.442697 0.762602
vt 0.454918 0.766970
vt 0.445026 0.761459
vt 0.439261 0.760930
vt 0.436523 0.760742
vt 0.436462 0.761826
vt 0.450884 0.766319
vt 0.456787 0.768311
vt 0.379449 0.528212
vt 0.364537 0.522886
vt 0.357546 0.528336
vt 0.378862 0.516596
vt 0.358277 0.519949
vt 0.358402 0.531090
vt 0.803630 0.535890
vt 0.802729 0.539627
vt 0.804909 0.537145
vt 0.805993 0.537174
vt 0.804481 0.541573
vt 0.801296 0.538533
vt 0.801712 0.544814
vt 0.802337 0.553134
vt 0.805968 0.541560
vt 0.141846 0.712571
vt 0.132115 0.715763
vt 0.989754 0.495717
vt 0.987962 0.496431
vt 0.989014 0.493896
vt 0.927569 0.944300
vt 0.928255 0.947467
vt 0.925984 0.946240
vt 0.925537 0.945068
vt 0.862362 0.228595
vt 0.861674 0.229529
vt 0.862663 0.222614
vt 0.863291 0.222727
vt 0.864039 0.236015
vt 0.864014 0.232148
vt 0.863269 0.237258
vt 0.494949 0.870072
vt 0.485684 0.861811
vt 0.488048 0.861163
vt 0.350231 0.948031
vt 0.354326 0.947552
vt 0.353190 0.947846
vt 0.530105 0.623947
vt 0.522713 0.622282
vt 0.524149 0.621112
vt 0.468201 0.006498
vt 0.452197 0.007141
vt 0.449349 0.004784
vt 0.875703 0.720176
vt 0.874921 0.719156
vt 0.886420 0.719066
vt 0.876146 0.718190
vt 0.874653 0.717054
vt 0.197987 0.752169
vt 0.199628 0.755139
vt 0.188295 0.761062
vt 0.190690 0.757807
vt 0.289438 0.820908
vt 0.291432 0.819578
vt 0.302936 0.822963
vt 0.301226 0.820003
vt 0.295252 0.818933
vt 0.305177 0.819336
vt 0.297443 0.823473
vt 0.673673 0.001240
vt 0.673592 0.002460
vt 0.665403 0.003120
vt 0.650261 0.002711
vt 0.665393 0.004321
vt 0.920958 0.898132
vt 0.923381 0.895366
vt 0.922154 0.898129
vt 0.919889 0.902317
vt 0.920191 0.902479
vt 0.872432 0.276252
vt 0.874992 0.274664
vt 0.875185 0.277445
vt 0.875488 0.279297
vt 0.874883 0.279390
vt 0.878609 0.267899
vt 0.878099 0.268023
vt 0.938046 0.304933
vt 0.935126 0.304031
vt 0.933860 0.301485
vt 0.884884 0.477963
vt 0.886470 0.469630
vt 0.886423 0.481049
vt 0.882079 0.481006
vt 0.884042 0.470014
vt 0.882868 0.481350
vt 0.881830 0.471013
vt 0.877791 0.599036
vt 0.877222 0.587918
vt 0.879849 0.596965
vt 0.879629 0.588190
vt 0.881524 0.597407
vt 0.878007 0.586284
vt 0.135273 0.142135
vt 0.137311 0.149564
vt 0.130141 0.159332
vt 0.125630 0.155216
vt 0.121877 0.151963
vt 0.130581 0.138258
vt 0.119526 0.147722
vt 0.130333 0.136230
vt 0.125897 0.134853
vt 0.116283 0.140891
vt 0.134613 0.137347
vt 0.955440 0.358486
vt 0.956964 0.361883
vt 0.954447 0.360728
vt 0.103771 0.533931
vt 0.563230 0.706627
vt 0.793935 0.982979
vt 0.794281 0.983900
vt 0.793422 0.984268
vt 0.992148 0.518987
vt 0.992560 0.517913
vt 0.993896 0.519775
vt 0.933230 0.406767
vt 0.938160 0.407478
vt 0.933833 0.409297
vt 0.937442 0.404251
vt 0.935235 0.403812
vt 0.938835 0.411127
vt 0.507202 0.570293
vt 0.509074 0.576283
vt 0.481584 0.583391
vt 0.590848 0.772627
vt 0.578841 0.772685
vt 0.575077 0.771489
vt 0.574517 0.768564
vt 0.592644 0.768414
vt 0.575098 0.769712
vt 0.593132 0.770029
vt 0.591888 0.773514
vt 0.130850 0.713373
vt 0.314116 0.839511
vt 0.302777 0.836182
vt 0.313955 0.835513
vt 0.303172 0.843804
vt 0.313181 0.841166
vt 0.314619 0.845113
vt 0.317766 0.841431
vt 0.676801 0.003741
vt 0.668902 0.004000
vt 0.672495 0.004641
vt 0.498676 0.865660
vt 0.496836 0.868218
vt 0.494736 0.861237
vt 0.113811 0.227170
vt 0.114455 0.233958
vt 0.113236 0.235431
vt 0.112498 0.227684
vt 0.115001 0.222594
vt 0.543243 0.878963
vt 0.547914 0.882231
vt 0.539076 0.882615
vt 0.537695 0.884293
vt 0.945451 0.729434
vt 0.945637 0.727903
vt 0.952040 0.729079
vt 0.945597 0.729455
vt 0.875668 0.744801
vt 0.874087 0.745928
vt 0.875228 0.735216
vt 0.873173 0.745422
vt 0.873977 0.735777
vt 0.878449 0.736400
vt 0.879080 0.743928
vt 0.880448 0.744062
vt 0.879639 0.744385
vt 0.880928 0.734578
vt 0.881030 0.731616
vt 0.965612 0.349305
vt 0.964717 0.344931
vt 0.968745 0.344599
vt 0.969269 0.348045
vt 0.705959 0.500617
vt 0.710570 0.487846
vt 0.707538 0.500632
vt 0.709061 0.488086
vt 0.708318 0.498453
vt 0.704434 0.498151
vt 0.707958 0.485120
vt 0.132038 0.161796
vt 0.121585 0.162023
vt 0.823882 0.435292
vt 0.310429 0.888406
vt 0.304493 0.887100
vt 0.306249 0.883897
vt 0.307401 0.883925
vt 0.301655 0.888183
vt 0.302117 0.885874
vt 0.301785 0.880300
vt 0.227055 0.050043
vt 0.305412 0.447037
vt 0.304521 0.437444
vt 0.306811 0.409556
vt 0.308213 0.447812
vt 0.308952 0.410433
vt 0.312089 0.426455
vt 0.342949 0.008605
vt 0.339303 0.007930
vt 0.347932 0.005932
vt 0.350208 0.007678
vt 0.340791 0.006089
vt 0.355199 0.004570
vt 0.348570 0.004667
vt 0.354607 0.005468
vt 0.349561 0.003491
vt 0.358035 0.008156
vt 0.360352 0.005430
vt 0.359713 0.002524
vt 0.357971 0.002145
vt 0.931626 0.679542
vt 0.930719 0.676552
vt 0.929892 0.673304
vt 0.934617 0.680222
vt 0.933350 0.682861
vt 0.147760 0.436835
vt 0.149743 0.434658
vt 0.152348 0.431039
vt 0.327005 0.697390
vt 0.299937 0.697422
vt 0.326503 0.696358
vt 0.302147 0.700414
vt 0.302145 0.699082
vt 0.313333 0.699497
vt 0.327143 0.701373
vt 0.327555 0.699032
vt 0.328626 0.700560
vt 0.902759 0.226318
vt 0.901448 0.227864
vt 0.902123 0.221420
vt 0.900156 0.217122
vt 0.482168 0.578323
vt 0.450607 0.585919
vt 0.505381 0.564827
vt 0.478860 0.570397
vt 0.502895 0.561615
vt 0.464694 0.577153
vt 0.449329 0.583002
vt 0.452991 0.589360
vt 0.454378 0.592840
vt 0.482737 0.588331
vt 0.510429 0.579561
vt 0.471185 0.593280
vt 0.453007 0.595277
vt 0.294998 0.928488
vt 0.296179 0.929671
vt 0.300375 0.928630
vt 0.295997 0.929225
vt 0.816162 0.899570
vt 0.817989 0.895899
vt 0.816296 0.889583
vt 0.386815 0.833194
vt 0.386346 0.831947
vt 0.378927 0.832988
vt 0.375470 0.832715
vt 0.380029 0.832991
vt 0.262195 0.772659
vt 0.268757 0.776356
vt 0.260150 0.774248
vt 0.270526 0.776792
vt 0.263142 0.771314
vt 0.258574 0.767320
vt 0.257214 0.768292
vt 0.263398 0.775841
vt 0.250151 0.775354
vt 0.257363 0.775767
vt 0.252430 0.776208
vt 0.245740 0.776420
vt 0.248148 0.775117
vt 0.249578 0.773941
vt 0.258057 0.757744
vt 0.718806 0.866284
vt 0.720604 0.866342
vt 0.723827 0.867876
vt 0.722154 0.868085
vt 0.724781 0.869105
vt 0.728247 0.870741
vt 0.728719 0.870027
vt 0.729217 0.869689
vt 0.237357 0.819787
vt 0.236678 0.820123
vt 0.233033 0.811238
vt 0.230428 0.803116
vt 0.232206 0.806267
vt 0.238279 0.819100
vt 0.332845 0.699394
vt 0.333165 0.700077
vt 0.333897 0.698260
vt 0.329392 0.696575
vt 0.934219 0.676917
vt 0.339866 0.004176
vt 0.338859 0.003021
vt 0.330584 0.002302
vt 0.330438 0.004414
vt 0.331075 0.005357
vt 0.331575 0.006753
vt 0.193289 0.885309
vt 0.194816 0.881475
vt 0.193554 0.889616
vt 0.197998 0.881104
vt 0.196497 0.885728
vt 0.195946 0.881225
vt 0.193918 0.891097
vt 0.906856 0.517750
vt 0.897957 0.518098
vt 0.906970 0.519691
vt 0.938215 0.842911
vt 0.937256 0.844238
vt 0.938124 0.836306
vt 0.938693 0.836625
vt 0.939600 0.843949
vt 0.938518 0.836917
vt 0.936426 0.840079
vt 0.200622 0.746962
vt 0.201261 0.747692
vt 0.201904 0.746582
vt 0.648137 0.767555
vt 0.648440 0.770300
vt 0.628499 0.770329
vt 0.648359 0.764370
vt 0.647647 0.773277
vt 0.638818 0.766042
vt 0.889155 0.657737
vt 0.890596 0.646585
vt 0.889178 0.658377
vt 0.889800 0.647395
vt 0.888046 0.656352
vt 0.889047 0.646138
vt 0.890143 0.646121
vt 0.045430 0.098619
vt 0.046014 0.096044
vt 0.048309 0.092375
vt 0.049109 0.092781
vt 0.044174 0.099025
vt 0.043350 0.100969
vt 0.049530 0.083418
vt 0.113844 0.216998
vt 0.113719 0.211534
vt 0.113301 0.209990
vt 0.115051 0.209210
vt 0.113587 0.208809
vt 0.294120 0.944536
vt 0.293915 0.943321
vt 0.296602 0.941412
vt 0.294008 0.939552
vt 0.164397 0.488567
vt 0.165041 0.494593
vt 0.163029 0.490786
vt 0.166555 0.503749
vt 0.159154 0.500447
vt 0.942250 0.465356
vt 0.942028 0.458797
vt 0.944007 0.462075
vt 0.991932 0.798576
vt 0.990881 0.799003
vt 0.990016 0.797664
vt 0.989504 0.799188
vt 0.462536 0.002438
vt 0.474273 0.004848
vt 0.477666 0.003130
vt 0.476763 0.001487
vt 0.470718 0.001007
vt 0.371715 0.831852
vt 0.132067 0.907525
vt 0.131676 0.907081
vt 0.141293 0.908877
vt 0.137146 0.908261
vt 0.747503 0.282456
vt 0.749497 0.290220
vt 0.745083 0.297455
vt 0.745243 0.276755
vt 0.743725 0.295272
vt 0.748318 0.256555
vt 0.745446 0.261134
vt 0.746389 0.255350
vt 0.750004 0.268409
vt 0.752359 0.277878
vt 0.752321 0.293989
vt 0.905124 0.020596
vt 0.905865 0.030319
vt 0.904076 0.028027
vt 0.903799 0.028750
vt 0.906951 0.027877
vt 0.907912 0.032017
vt 0.906297 0.032088
vt 0.902634 0.028956
vt 0.646062 0.876737
vt 0.645177 0.877556
vt 0.645666 0.876067
vt 0.639122 0.871699
vt 0.643609 0.879044
vt 0.642114 0.878895
vt 0.643765 0.880929
vt 0.642558 0.880304
vt 0.645903 0.881331
vt 0.715561 0.958666
vt 0.719485 0.959620
vt 0.716735 0.960906
vt 0.898405 0.518926
vt 0.907414 0.518479
vt 0.896689 0.517707
vt 0.966465 0.541688
vt 0.967775 0.540784
vt 0.967664 0.544221
vt 0.944107 0.621166
vt 0.948191 0.623970
vt 0.943604 0.620850
vt 0.944092 0.620361
vt 0.943115 0.618896
vt 0.944285 0.625016
vt 0.942220 0.623271
vt 0.011222 0.869679
vt 0.010584 0.868855
vt 0.010395 0.868553
vt 0.651757 0.772811
vt 0.653192 0.771602
vt 0.085443 0.571973
vt 0.084060 0.570098
vt 0.948743 0.575572
vt 0.944305 0.574478
vt 0.950767 0.574478
vt 0.951552 0.573883
vt 0.954581 0.530155
vt 0.955379 0.525358
vt 0.957885 0.530643
vt 0.129942 0.782711
vt 0.135298 0.781674
vt 0.130366 0.785697
vt 0.135504 0.783354
vt 0.130902 0.786722
vt 0.137244 0.783882
vt 0.131812 0.788692
vt 0.132377 0.788278
vt 0.135119 0.785934
vt 0.143036 0.780395
vt 0.145243 0.778499
vt 0.141380 0.777860
vt 0.145794 0.776631
vt 0.145822 0.774655
vt 0.140962 0.776828
vt 0.144199 0.773834
vt 0.135535 0.779665
vt 0.852479 0.870954
vt 0.855654 0.870662
vt 0.853376 0.871570
vt 0.370649 0.833903
vt 0.923364 0.312570
vt 0.923898 0.312198
vt 0.925472 0.320347
vt 0.923606 0.316336
vt 0.635802 0.001626
vt 0.635378 0.002697
vt 0.609942 0.001992
vt 0.612058 0.001902
vt 0.612564 0.003278
vt 0.234188 0.805858
vt 0.231722 0.801900
vt 0.874228 0.559546
vt 0.885498 0.558350
vt 0.885995 0.556776
vt 0.885411 0.557442
vt 0.873593 0.558503
vt 0.872711 0.557138
vt 0.975221 0.146034
vt 0.975789 0.143506
vt 0.978913 0.144665
vt 0.888387 0.389520
vt 0.883650 0.381512
vt 0.882778 0.379102
vt 0.844856 0.748460
vt 0.839172 0.752595
vt 0.844536 0.749950
vt 0.841923 0.746488
vt 0.577449 0.757577
vt 0.581854 0.755556
vt 0.583035 0.758347
vt 0.601937 0.758641
vt 0.582933 0.751907
vt 0.583311 0.749335
vt 0.584860 0.747489
vt 0.933959 0.289417
vt 0.934502 0.288982
vt 0.928870 0.287102
vt 0.928631 0.287820
vt 0.929032 0.287497
vt 0.926025 0.287354
vt 0.926270 0.286865
vt 0.469632 0.962842
vt 0.469942 0.962389
vt 0.473294 0.963108
vt 0.208388 0.079015
vt 0.213861 0.077970
vt 0.211306 0.082616
vt 0.210223 0.075806
vt 0.159501 0.904289
vt 0.161365 0.904649
vt 0.156184 0.909926
vt 0.155385 0.908329
vt 0.157476 0.911034
vt 0.158131 0.911482
vt 0.978027 0.503174
vt 0.974631 0.502446
vt 0.977348 0.501780
vt 0.974126 0.500022
vt 0.979377 0.484046
vt 0.979851 0.481374
vt 0.980683 0.485298
vt 0.378431 0.865923
vt 0.375153 0.860832
vt 0.377720 0.864498
vt 0.379042 0.864871
vt 0.846770 0.871446
vt 0.852303 0.868700
vt 0.853458 0.869520
vt 0.060541 0.405434
vt 0.064338 0.407779
vt 0.062336 0.408697
vt 0.065456 0.406449
vt 0.061658 0.404625
vt 0.065391 0.405520
vt 0.059099 0.403962
vt 0.059113 0.399448
vt 0.059570 0.399902
vt 0.059570 0.399902
vt 0.059326 0.399414
vt 0.059326 0.399414
vt 0.059326 0.399414
vt 0.059570 0.399170
vt 0.059326 0.399414
vt 0.066882 0.412278
vt 0.069418 0.417858
vt 0.065514 0.410737
vt 0.068119 0.417401
vt 0.464514 0.920933
vt 0.465647 0.921604
vt 0.464070 0.926684
vt 0.333595 0.962005
vt 0.335444 0.960673
vt 0.335982 0.962547
vt 0.335152 0.962375
vt 0.200095 0.269564
vt 0.211779 0.096416
vt 0.239003 0.091230
vt 0.244560 0.094160
vt 0.252758 0.087852
vt 0.238534 0.088021
vt 0.238763 0.084115
vt 0.250605 0.083041
vt 0.211092 0.094044
vt 0.221679 0.089443
vt 0.210541 0.086903
vt 0.248368 0.077672
vt 0.208741 0.089852
vt 0.209116 0.091640
vt 0.208008 0.088867
vt 0.207375 0.081908
vt 0.122405 0.353270
vt 0.125247 0.344445
vt 0.127034 0.355028
vt 0.119459 0.363039
vt 0.131280 0.366808
vt 0.127523 0.366385
vt 0.130773 0.364072
vt 0.137814 0.360967
vt 0.138679 0.364915
vt 0.020094 0.691537
vt 0.021813 0.680431
vt 0.020128 0.676690
vt 0.021371 0.691218
vt 0.070514 0.014028
vt 0.069922 0.020745
vt 0.068731 0.017745
vt 0.068582 0.020559
vt 0.071289 0.015836
vt 0.068928 0.012457
vt 0.067635 0.012590
vt 0.068988 0.025627
vt 0.069812 0.026772
vt 0.067917 0.026736
vt 0.067894 0.032212
vt 0.067526 0.035551
vt 0.067366 0.034020
vt 0.070707 0.031900
vt 0.070787 0.026251
vt 0.071710 0.031326
vt 0.923615 0.740112
vt 0.923827 0.743269
vt 0.922769 0.740181
vt 0.924479 0.744107
vt 0.923217 0.749892
vt 0.925049 0.741047
vt 0.901629 0.375060
vt 0.902092 0.375975
vt 0.901029 0.377901
vt 0.899572 0.375861
vt 0.900391 0.373779
vt 0.898323 0.376674
vt 0.896482 0.374836
vt 0.900679 0.384778
vt 0.902181 0.384254
vt 0.608643 0.000488
vt 0.607195 0.000659
vt 0.609346 0.004784
vt 0.614575 0.004379
vt 0.867651 0.085224
vt 0.879941 0.080528
vt 0.867638 0.083548
vt 0.868254 0.084461
vt 0.844891 0.869907
vt 0.849099 0.869011
vt 0.414833 0.008387
vt 0.416388 0.009004
vt 0.431881 0.007571
vt 0.433726 0.006727
vt 0.439072 0.005513
vt 0.414824 0.007581
vt 0.408904 0.005256
vt 0.412130 0.008096
vt 0.926121 0.551746
vt 0.927283 0.555184
vt 0.927042 0.558559
vt 0.929443 0.552030
vt 0.928971 0.549264
vt 0.977279 0.294934
vt 0.975210 0.297518
vt 0.975406 0.293950
vt 0.901128 0.336364
vt 0.900238 0.334338
vt 0.901388 0.329763
vt 0.901891 0.330064
vt 0.900469 0.327851
vt 0.900945 0.325918
vt 0.366678 0.954879
vt 0.364245 0.957452
vt 0.365683 0.955079
vt 0.021169 0.790168
vt 0.020870 0.786032
vt 0.020726 0.781530
vt 0.020588 0.780356
vt 0.021298 0.776958
vt 0.020096 0.776763
vt 0.020015 0.789408
vt 0.020535 0.792235
vt 0.287683 0.881348
vt 0.285637 0.879591
vt 0.290841 0.881598
vt 0.288054 0.879231
vt 0.291584 0.879548
vt 0.285724 0.878665
vt 0.291748 0.878418
vt 0.281001 0.878022
vt 0.280818 0.876299
vt 0.280849 0.875615
vt 0.136769 0.972484
vt 0.135822 0.969307
vt 0.136706 0.969406
vt 0.137154 0.969546
vt 0.911877 0.941719
vt 0.911569 0.939656
vt 0.916377 0.939070
vt 0.020884 0.676555
vt 0.018846 0.676282
vt 0.022392 0.690784
vt 0.066737 0.532532
vt 0.067479 0.528248
vt 0.070417 0.529495
vt 0.069255 0.533158
vt 0.063462 0.531044
vt 0.059516 0.530940
vt 0.061646 0.523086
vt 0.059483 0.519453
vt 0.063777 0.514958
vt 0.066750 0.512633
vt 0.069430 0.515701
vt 0.071571 0.518454
vt 0.877395 0.083883
vt 0.878404 0.083205
vt 0.880552 0.083118
vt 0.879628 0.080040
vt 0.880533 0.079759
vt 0.880147 0.083478
vt 0.707031 0.949219
vt 0.705759 0.948267
vt 0.708454 0.947150
vt 0.590306 0.113683
vt 0.593478 0.097291
vt 0.601585 0.095146
vt 0.408691 0.005615
vt 0.408203 0.005371
vt 0.843364 0.517397
vt 0.845190 0.520266
vt 0.843021 0.516391
vt 0.843175 0.521740
vt 0.845151 0.517857
vt 0.804269 0.552125
vt 0.806274 0.547295
vt 0.806115 0.556543
vt 0.859152 0.290128
vt 0.859588 0.287255
vt 0.863124 0.291842
vt 0.860635 0.293018
vt 0.854396 0.296566
vt 0.144531 0.860840
vt 0.145074 0.861112
vt 0.141403 0.861164
vt 0.143618 0.861513
vt 0.140694 0.860443
vt 0.131974 0.861274
vt 0.138834 0.862152
vt 0.132603 0.861283
vt 0.862722 0.816893
vt 0.864750 0.818704
vt 0.864065 0.819775
vt 0.863664 0.806686
vt 0.860875 0.818559
vt 0.860381 0.818563
vt 0.941320 0.963239
vt 0.942142 0.964314
vt 0.939556 0.963755
vt 0.464365 0.832485
vt 0.464802 0.834502
vt 0.452003 0.836970
vt 0.465576 0.832520
vt 0.465449 0.831670
vt 0.453570 0.835290
vt 0.463759 0.829805
vt 0.529471 0.905249
vt 0.533174 0.906288
vt 0.529982 0.909025
vt 0.525687 0.910617
vt 0.523268 0.906538
vt 0.882497 0.359558
vt 0.884617 0.354644
vt 0.886882 0.368741
vt 0.002287 0.907468
vt 0.002686 0.907471
vt 0.002317 0.907959
vt 0.917154 0.333183
vt 0.915232 0.332247
vt 0.912491 0.324798
vt 0.913503 0.334307
vt 0.846976 0.503310
vt 0.316755 0.405331
vt 0.315961 0.396954
vt 0.319732 0.391074
vt 0.319912 0.366843
vt 0.323133 0.377373
vt 0.320837 0.356841
vt 0.311793 0.338978
vt 0.309428 0.355732
vt 0.307858 0.339785
vt 0.302924 0.341135
vt 0.303381 0.352444
vt 0.300721 0.340068
vt 0.314382 0.368055
vt 0.306587 0.380400
vt 0.314887 0.398633
vt 0.810986 0.580121
vt 0.813640 0.573845
vt 0.815644 0.578915
vt 0.815231 0.591932
vt 0.812988 0.594971
vt 0.808807 0.593401
vt 0.804657 0.592006
vt 0.804899 0.575615
vt 0.799668 0.598289
vt 0.798899 0.576264
vt 0.796875 0.598115
vt 0.997034 0.290055
vt 0.997274 0.289830
vt 0.997206 0.290733
vt 0.544775 0.993629
vt 0.544084 0.993896
vt 0.543945 0.993408
vt 0.951543 0.562930
vt 0.943984 0.562932
vt 0.950262 0.564027
vt 0.944415 0.561927
vt 0.951196 0.563398
vt 0.580535 0.946001
vt 0.580938 0.942221
vt 0.581931 0.943755
vt 0.582183 0.945752
vt 0.584327 0.941464
vt 0.239711 0.075713
vt 0.252856 0.092341
vt 0.021944 0.675164
vt 0.023193 0.675049
vt 0.821555 0.440607
vt 0.820433 0.445764
vt 0.161489 0.495937
vt 0.161240 0.498100
vt 0.001578 0.067086
vt 0.001221 0.067139
vt 0.001266 0.066743
vt 0.140621 0.700688
vt 0.139315 0.699406
vt 0.141023 0.692710
vt 0.140556 0.677117
vt 0.141694 0.692438
vt 0.921200 0.274755
vt 0.922901 0.269919
vt 0.923650 0.272286
vt 0.952447 0.963912
vt 0.953738 0.963331
vt 0.956770 0.964020
vt 0.578343 0.753284
vt 0.619266 0.844236
vt 0.624386 0.842217
vt 0.631120 0.843253
vt 0.619912 0.844971
vt 0.619801 0.845572
vt 0.627713 0.840533
vt 0.633438 0.844711
vt 0.629093 0.851616
vt 0.633715 0.853374
vt 0.624102 0.853347
vt 0.773309 0.965557
vt 0.773922 0.966120
vt 0.776761 0.966103
vt 0.252376 0.955091
vt 0.253443 0.955857
vt 0.255436 0.954724
vt 0.255371 0.954346
vt 0.254274 0.956199
vt 0.862653 0.805698
vt 0.861356 0.802799
vt 0.862791 0.801767
vt 0.861937 0.801713
vt 0.906454 0.407277
vt 0.904742 0.398060
vt 0.907955 0.406052
vt 0.905106 0.407334
vt 0.905762 0.408447
vt 0.904665 0.405409
vt 0.904555 0.399950
vt 0.905514 0.396605
vt 0.904541 0.396240
vt 0.907889 0.397745
vt 0.909162 0.406695
vt 0.789640 0.903379
vt 0.789945 0.902686
vt 0.795145 0.907921
vt 0.788186 0.904571
vt 0.794994 0.908488
vt 0.796372 0.908574
vt 0.787261 0.906328
vt 0.157238 0.514396
vt 0.165821 0.513404
vt 0.164857 0.560091
vt 0.164842 0.552814
vt 0.165515 0.547056
vt 0.621897 0.100643
vt 0.576612 0.755974
vt 0.925637 0.605946
vt 0.931396 0.606934
vt 0.931886 0.608421
vt 0.932108 0.606430
vt 0.932168 0.610969
vt 0.924306 0.609525
vt 0.932242 0.613087
vt 0.929946 0.614513
vt 0.931892 0.605432
vt 0.923052 0.511383
vt 0.918197 0.517912
vt 0.923584 0.509766
vt 0.920833 0.512546
vt 0.037781 0.939270
vt 0.039662 0.938802
vt 0.038239 0.938454
vt 0.122143 0.004112
vt 0.125281 0.000583
vt 0.126034 0.001521
vt 0.105010 0.553842
vt 0.757849 0.837817
vt 0.755158 0.837276
vt 0.764289 0.836399
vt 0.759197 0.834446
vt 0.761748 0.835596
vt 0.758057 0.833984
vt 0.769973 0.837289
vt 0.770929 0.834875
vt 0.143017 0.677427
vt 0.142964 0.676796
vt 0.142551 0.674156
vt 0.140845 0.670509
vt 0.142771 0.670756
vt 0.139677 0.672039
vt 0.139659 0.675620
vt 0.139160 0.673288
vt 0.945401 0.194963
vt 0.949078 0.194819
vt 0.945702 0.195070
vt 0.948235 0.193698
vt 0.943096 0.195075
vt 0.094437 0.305516
vt 0.085090 0.290670
vt 0.095111 0.300147
vt 0.083497 0.307080
vt 0.083002 0.306117
vt 0.086074 0.307698
vt 0.087200 0.306371
vt 0.082408 0.301278
vt 0.089716 0.308047
vt 0.082191 0.293878
vt 0.090757 0.304243
vt 0.087996 0.288302
vt 0.094322 0.295250
vt 0.095124 0.298670
vt 0.088318 0.286450
vt 0.092980 0.290952
vt 0.988609 0.345358
vt 0.988478 0.344293
vt 0.988525 0.343262
vt 0.990220 0.345063
vt 0.907834 0.585830
vt 0.907775 0.586499
vt 0.902555 0.578061
vt 0.900841 0.578268
vt 0.903782 0.578697
vt 0.900925 0.578216
vt 0.931103 0.452381
vt 0.924763 0.449055
vt 0.930362 0.452099
vt 0.926489 0.451297
vt 0.930595 0.452807
vt 0.905819 0.887960
vt 0.906762 0.889015
vt 0.906770 0.878038
vt 0.907195 0.878263
vt 0.905872 0.884784
vt 0.067000 0.629398
vt 0.067942 0.619575
vt 0.067286 0.629513
vt 0.068951 0.621558
vt 0.068182 0.618363
vt 0.067785 0.629287
vt 0.068060 0.608159
vt 0.651273 0.894518
vt 0.641549 0.893709
vt 0.641396 0.892936
vt 0.642039 0.891976
vt 0.641896 0.890351
vt 0.319828 0.914214
vt 0.322842 0.907776
vt 0.321916 0.908391
vt 0.505121 0.247077
vt 0.505891 0.249043
vt 0.494595 0.244267
vt 0.510870 0.251800
vt 0.489295 0.258702
vt 0.487432 0.261676
vt 0.519229 0.278503
vt 0.484619 0.280273
vt 0.085047 0.777635
vt 0.085059 0.777910
vt 0.067579 0.765229
vt 0.069092 0.765230
vt 0.077276 0.771507
vt 0.085512 0.777199
vt 0.067730 0.764019
vt 0.068619 0.763796
vt 0.069332 0.764644
vt 0.067563 0.767289
vt 0.904492 0.154385
vt 0.900791 0.150489
vt 0.907343 0.154749
vt 0.901123 0.152100
vt 0.898817 0.148807
vt 0.900536 0.147833
vt 0.714855 0.604202
vt 0.712896 0.582937
vt 0.715847 0.580922
vt 0.712009 0.603366
vt 0.723373 0.603064
vt 0.721165 0.602648
vt 0.721272 0.581284
vt 0.719144 0.579075
vt 0.591570 0.066256
vt 0.589095 0.071742
vt 0.585693 0.066897
vt 0.595415 0.073444
vt 0.602644 0.067790
vt 0.235937 0.732116
vt 0.236075 0.733163
vt 0.235749 0.734133
vt 0.229397 0.733163
vt 0.236038 0.730307
vt 0.227980 0.732353
vt 0.234385 0.728476
vt 0.222233 0.732657
vt 0.223750 0.736539
vt 0.212316 0.738750
vt 0.214124 0.735439
vt 0.212903 0.741533
vt 0.986785 0.933333
vt 0.986267 0.931798
vt 0.987061 0.930664
vt 0.984619 0.931152
vt 0.966403 0.437871
vt 0.967277 0.438302
vt 0.967543 0.441694
vt 0.730225 0.871582
vt 0.589695 0.117419
vt 0.592943 0.119998
vt 0.606537 0.115590
vt 0.604885 0.127694
vt 0.599229 0.128403
vt 0.595648 0.127337
vt 0.596728 0.128865
vt 0.620808 0.113022
vt 0.104510 0.424506
vt 0.104936 0.431752
vt 0.103150 0.426963
vt 0.148408 0.106848
vt 0.149505 0.098496
vt 0.149594 0.113831
vt 0.148188 0.114406
vt 0.152613 0.107331
vt 0.152538 0.116443
vt 0.151065 0.110958
vt 0.146653 0.960388
vt 0.149967 0.961798
vt 0.146404 0.961192
vt 0.147987 0.962575
vt 0.982051 0.778426
vt 0.979456 0.776927
vt 0.981835 0.776537
vt 0.040039 0.969971
vt 0.038908 0.970253
vt 0.038083 0.969158
vt 0.112162 0.671260
vt 0.108356 0.676879
vt 0.112305 0.662109
vt 0.103915 0.670611
vt 0.111572 0.665283
vt 0.111816 0.661865
vt 0.111572 0.664551
vt 0.111572 0.664795
vt 0.111572 0.664551
vt 0.111572 0.664795
vt 0.306565 0.976299
vt 0.307373 0.977295
vt 0.305723 0.977460
vt 0.761876 0.795032
vt 0.758914 0.796297
vt 0.749452 0.795647
vt 0.759135 0.794268
vt 0.744769 0.795754
vt 0.743886 0.796633
vt 0.760268 0.797241
vt 0.100501 0.923911
vt 0.101883 0.926152
vt 0.095064 0.924423
vt 0.099648 0.925391
vt 0.802328 0.601480
vt 0.291781 0.955027
vt 0.294549 0.953857
vt 0.294791 0.954319
vt 0.295462 0.954725
vt 0.291992 0.954643
vt 0.294189 0.954834
vt 0.291794 0.953894
vt 0.293457 0.955078
vt 0.293701 0.955078
vt 0.293701 0.955078
vt 0.293701 0.955078
vt 0.293701 0.955078
vt 0.025563 0.563522
vt 0.025107 0.554324
vt 0.025277 0.559357
vt 0.345659 0.828747
vt 0.350417 0.829218
vt 0.344993 0.829109
vt 0.347618 0.829781
vt 0.353329 0.830262
vt 0.355277 0.831419
vt 0.354078 0.829679
vt 0.360709 0.828370
vt 0.115096 0.892063
vt 0.115784 0.891355
vt 0.119799 0.891003
vt 0.121371 0.889983
vt 0.121495 0.890073
vt 0.125952 0.890530
vt 0.761862 0.976590
vt 0.762072 0.975845
vt 0.764113 0.976729
vt 0.761711 0.977295
vt 0.607027 0.069548
vt 0.609457 0.070239
vt 0.617251 0.079758
vt 0.113525 0.678110
vt 0.112906 0.688224
vt 0.110643 0.688482
vt 0.107277 0.688806
vt 0.103537 0.688033
vt 0.100165 0.676554
vt 0.528555 0.872388
vt 0.526445 0.865570
vt 0.529987 0.871469
vt 0.526715 0.861812
vt 0.528096 0.862039
vt 0.532781 0.870695
vt 0.530347 0.863470
vt 0.525792 0.864782
vt 0.874784 0.858752
vt 0.874659 0.844856
vt 0.875383 0.853937
vt 0.873436 0.856725
vt 0.964859 0.332153
vt 0.965571 0.333874
vt 0.963444 0.332956
vt 0.531830 0.923733
vt 0.534777 0.926758
vt 0.529996 0.924144
vt 0.531668 0.921357
vt 0.905343 0.151896
vt 0.852574 0.542890
vt 0.853899 0.547660
vt 0.851443 0.543063
vt 0.852043 0.545130
vt 0.856228 0.550265
vt 0.855014 0.548530
vt 0.858444 0.553028
vt 0.861599 0.556561
vt 0.856105 0.550958
vt 0.861530 0.556603
vt 0.828067 0.348136
vt 0.823309 0.349908
vt 0.822902 0.336600
vt 0.818208 0.350685
vt 0.821683 0.366221
vt 0.810914 0.353356
vt 0.815232 0.365088
vt 0.805210 0.354888
vt 0.802828 0.366614
vt 0.801745 0.354162
vt 0.809629 0.372262
vt 0.872331 0.954119
vt 0.872154 0.953325
vt 0.875091 0.954066
vt 0.501276 0.290024
vt 0.547452 0.322884
vt 0.921031 0.671866
vt 0.916177 0.670836
vt 0.917663 0.669801
vt 0.920234 0.673209
vt 0.921272 0.671579
vt 0.916060 0.672385
vt 0.914294 0.673072
vt 0.914795 0.671631
vt 0.915335 0.667955
vt 0.917254 0.668319
vt 0.916805 0.667362
vt 0.913348 0.664100
vt 0.913574 0.663574
vt 0.030126 0.959849
vt 0.030695 0.960516
vt 0.027562 0.959258
vt 0.127522 0.001709
vt 0.127197 0.002197
vt 0.127441 0.001465
vt 0.193833 0.730743
vt 0.193433 0.734809
vt 0.193159 0.730713
vt 0.191246 0.734901
vt 0.191503 0.732388
vt 0.189113 0.734109
vt 0.177819 0.744663
vt 0.191727 0.736819
vt 0.191101 0.737724
vt 0.173567 0.747195
vt 0.175676 0.745364
vt 0.173340 0.746735
vt 0.379435 0.594864
vt 0.384521 0.598877
vt 0.382112 0.601266
vt 0.376362 0.620631
vt 0.365253 0.620325
vt 0.357518 0.613514
vt 0.362286 0.607799
vt 0.389380 0.613483
vt 0.388888 0.615761
vt 0.384847 0.618109
vt 0.165052 0.531021
vt 0.165616 0.542356
vt 0.164097 0.537607
vt 0.164364 0.543248
vt 0.162727 0.530813
vt 0.166103 0.532171
vt 0.163396 0.529422
vt 0.109692 0.417274
vt 0.109202 0.427137
vt 0.103772 0.408176
vt 0.105906 0.419670
vt 0.231485 0.539909
vt 0.239195 0.543991
vt 0.234050 0.547519
vt 0.238112 0.540122
vt 0.251275 0.550425
vt 0.269169 0.551328
vt 0.273403 0.559627
vt 0.288635 0.559683
vt 0.288743 0.563786
vt 0.286112 0.566644
vt 0.579502 0.850232
vt 0.572540 0.846191
vt 0.581067 0.846484
vt 0.577450 0.855847
vt 0.566867 0.846338
vt 0.574656 0.857687
vt 0.144585 0.772896
vt 0.146398 0.771904
vt 0.148384 0.774541
vt 0.853020 0.846457
vt 0.861284 0.845674
vt 0.851599 0.844811
vt 0.862010 0.845372
vt 0.860362 0.844790
vt 0.020468 0.551103
vt 0.021093 0.548821
vt 0.022217 0.548609
vt 0.022265 0.552577
vt 0.713756 0.607104
vt 0.712917 0.610612
vt 0.254648 0.555038
vt 0.238310 0.553200
vt 0.265038 0.564320
vt 0.241134 0.556406
vt 0.266330 0.560232
vt 0.617775 0.916121
vt 0.621718 0.914895
vt 0.616535 0.917333
vt 0.873291 0.858229
vt 0.873970 0.858860
vt 0.875977 0.858154
vt 0.876465 0.857178
vt 0.163239 0.550656
vt 0.480692 0.843165
vt 0.479573 0.848080
vt 0.479286 0.841849
vt 0.477883 0.840024
vt 0.478202 0.839801
vt 0.473352 0.845609
vt 0.124497 0.121149
vt 0.123369 0.114903
vt 0.133005 0.118790
vt 0.126487 0.107962
vt 0.581001 0.915117
vt 0.578877 0.914931
vt 0.585947 0.913828
vt 0.984636 0.868363
vt 0.982968 0.866836
vt 0.984163 0.866609
vt 0.892926 0.590164
vt 0.897145 0.595955
vt 0.891791 0.588740
vt 0.891616 0.589720
vt 0.282874 0.750139
vt 0.286733 0.741698
vt 0.285270 0.741135
vt 0.283521 0.751721
vt 0.281296 0.749911
vt 0.286562 0.739837
vt 0.282229 0.756487
vt 0.282959 0.755859
vt 0.277768 0.754542
vt 0.278166 0.754811
vt 0.279696 0.751940
vt 0.277634 0.753814
vt 0.274904 0.756352
vt 0.273378 0.758254
vt 0.272299 0.758707
vt 0.272715 0.759023
vt 0.157940 0.854713
vt 0.148972 0.847953
vt 0.151018 0.848800
vt 0.158909 0.854053
vt 0.148712 0.846355
vt 0.159513 0.854666
vt 0.147155 0.846931
vt 0.149346 0.122459
vt 0.150253 0.124899
vt 0.150841 0.127117
vt 0.152561 0.125490
vt 0.470343 0.548348
vt 0.465138 0.545428
vt 0.479067 0.540512
vt 0.466974 0.542548
vt 0.469457 0.539300
vt 0.473655 0.537277
vt 0.484689 0.538040
vt 0.507564 0.537845
vt 0.500088 0.541945
vt 0.527610 0.538027
vt 0.529114 0.544009
vt 0.512456 0.545574
vt 0.503060 0.551907
vt 0.527852 0.549955
vt 0.484199 0.546208
vt 0.482983 0.551415
vt 0.470227 0.552778
vt 0.393271 0.965916
vt 0.390064 0.966284
vt 0.389967 0.965370
vt 0.014498 0.283652
vt 0.013118 0.282699
vt 0.013136 0.283665
vt 0.237952 0.934441
vt 0.238923 0.933201
vt 0.241086 0.933469
vt 0.235654 0.932871
vt 0.239220 0.936238
vt 0.242640 0.934682
vt 0.240492 0.939452
vt 0.239760 0.939703
vt 0.238525 0.939141
vt 0.109375 0.864990
vt 0.108318 0.864196
vt 0.105570 0.861703
vt 0.209072 0.923886
vt 0.208730 0.924036
vt 0.211104 0.919621
vt 0.019338 0.097259
vt 0.019243 0.094574
vt 0.019730 0.095025
vt 0.019775 0.093018
vt 0.020239 0.094763
vt 0.149508 0.379815
vt 0.152581 0.374368
vt 0.141554 0.390918
vt 0.151290 0.376498
vt 0.500292 0.957476
vt 0.498535 0.957262
vt 0.502630 0.956819
vt 0.500113 0.955557
vt 0.363910 0.057610
vt 0.253389 0.001543
vt 0.252873 0.003013
vt 0.256702 0.002272
vt 0.260284 0.002456
vt 0.253162 0.001835
vt 0.265780 0.001943
vt 0.271849 0.001637
vt 0.279889 0.002165
vt 0.281404 0.002939
vt 0.271603 0.002250
vt 0.282107 0.002340
vt 0.210612 0.919809
vt 0.208108 0.923753
vt 0.204590 0.925293
vt 0.850177 0.845881
vt 0.157211 0.372962
vt 0.149283 0.363834
vt 0.164751 0.373488
vt 0.967392 0.457001
vt 0.964342 0.458040
vt 0.965899 0.455014
vt 0.790539 0.962634
vt 0.789732 0.961209
vt 0.791131 0.959692
vt 0.793244 0.960174
vt 0.791692 0.961910
vt 0.632691 0.966729
vt 0.632695 0.963282
vt 0.632891 0.963513
vt 0.631969 0.963478
vt 0.629198 0.964098
vt 0.630158 0.966002
vt 0.560929 0.975000
vt 0.559840 0.974764
vt 0.560208 0.972227
vt 0.862333 0.831109
vt 0.870883 0.833764
vt 0.861342 0.831771
vt 0.863359 0.831387
vt 0.477261 0.243273
vt 0.487421 0.241977
vt 0.486844 0.255353
vt 0.984190 0.118652
vt 0.984661 0.118811
vt 0.981327 0.119374
vt 0.935517 0.983832
vt 0.935602 0.984444
vt 0.935075 0.984147
vt 0.654557 0.858237
vt 0.657510 0.858608
vt 0.658706 0.859047
vt 0.652783 0.862804
vt 0.656368 0.861549
vt 0.656226 0.863477
vt 0.650834 0.861914
vt 0.646245 0.860174
vt 0.649608 0.862220
vt 0.646804 0.859277
vt 0.651356 0.858212
vt 0.645264 0.861084
vt 0.805041 0.946700
vt 0.806045 0.949154
vt 0.803122 0.950800
vt 0.476936 0.246590
vt 0.479753 0.251336
vt 0.799182 0.759953
vt 0.793312 0.761772
vt 0.791336 0.758642
vt 0.805990 0.758382
vt 0.813754 0.757349
vt 0.803821 0.760617
vt 0.813944 0.759391
vt 0.803619 0.757641
vt 0.812775 0.755467
vt 0.798543 0.756904
vt 0.790876 0.756622
vt 0.792889 0.755394
vt 0.798463 0.756287
vt 0.369561 0.051638
vt 0.364754 0.055057
vt 0.368126 0.051604
vt 0.373653 0.053969
vt 0.380395 0.065989
vt 0.377442 0.081299
vt 0.636161 0.510144
vt 0.640869 0.509927
vt 0.637926 0.523053
vt 0.608126 0.518104
vt 0.629367 0.544776
vt 0.632890 0.544573
vt 0.918391 0.486775
vt 0.920330 0.484155
vt 0.918736 0.480133
vt 0.919173 0.477369
vt 0.918744 0.485875
vt 0.870277 0.834321
vt 0.873467 0.835212
vt 0.845259 0.933610
vt 0.839736 0.932998
vt 0.840024 0.930177
vt 0.840197 0.929064
vt 0.839694 0.929005
vt 0.776509 0.423092
vt 0.771733 0.444742
vt 0.774377 0.422526
vt 0.770456 0.429806
vt 0.766999 0.438919
vt 0.765627 0.449764
vt 0.776746 0.452119
vt 0.776206 0.434660
vt 0.278773 0.569009
vt 0.527171 0.553416
vt 0.835160 0.832921
vt 0.841500 0.833793
vt 0.833853 0.831968
vt 0.836305 0.833415
vt 0.842973 0.832413
vt 0.841100 0.835938
vt 0.842357 0.836114
vt 0.440879 0.821735
vt 0.437305 0.823357
vt 0.441024 0.824308
vt 0.441809 0.823023
vt 0.442062 0.825142
vt 0.451640 0.821447
vt 0.449219 0.823242
vt 0.449417 0.819530
vt 0.449249 0.821088
vt 0.817825 0.375852
vt 0.826369 0.370951
vt 0.309467 0.757737
vt 0.318084 0.757685
vt 0.316195 0.760415
vt 0.311632 0.768951
vt 0.306668 0.765135
vt 0.311844 0.764357
vt 0.298600 0.758747
vt 0.395676 0.617576
vt 0.412268 0.620459
vt 0.861087 0.950924
vt 0.861540 0.954847
vt 0.860596 0.950928
vt 0.147243 0.495518
vt 0.144782 0.518568
vt 0.145359 0.501364
vt 0.602737 0.189995
vt 0.607015 0.196953
vt 0.602901 0.217785
vt 0.600119 0.190883
vt 0.608335 0.186530
vt 0.612029 0.222490
vt 0.607869 0.219330
vt 0.614152 0.243654
vt 0.609874 0.251871
vt 0.604933 0.232635
vt 0.604816 0.250956
vt 0.598965 0.223616
vt 0.598861 0.199421
vt 0.938810 0.742121
vt 0.935521 0.746025
vt 0.935291 0.747189
vt 0.934675 0.747520
vt 0.933870 0.748476
vt 0.433608 0.925020
vt 0.433715 0.923820
vt 0.428345 0.924547
vt 0.433276 0.924708
vt 0.630459 0.548415
vt 0.632438 0.550004
vt 0.622150 0.555085
vt 0.638409 0.556916
vt 0.639007 0.561125
vt 0.634151 0.568936
vt 0.631092 0.569440
vt 0.610173 0.571469
vt 0.621509 0.564345
vt 0.607373 0.565737
vt 0.893207 0.025634
vt 0.892619 0.021120
vt 0.893022 0.017913
vt 0.892302 0.022206
vt 0.891612 0.025908
vt 0.891672 0.012872
vt 0.892010 0.015342
vt 0.766004 0.452128
vt 0.761015 0.456071
vt 0.882568 0.128665
vt 0.882789 0.135579
vt 0.879813 0.125664
vt 0.881841 0.135267
vt 0.880753 0.133172
vt 0.104210 0.447510
vt 0.104437 0.456222
vt 0.104765 0.448119
vt 0.104729 0.447385
vt 0.106183 0.462407
vt 0.105162 0.462601
vt 0.104444 0.469386
vt 0.103743 0.473234
vt 0.103529 0.468897
vt 0.596923 0.002240
vt 0.586050 0.002676
vt 0.590820 0.002930
vt 0.589635 0.005009
vt 0.679496 0.934742
vt 0.679563 0.936021
vt 0.683786 0.938356
vt 0.679919 0.935103
vt 0.142231 0.494362
vt 0.142711 0.518171
vt 0.140388 0.496371
vt 0.850927 0.835644
vt 0.850072 0.834691
vt 0.844238 0.831509
vt 0.378704 0.680244
vt 0.377185 0.680945
vt 0.366840 0.681464
vt 0.364863 0.680470
vt 0.363330 0.681205
vt 0.372642 0.682555
vt 0.910400 0.929688
vt 0.916069 0.927492
vt 0.910645 0.929932
vt 0.914596 0.928884
vt 0.445811 0.439796
vt 0.452827 0.484101
vt 0.407128 0.450179
vt 0.405800 0.495810
vt 0.202666 0.600400
vt 0.212088 0.586768
vt 0.209281 0.599437
vt 0.224247 0.589861
vt 0.238163 0.594619
vt 0.230440 0.594274
vt 0.228633 0.584752
vt 0.255084 0.594995
vt 0.244496 0.591747
vt 0.243984 0.588359
vt 0.233239 0.581812
vt 0.257694 0.598795
vt 0.221240 0.561816
vt 0.216325 0.569586
vt 0.218186 0.564770
vt 0.562183 0.748413
vt 0.562744 0.746341
vt 0.564410 0.746670
vt 0.560984 0.755924
vt 0.564482 0.748699
vt 0.557425 0.769303
vt 0.560514 0.761549
vt 0.557197 0.768302
vt 0.558592 0.768972
vt 0.557861 0.769775
vt 0.565440 0.750800
vt 0.565838 0.751058
vt 0.566627 0.750244
vt 0.946495 0.290406
vt 0.948473 0.295286
vt 0.947147 0.290902
vt 0.947544 0.294931
vt 0.949514 0.295367
vt 0.946474 0.290817
vt 0.412447 0.870722
vt 0.411885 0.870703
vt 0.412015 0.862382
vt 0.412988 0.860520
vt 0.411201 0.861020
vt 0.414666 0.868674
vt 0.982666 0.099609
vt 0.981562 0.099082
vt 0.983202 0.099114
vt 0.575366 0.002284
vt 0.581410 0.007093
vt 0.580731 0.009698
vt 0.569250 0.006662
vt 0.571533 0.000244
vt 0.269324 0.667494
vt 0.276952 0.671068
vt 0.261843 0.669623
vt 0.264689 0.659612
vt 0.279209 0.662290
vt 0.278623 0.664204
vt 0.268568 0.663708
vt 0.236751 0.667711
vt 0.233612 0.666083
vt 0.244518 0.661890
vt 0.247751 0.660013
vt 0.021111 0.739580
vt 0.020755 0.739452
vt 0.020230 0.728908
vt 0.020142 0.739312
vt 0.020678 0.730836
vt 0.020607 0.727744
vt 0.216344 0.426335
vt 0.231380 0.463633
vt 0.215558 0.425672
vt 0.214312 0.423278
vt 0.227552 0.458856
vt 0.228269 0.464595
vt 0.232683 0.465049
vt 0.217737 0.502698
vt 0.236509 0.464702
vt 0.248947 0.458745
vt 0.230056 0.469880
vt 0.281798 0.946548
vt 0.280965 0.947423
vt 0.281403 0.945892
vt 0.281982 0.945801
vt 0.280742 0.949462
vt 0.279186 0.948577
vt 0.276585 0.947546
vt 0.277071 0.946445
vt 0.276948 0.948645
vt 0.276367 0.946777
vt 0.278473 0.946237
vt 0.635865 0.098058
vt 0.631482 0.110370
vt 0.638745 0.099063
vt 0.899224 0.059880
vt 0.903185 0.067577
vt 0.904246 0.066233
vt 0.904110 0.067405
vt 0.897192 0.058221
vt 0.429557 0.773556
vt 0.431746 0.773566
vt 0.437450 0.776980
vt 0.431178 0.775652
vt 0.434754 0.778442
vt 0.439318 0.778921
vt 0.448082 0.782916
vt 0.449228 0.782395
vt 0.448050 0.780224
vt 0.449660 0.778769
vt 0.449705 0.778279
vt 0.431641 0.772705
vt 0.432947 0.773279
vt 0.353751 0.681504
vt 0.351783 0.680121
vt 0.351549 0.680665
vt 0.343677 0.680753
vt 0.345965 0.681336
vt 0.963272 0.632910
vt 0.959229 0.631592
vt 0.959473 0.631348
vt 0.959417 0.630490
vt 0.960449 0.629883
vt 0.962252 0.631042
vt 0.963473 0.634642
vt 0.960399 0.634066
vt 0.961991 0.636131
vt 0.959757 0.636324
vt 0.959473 0.636963
vt 0.972113 0.940463
vt 0.975623 0.939965
vt 0.975347 0.941164
vt 0.973346 0.938021
vt 0.972160 0.937273
vt 0.973461 0.936414
vt 0.771067 0.135217
vt 0.777551 0.140039
vt 0.771089 0.145533
vt 0.780842 0.125373
vt 0.771250 0.124674
vt 0.766021 0.138994
vt 0.781788 0.138408
vt 0.787955 0.126919
vt 0.786372 0.137934
vt 0.786663 0.119922
vt 0.763326 0.129568
vt 0.767626 0.119519
vt 0.768512 0.123629
vt 0.762480 0.126177
vt 0.919189 0.877722
vt 0.922300 0.873169
vt 0.919528 0.880191
vt 0.922204 0.881546
vt 0.920547 0.881610
vt 0.686723 0.815223
vt 0.686320 0.817305
vt 0.675481 0.816326
vt 0.688028 0.813450
vt 0.678639 0.813201
vt 0.686076 0.818624
vt 0.676683 0.817797
vt 0.928813 0.780318
vt 0.930794 0.784871
vt 0.928257 0.782404
vt 0.929029 0.777511
vt 0.349747 0.165960
vt 0.370346 0.171560
vt 0.352947 0.168990
vt 0.369657 0.168456
vt 0.349584 0.161980
vt 0.354328 0.160305
vt 0.324779 0.147066
vt 0.332320 0.154905
vt 0.320456 0.158483
vt 0.316909 0.156099
vt 0.290521 0.151750
vt 0.291053 0.150421
vt 0.274941 0.147699
vt 0.275658 0.143973
vt 0.274360 0.149367
vt 0.288732 0.144592
vt 0.277016 0.137829
vt 0.295644 0.140583
vt 0.312528 0.148857
vt 0.310454 0.144897
vt 0.868983 0.872132
vt 0.876001 0.869246
vt 0.874378 0.867528
vt 0.875639 0.869056
vt 0.868149 0.874264
vt 0.865461 0.873628
vt 0.866693 0.875855
vt 0.864831 0.874901
vt 0.218143 0.503699
vt 0.216918 0.506071
vt 0.778594 0.117532
vt 0.444349 0.930405
vt 0.450494 0.929806
vt 0.450719 0.932383
vt 0.946656 0.166155
vt 0.949086 0.166252
vt 0.946480 0.172398
vt 0.600321 0.250110
vt 0.613912 0.535468
vt 0.608395 0.541813
vt 0.603357 0.519725
vt 0.590369 0.540960
vt 0.657462 0.104845
vt 0.654076 0.106362
vt 0.649865 0.097607
vt 0.660552 0.103340
vt 0.659291 0.110327
vt 0.665224 0.110643
vt 0.652154 0.111925
vt 0.659896 0.116140
vt 0.655762 0.114746
vt 0.769912 0.228177
vt 0.764759 0.248498
vt 0.767717 0.230992
vt 0.824726 0.721431
vt 0.810034 0.717832
vt 0.829531 0.712607
vt 0.809809 0.720711
vt 0.840867 0.722294
vt 0.591905 0.527027
vt 0.595796 0.565456
vt 0.659170 0.101250
vt 0.662576 0.101408
vt 0.677881 0.108602
vt 0.680523 0.110794
vt 0.669402 0.104204
vt 0.684620 0.107051
vt 0.695915 0.112053
vt 0.024296 0.051426
vt 0.026134 0.058058
vt 0.023347 0.058481
vt 0.028718 0.050616
vt 0.027512 0.044999
vt 0.028827 0.043772
vt 0.208886 0.890327
vt 0.216707 0.890031
vt 0.216051 0.892328
vt 0.216797 0.890625
vt 0.218017 0.891543
vt 0.216603 0.891113
vt 0.215378 0.895729
vt 0.219140 0.891436
vt 0.501373 0.509788
vt 0.498672 0.509032
vt 0.502827 0.497952
vt 0.501673 0.495045
vt 0.507589 0.481323
vt 0.504246 0.493737
vt 0.458508 0.464550
vt 0.489723 0.506731
vt 0.061671 0.213048
vt 0.066446 0.231165
vt 0.058523 0.213526
vt 0.067196 0.210491
vt 0.063416 0.209534
vt 0.068483 0.212586
vt 0.072228 0.225004
vt 0.765093 0.222524
vt 0.763323 0.227733
vt 0.764985 0.210234
vt 0.762438 0.211309
vt 0.897397 0.362696
vt 0.896674 0.361041
vt 0.895248 0.356215
vt 0.897773 0.354687
vt 0.896532 0.355729
vt 0.897754 0.352769
vt 0.347861 0.789830
vt 0.359818 0.802305
vt 0.358733 0.803137
vt 0.357518 0.803822
vt 0.355420 0.792789
vt 0.359984 0.801220
vt 0.350777 0.789022
vt 0.350187 0.796176
vt 0.345371 0.790551
vt 0.348161 0.788191
vt 0.346680 0.788086
vt 0.344944 0.788547
vt 0.382925 0.821361
vt 0.380793 0.821528
vt 0.387044 0.808636
vt 0.380747 0.815965
vt 0.379931 0.821926
vt 0.378724 0.820863
vt 0.781310 0.106356
vt 0.784093 0.106343
vt 0.788664 0.106808
vt 0.023671 0.326427
vt 0.023914 0.326029
vt 0.025537 0.325361
vt 0.021433 0.326896
vt 0.024268 0.324310
vt 0.935779 0.877679
vt 0.936244 0.878681
vt 0.936239 0.885047
vt 0.791293 0.106820
vt 0.937008 0.877854
vt 0.977925 0.811666
vt 0.978983 0.810127
vt 0.980899 0.812466
vt 0.152405 0.645879
vt 0.148218 0.637870
vt 0.153152 0.633018
vt 0.146916 0.656640
vt 0.146172 0.646951
vt 0.145507 0.644594
vt 0.149706 0.636428
vt 0.151449 0.633163
vt 0.160583 0.632640
vt 0.143559 0.640589
vt 0.143649 0.637173
vt 0.144917 0.635743
vt 0.384611 0.807874
vt 0.388191 0.814003
vt 0.390158 0.808404
vt 0.001465 0.687744
vt 0.001465 0.687744
vt 0.001460 0.687500
vt 0.001221 0.721924
vt 0.001231 0.721690
vt 0.001465 0.721924
vt 0.030592 0.018132
vt 0.033962 0.032040
vt 0.032910 0.031612
vt 0.797771 0.415683
vt 0.794270 0.380875
vt 0.796301 0.381056
vt 0.793771 0.414898
vt 0.790336 0.380686
vt 0.779774 0.394078
vt 0.780462 0.381733
vt 0.783302 0.381120
vt 0.779312 0.393113
vt 0.786361 0.380898
vt 0.787347 0.415561
vt 0.800603 0.415015
vt 0.800062 0.382540
vt 0.801917 0.399558
vt 0.655864 0.969754
vt 0.656001 0.970938
vt 0.654149 0.970993
vt 0.163875 0.649279
vt 0.152897 0.661853
vt 0.147053 0.658598
vt 0.145970 0.654116
vt 0.145757 0.651042
vt 0.826644 0.922495
vt 0.822510 0.923584
vt 0.826540 0.925072
vt 0.828556 0.922531
vt 0.824770 0.925446
vt 0.939763 0.915611
vt 0.936390 0.920104
vt 0.939795 0.915796
vt 0.785056 0.413136
vt 0.789250 0.415156
vt 0.789551 0.415527
vt 0.796216 0.416712
vt 0.802002 0.414692
vt 0.695242 0.861537
vt 0.704683 0.863742
vt 0.700151 0.862853
vt 0.694246 0.859093
vt 0.694250 0.859497
vt 0.698221 0.863110
vt 0.703418 0.866003
vt 0.756343 0.848859
vt 0.763017 0.846933
vt 0.762848 0.848387
vt 0.759831 0.849436
vt 0.750401 0.848586
vt 0.351514 0.786635
vt 0.792480 0.416016
vt 0.790914 0.416449
vt 0.791945 0.422188
vt 0.790852 0.418447
vt 0.387971 0.805911
vt 0.390625 0.806152
vt 0.408873 0.984395
vt 0.407987 0.984638
vt 0.407942 0.982964
vt 0.150300 0.045253
vt 0.148985 0.045322
vt 0.144119 0.039974
vt 0.161996 0.030185
vt 0.155789 0.028316
vt 0.155215 0.020493
vt 0.169818 0.022642
vt 0.158714 0.032782
vt 0.152214 0.028288
vt 0.167110 0.037605
vt 0.163511 0.036435
vt 0.156956 0.039815
vt 0.167744 0.039272
vt 0.167132 0.031834
vt 0.167068 0.036177
vt 0.674064 0.985028
vt 0.674779 0.984045
vt 0.675767 0.984918
vt 0.663074 0.898516
vt 0.661431 0.894133
vt 0.666301 0.902204
vt 0.701090 0.866804
vt 0.050098 0.295333
vt 0.048667 0.295164
vt 0.054699 0.290237
vt 0.054519 0.291654
vt 0.045753 0.297102
vt 0.040496 0.301662
vt 0.042977 0.297405
vt 0.947851 0.697559
vt 0.951104 0.696405
vt 0.950872 0.694872
vt 0.951517 0.695495
vt 0.946875 0.696752
vt 0.981216 0.084965
vt 0.983585 0.084038
vt 0.982462 0.087433
vt 0.925497 0.712863
vt 0.926395 0.713158
vt 0.925418 0.717766
vt 0.927027 0.719382
vt 0.929123 0.713927
vt 0.929204 0.719444
vt 0.485252 0.959929
vt 0.483957 0.960866
vt 0.485728 0.961282
vt 0.755745 0.910491
vt 0.752724 0.912226
vt 0.754432 0.909568
vt 0.750107 0.913115
vt 0.755985 0.905092
vt 0.751970 0.908585
vt 0.753612 0.906741
vt 0.624837 0.809194
vt 0.624380 0.816476
vt 0.620465 0.808768
vt 0.619141 0.805908
vt 0.620361 0.807617
vt 0.619864 0.807582
vt 0.619629 0.806885
vt 0.618283 0.807798
vt 0.618989 0.806528
vt 0.249545 0.968253
vt 0.251554 0.966304
vt 0.252070 0.969461
vt 0.975440 0.468728
vt 0.976892 0.471634
vt 0.972845 0.472253
vt 0.948132 0.682674
vt 0.945403 0.684288
vt 0.946705 0.678557
vt 0.949378 0.679175
vt 0.948904 0.684310
vt 0.946782 0.685791
vt 0.059098 0.493019
vt 0.062921 0.494263
vt 0.060026 0.494347
vt 0.064268 0.493253
vt 0.074465 0.493522
vt 0.063386 0.490338
vt 0.074911 0.490266
vt 0.074999 0.497179
vt 0.060085 0.496403
vt 0.058054 0.495143
vt 0.058355 0.494826
vt 0.217705 0.977304
vt 0.216928 0.977294
vt 0.218262 0.977559
vt 0.217618 0.977807
vt 0.218506 0.976807
vt 0.218532 0.976277
vt 0.771903 0.926436
vt 0.771928 0.923912
vt 0.772256 0.926179
vt 0.771286 0.925150
vt 0.773047 0.925865
vt 0.772217 0.928713
vt 0.774813 0.929209
vt 0.772949 0.929443
vt 0.448975 0.975586
vt 0.449013 0.977224
vt 0.448481 0.976350
vt 0.449835 0.977094
vt 0.451172 0.977295
vt 0.001465 0.612549
vt 0.001465 0.612305
vt 0.001465 0.612305
vt 0.943904 0.442798
vt 0.945557 0.446289
vt 0.940506 0.442245
vt 0.969752 0.208483
vt 0.965941 0.208570
vt 0.966653 0.205260
vt 0.140167 0.264221
vt 0.139856 0.253249
vt 0.141351 0.252177
vt 0.157821 0.255293
vt 0.141909 0.267156
vt 0.151609 0.267920
vt 0.147000 0.275266
vt 0.149748 0.272501
vt 0.174361 0.964451
vt 0.175055 0.964844
vt 0.174748 0.966446
vt 0.172069 0.965018
vt 0.874892 0.983438
vt 0.875989 0.983846
vt 0.874268 0.984131
vt 0.057583 0.952686
vt 0.057686 0.954139
vt 0.053334 0.953533
vt 0.700161 0.982232
vt 0.700249 0.981907
vt 0.701058 0.981869
vt 0.693339 0.890067
vt 0.702990 0.889389
vt 0.695335 0.890374
vt 0.695961 0.892763
vt 0.693771 0.891834
vt 0.701382 0.890701
vt 0.703057 0.891225
vt 0.847134 0.709598
vt 0.848254 0.704884
vt 0.855953 0.711050
vt 0.845469 0.694542
vt 0.844348 0.701689
vt 0.972855 0.922766
vt 0.972532 0.926862
vt 0.971630 0.922559
vt 0.540152 0.701678
vt 0.543537 0.701296
vt 0.544686 0.701715
vt 0.544960 0.702883
vt 0.539462 0.703435
vt 0.545358 0.705468
vt 0.536605 0.705010
vt 0.539245 0.706210
vt 0.528436 0.704125
vt 0.532648 0.705575
vt 0.533055 0.704157
vt 0.523989 0.706294
vt 0.524683 0.702920
vt 0.519909 0.704153
vt 0.519457 0.705092
vt 0.518899 0.702489
vt 0.518059 0.706523
vt 0.298655 0.866935
vt 0.300727 0.861867
vt 0.302423 0.864807
vt 0.303772 0.867919
vt 0.299639 0.859969
vt 0.291291 0.863747
vt 0.294544 0.860351
vt 0.277808 0.959444
vt 0.277590 0.958506
vt 0.281599 0.959347
vt 0.748179 0.537616
vt 0.740416 0.549818
vt 0.752770 0.526702
vt 0.746193 0.543812
vt 0.747628 0.546852
vt 0.730844 0.545974
vt 0.142562 0.184564
vt 0.135501 0.193250
vt 0.137245 0.188630
vt 0.139522 0.187187
vt 0.139798 0.201491
vt 0.150760 0.182012
vt 0.148724 0.191555
vt 0.141788 0.200386
vt 0.148214 0.196396
vt 0.144970 0.199019
vt 0.148849 0.176062
vt 0.144110 0.181213
vt 0.145964 0.177264
vt 0.141707 0.190099
vt 0.150220 0.179568
vt 0.149879 0.176812
vt 0.137240 0.198207
vt 0.150314 0.191064
vt 0.151052 0.192418
vt 0.877918 0.499255
vt 0.877905 0.502780
vt 0.876203 0.502185
vt 0.880108 0.505375
vt 0.875505 0.506429
vt 0.883590 0.505916
vt 0.885293 0.504016
vt 0.230467 0.830079
vt 0.229436 0.832988
vt 0.228740 0.830870
vt 0.228682 0.831637
vt 0.232839 0.831971
vt 0.234216 0.831337
vt 0.234021 0.833593
vt 0.234406 0.838655
vt 0.232753 0.837318
vt 0.225276 0.844029
vt 0.224940 0.844755
vt 0.224125 0.844227
vt 0.028753 0.968994
vt 0.028889 0.969442
vt 0.025783 0.969727
vt 0.723912 0.971624
vt 0.725342 0.971191
vt 0.723238 0.972995
vt 0.725309 0.971819
vt 0.723624 0.973311
vt 0.726023 0.971949
vt 0.724115 0.973563
vt 0.722721 0.974293
vt 0.535451 0.702670
vt 0.960718 0.426250
vt 0.963163 0.424861
vt 0.962848 0.428272
vt 0.729276 0.807582
vt 0.729995 0.805467
vt 0.741311 0.813946
vt 0.075963 0.494389
vt 0.877217 0.507013
vt 0.161525 0.783729
vt 0.161305 0.779344
vt 0.175736 0.772427
vt 0.179439 0.774364
vt 0.164955 0.788061
vt 0.176682 0.783718
vt 0.182121 0.778482
vt 0.175498 0.785573
vt 0.183329 0.784241
vt 0.378985 0.994668
vt 0.378558 0.995465
vt 0.378909 0.994626
vt 0.998047 0.162598
vt 0.998997 0.162829
vt 0.998869 0.162842
vt 0.549718 0.705724
vt 0.549748 0.706506
vt 0.548763 0.705318
vt 0.021240 0.452881
vt 0.021046 0.455854
vt 0.021160 0.455279
vt 0.022916 0.453863
vt 0.019049 0.457970
vt 0.022591 0.453711
vt 0.021126 0.458398
vt 0.031856 0.397922
vt 0.028296 0.409093
vt 0.028182 0.395433
vt 0.029508 0.393917
vt 0.033805 0.410008
vt 0.033123 0.394587
vt 0.035608 0.396112
vt 0.036448 0.408106
vt 0.533895 0.942101
vt 0.535645 0.937500
vt 0.536377 0.938477
vt 0.958367 0.493867
vt 0.958467 0.499539
vt 0.960197 0.499563
vt 0.959371 0.493793
vt 0.957574 0.077409
vt 0.958687 0.075545
vt 0.958367 0.077906
vt 0.959121 0.076510
vt 0.959225 0.079267
vt 0.955714 0.079124
vt 0.955774 0.075540
vt 0.956778 0.074688
vt 0.972986 0.879644
vt 0.971447 0.878912
vt 0.972788 0.877732
vt 0.974854 0.877930
vt 0.973334 0.879214
vt 0.917199 0.256177
vt 0.918151 0.247767
vt 0.918441 0.250913
vt 0.916607 0.247109
vt 0.915872 0.254831
vt 0.168701 0.028564
vt 0.390451 0.091104
vt 0.390806 0.091442
vt 0.400065 0.087094
vt 0.390872 0.091986
vt 0.399148 0.093216
vt 0.401093 0.093843
vt 0.402538 0.091169
vt 0.402633 0.078178
vt 0.403118 0.085670
vt 0.401632 0.078867
vt 0.398820 0.086734
vt 0.395485 0.088668
vt 0.396121 0.088178
vt 0.977378 0.450484
vt 0.978079 0.453956
vt 0.977233 0.453894
vt 0.096924 0.215540
vt 0.096266 0.213792
vt 0.099082 0.210428
vt 0.100317 0.211810
vt 0.101854 0.201218
vt 0.097857 0.209387
vt 0.103431 0.201254
vt 0.106007 0.193477
vt 0.105641 0.195768
vt 0.104104 0.194862
vt 0.102728 0.195639
vt 0.099894 0.201135
vt 0.913129 0.839169
vt 0.914012 0.844238
vt 0.912373 0.839566
vt 0.911053 0.843591
vt 0.909858 0.843159
vt 0.909647 0.840108
vt 0.909939 0.838066
vt 0.915484 0.836590
vt 0.913457 0.837678
vt 0.913307 0.834770
vt 0.909794 0.836229
vt 0.910983 0.834341
vt 0.224010 0.966841
vt 0.226097 0.965591
vt 0.224224 0.967356
vt 0.087646 0.803711
vt 0.087941 0.805645
vt 0.082627 0.806984
vt 0.084935 0.803785
vt 0.082523 0.807716
vt 0.080029 0.804741
vt 0.078076 0.810874
vt 0.070415 0.804786
vt 0.757078 0.928049
vt 0.757096 0.925878
vt 0.762108 0.927241
vt 0.755230 0.922710
vt 0.761657 0.925382
vt 0.755499 0.925270
vt 0.762644 0.923564
vt 0.761023 0.927976
vt 0.277768 0.919006
vt 0.282757 0.919056
vt 0.277340 0.918089
vt 0.971326 0.314644
vt 0.968503 0.316871
vt 0.968851 0.313431
vt 0.773689 0.392864
vt 0.780159 0.403114
vt 0.771122 0.392034
vt 0.772686 0.392882
vt 0.774804 0.395023
vt 0.779274 0.403259
vt 0.101550 0.210793
vt 0.099984 0.214096
vt 0.099387 0.214864
vt 0.528320 0.964600
vt 0.524541 0.964369
vt 0.525120 0.963525
vt 0.284931 0.767416
vt 0.284552 0.765952
vt 0.287577 0.767318
vt 0.288799 0.772360
vt 0.291429 0.772742
vt 0.293927 0.774920
vt 0.293197 0.773507
vt 0.295148 0.778352
vt 0.288591 0.778770
vt 0.299057 0.777308
vt 0.298859 0.774534
vt 0.290172 0.779696
vt 0.284752 0.777922
vt 0.283876 0.771820
vt 0.281400 0.776009
vt 0.282862 0.778568
vt 0.281545 0.778285
vt 0.929871 0.050986
vt 0.930671 0.051438
vt 0.931234 0.053102
vt 0.931975 0.059198
vt 0.930499 0.059980
vt 0.515600 0.705886
vt 0.489186 0.945811
vt 0.488787 0.946974
vt 0.483845 0.948549
vt 0.487982 0.948676
vt 0.084339 0.948460
vt 0.083540 0.945561
vt 0.084540 0.944767
vt 0.086330 0.948987
vt 0.086161 0.945676
vt 0.088184 0.948129
vt 0.930320 0.934304
vt 0.927433 0.933611
vt 0.931351 0.932100
vt 0.927378 0.931989
vt 0.932082 0.930508
vt 0.929236 0.930231
vt 0.832305 0.968013
vt 0.831057 0.968658
vt 0.831352 0.967606
vt 0.831055 0.967529
vt 0.830566 0.967529
vt 0.830826 0.966686
vt 0.832780 0.966066
vt 0.832275 0.965937
vt 0.833252 0.968018
vt 0.833740 0.967041
vt 0.629395 0.978027
vt 0.628271 0.977712
vt 0.629436 0.976967
vt 0.630332 0.977644
vt 0.220165 0.528963
vt 0.220006 0.530902
vt 0.217529 0.531738
vt 0.216668 0.530344
vt 0.216309 0.529541
vt 0.234224 0.515086
vt 0.221090 0.523682
vt 0.235843 0.510541
vt 0.230575 0.511505
vt 0.248193 0.498648
vt 0.237022 0.519143
vt 0.246100 0.507799
vt 0.248923 0.488775
vt 0.237902 0.500027
vt 0.294809 0.780778
vt 0.293063 0.781095
vt 0.303273 0.779849
vt 0.163926 0.264942
vt 0.165696 0.258971
vt 0.159675 0.630710
vt 0.463867 0.849609
vt 0.449872 0.847225
vt 0.462592 0.847915
vt 0.452438 0.846611
vt 0.920871 0.353431
vt 0.923613 0.354278
vt 0.922607 0.355135
vt 0.921397 0.345614
vt 0.335205 0.734387
vt 0.333843 0.734885
vt 0.333457 0.732516
vt 0.340995 0.729884
vt 0.342604 0.729191
vt 0.340644 0.729667
vt 0.334209 0.731007
vt 0.318754 0.724351
vt 0.333001 0.728182
vt 0.322119 0.723410
vt 0.316924 0.727803
vt 0.316359 0.725336
vt 0.924721 0.841961
vt 0.926421 0.847766
vt 0.925680 0.841079
vt 0.447021 0.964355
vt 0.447397 0.964355
vt 0.445484 0.965296
vt 0.448176 0.964784
vt 0.446941 0.966951
vt 0.449463 0.965576
vt 0.227040 0.528251
vt 0.035031 0.888440
vt 0.033408 0.887542
vt 0.032705 0.886268
vt 0.037093 0.887510
vt 0.036729 0.889219
vt 0.035547 0.886619
vt 0.040553 0.886057
vt 0.037746 0.890656
vt 0.042459 0.889174
vt 0.044522 0.888628
vt 0.041504 0.890381
vt 0.160722 0.965262
vt 0.162232 0.964892
vt 0.159078 0.966348
vt 0.952621 0.802985
vt 0.955166 0.800775
vt 0.954022 0.806711
vt 0.955880 0.804375
vt 0.956787 0.801514
vt 0.895799 0.100055
vt 0.895520 0.093310
vt 0.895626 0.103660
vt 0.895436 0.105397
vt 0.000488 0.113037
vt 0.000488 0.112974
vt 0.000488 0.112793
vt 0.969295 0.014857
vt 0.969437 0.012618
vt 0.972784 0.013609
vt 0.970145 0.016367
vt 0.971504 0.016402
vt 0.062213 0.981227
vt 0.061307 0.981232
vt 0.062846 0.980752
vt 0.012207 0.217773
vt 0.011281 0.218663
vt 0.010791 0.217601
vt 0.870866 0.192457
vt 0.871334 0.192600
vt 0.871080 0.201495
vt 0.870060 0.201231
vt 0.869510 0.191819
vt 0.872129 0.200129
vt 0.239014 0.961884
vt 0.237150 0.960816
vt 0.239990 0.959961
vt 0.237751 0.962769
vt 0.239258 0.963135
vt 0.236638 0.962703
vt 0.238263 0.964591
vt 0.986918 0.452079
vt 0.986572 0.452393
vt 0.987723 0.451230
vt 0.986588 0.449479
vt 0.988479 0.450084
vt 0.388988 0.975449
vt 0.388916 0.976807
vt 0.387712 0.976829
vt 0.386353 0.975646
vt 0.386865 0.977503
vt 0.563856 0.905965
vt 0.565640 0.906022
vt 0.561725 0.906712
vt 0.565980 0.908260
vt 0.565783 0.910082
vt 0.561756 0.908385
vt 0.907527 0.353841
vt 0.907217 0.347101
vt 0.907729 0.347939
vt 0.908397 0.354424
vt 0.907700 0.346944
vt 0.909530 0.349591
vt 0.603536 0.877795
vt 0.604024 0.871557
vt 0.606755 0.881435
vt 0.606047 0.871327
vt 0.608368 0.873840
vt 0.609116 0.875653
vt 0.922852 0.436768
vt 0.923318 0.437333
vt 0.921955 0.437981
vt 0.923558 0.437994
vt 0.923490 0.431889
vt 0.922700 0.439559
vt 0.922862 0.430497
vt 0.920324 0.432215
vt 0.895998 0.105643
vt 0.932643 0.758735
vt 0.934138 0.759973
vt 0.932277 0.766323
vt 0.931175 0.760524
vt 0.933933 0.761170
vt 0.931754 0.766628
vt 0.087646 0.999512
vt 0.087402 0.999512
vt 0.087402 0.999512
vt 0.909319 0.783881
vt 0.916208 0.778811
vt 0.919230 0.784110
vt 0.914404 0.782395
vt 0.912510 0.783111
vt 0.919126 0.785268
vt 0.918237 0.785020
vt 0.544240 0.960363
vt 0.546058 0.959612
vt 0.544818 0.962225
vt 0.000488 0.139404
vt 0.000488 0.139404
vt 0.000488 0.139404
vt 0.000488 0.139404
vt 0.328498 0.734063
vt 0.316702 0.729480
vt 0.845215 0.920157
vt 0.846241 0.918420
vt 0.846077 0.919793
vt 0.845703 0.920166
vt 0.850048 0.918396
vt 0.848370 0.916384
vt 0.853027 0.921309
vt 0.852241 0.921522
vt 0.848935 0.914046
vt 0.766277 0.007731
vt 0.770220 0.002767
vt 0.779894 0.003968
vt 0.783413 0.013870
vt 0.789123 0.005873
vt 0.792644 0.011698
vt 0.939594 0.796464
vt 0.941033 0.797356
vt 0.939164 0.798280
vt 0.937988 0.798862
vt 0.938721 0.799316
vt 0.940359 0.792404
vt 0.941580 0.791899
vt 0.942274 0.797874
vt 0.272173 0.820099
vt 0.271316 0.819902
vt 0.273581 0.819761
vt 0.277114 0.812071
vt 0.277219 0.810915
vt 0.270939 0.819253
vt 0.276608 0.816836
vt 0.281980 0.806774
vt 0.281149 0.805185
vt 0.282296 0.805536
vt 0.476501 0.920756
vt 0.479818 0.920491
vt 0.479910 0.921340
vt 0.925874 0.347603
vt 0.924809 0.354474
vt 0.925248 0.344935
vt 0.408999 0.952006
vt 0.411106 0.950448
vt 0.411377 0.950928
vt 0.411377 0.950684
vt 0.411377 0.951172
vt 0.409229 0.953743
vt 0.407293 0.955500
vt 0.406738 0.954834
vt 0.930504 0.166425
vt 0.929932 0.166016
vt 0.929935 0.165632
vt 0.929403 0.164057
vt 0.931627 0.166920
vt 0.935400 0.167881
vt 0.933034 0.165473
vt 0.935631 0.167396
vt 0.935791 0.167725
vt 0.935916 0.168391
vt 0.936054 0.169982
vt 0.929910 0.167769
vt 0.930371 0.169066
vt 0.021833 0.810286
vt 0.023004 0.808805
vt 0.030111 0.804359
vt 0.024486 0.810876
vt 0.026462 0.812202
vt 0.022206 0.815953
vt 0.025090 0.814085
vt 0.021216 0.814965
vt 0.020996 0.815918
vt 0.020721 0.812613
vt 0.022325 0.816435
vt 0.020020 0.813477
vt 0.020494 0.815660
vt 0.900032 0.995361
vt 0.899895 0.995845
vt 0.899772 0.995361
vt 0.430638 0.897667
vt 0.432343 0.895198
vt 0.429265 0.902583
vt 0.428746 0.902778
vt 0.936705 0.316284
vt 0.942700 0.316519
vt 0.937517 0.319544
vt 0.936054 0.314735
vt 0.940169 0.314017
vt 0.942048 0.315173
vt 0.983865 0.412312
vt 0.982106 0.414640
vt 0.982832 0.412325
vt 0.981714 0.412689
vt 0.982036 0.411640
vt 0.975466 0.159718
vt 0.973583 0.159453
vt 0.974397 0.156344
vt 0.972089 0.159811
vt 0.973779 0.155943
vt 0.975559 0.155887
vt 0.628657 0.883164
vt 0.631292 0.884665
vt 0.622206 0.885289
vt 0.622240 0.883791
vt 0.625552 0.885974
vt 0.630564 0.887769
vt 0.623058 0.888539
vt 0.925523 0.844862
vt 0.925283 0.848698
vt 0.926025 0.849854
vt 0.137412 0.062750
vt 0.136475 0.060303
vt 0.140965 0.066691
vt 0.135257 0.075581
vt 0.136191 0.082624
vt 0.150988 0.081036
vt 0.149928 0.060951
vt 0.156009 0.061201
vt 0.157399 0.067164
vt 0.157120 0.072390
vt 0.158270 0.075000
vt 0.152110 0.087207
vt 0.153815 0.083888
vt 0.153335 0.084830
vt 0.147666 0.087461
vt 0.144531 0.088379
vt 0.144043 0.089111
vt 0.143788 0.086700
vt 0.432376 0.964361
vt 0.432882 0.965365
vt 0.431956 0.964546
vt 0.434045 0.964600
vt 0.434628 0.965068
vt 0.433512 0.965859
vt 0.010426 0.158588
vt 0.011424 0.158769
vt 0.010277 0.159157
vt 0.012395 0.158908
vt 0.953125 0.038887
vt 0.952967 0.036514
vt 0.954276 0.037416
vt 0.956299 0.039551
vt 0.955159 0.041755
vt 0.956439 0.037114
vt 0.954589 0.035776
vt 0.955547 0.035194
vt 0.954335 0.034708
vt 0.953613 0.034424
vt 0.413576 0.115695
vt 0.412181 0.112743
vt 0.415663 0.118536
vt 0.415283 0.118652
vt 0.091877 0.493894
vt 0.090332 0.495361
vt 0.090070 0.493124
vt 0.089053 0.483025
vt 0.093502 0.491331
vt 0.091203 0.484106
vt 0.094229 0.490428
vt 0.092231 0.481738
vt 0.093711 0.481309
vt 0.094727 0.488037
vt 0.584085 0.967410
vt 0.584013 0.968251
vt 0.581709 0.967509
vt 0.582331 0.966366
vt 0.584326 0.966449
vt 0.109160 0.958227
vt 0.109202 0.960090
vt 0.108643 0.959961
vt 0.109914 0.958212
vt 0.110107 0.956878
vt 0.110049 0.956113
vt 0.239496 0.494343
vt 0.244162 0.481803
vt 0.253713 0.475534
vt 0.259245 0.487460
vt 0.960304 0.129747
vt 0.961866 0.132358
vt 0.958090 0.131236
vt 0.616529 0.969669
vt 0.615612 0.969086
vt 0.619081 0.967594
vt 0.618544 0.969149
vt 0.632372 0.937461
vt 0.637155 0.937306
vt 0.638026 0.937826
vt 0.632200 0.936892
vt 0.632156 0.936827
vt 0.632357 0.938449
vt 0.632021 0.939023
vt 0.635503 0.939112
vt 0.632804 0.941085
vt 0.632568 0.941162
vt 0.979082 0.180306
vt 0.978965 0.184277
vt 0.979357 0.183946
vt 0.902580 0.169109
vt 0.906015 0.169459
vt 0.908059 0.171466
vt 0.902578 0.170810
vt 0.904802 0.175269
vt 0.910156 0.169922
vt 0.909668 0.169922
vt 0.909325 0.169689
vt 0.907406 0.167654
vt 0.908203 0.168213
vt 0.903699 0.166427
vt 0.905531 0.167058
vt 0.901589 0.165755
vt 0.900604 0.170014
vt 0.902710 0.176883
vt 0.902588 0.178591
vt 0.902836 0.178881
vt 0.902808 0.174891
vt 0.433302 0.895699
vt 0.435547 0.894287
vt 0.434814 0.894287
vt 0.868132 0.205452
vt 0.867668 0.205550
vt 0.177535 0.801286
vt 0.167935 0.807487
vt 0.167835 0.797311
vt 0.176366 0.806217
vt 0.342013 0.757262
vt 0.346204 0.752816
vt 0.356255 0.755843
vt 0.443957 0.954234
vt 0.440992 0.955306
vt 0.439603 0.953322
vt 0.053039 0.752017
vt 0.052784 0.747660
vt 0.053106 0.755716
vt 0.057524 0.755690
vt 0.060845 0.752929
vt 0.056856 0.757998
vt 0.056079 0.760083
vt 0.054201 0.762770
vt 0.053063 0.765238
vt 0.052351 0.764152
vt 0.052102 0.758129
vt 0.325045 0.939533
vt 0.323653 0.941001
vt 0.320376 0.940229
vt 0.322269 0.943169
vt 0.321743 0.942162
vt 0.320263 0.944322
vt 0.029833 0.949909
vt 0.027755 0.949489
vt 0.029241 0.949418
vt 0.029182 0.948897
vt 0.025293 0.949681
vt 0.025897 0.949060
vt 0.231329 0.877793
vt 0.233603 0.881715
vt 0.232687 0.881952
vt 0.231514 0.882441
vt 0.228271 0.882080
vt 0.230885 0.883803
vt 0.228098 0.882639
vt 0.231301 0.886592
vt 0.234287 0.888243
vt 0.234843 0.887431
vt 0.723139 0.422871
vt 0.726532 0.428978
vt 0.714889 0.421304
vt 0.719462 0.430597
vt 0.708913 0.394073
vt 0.711370 0.392172
vt 0.721142 0.403476
vt 0.707040 0.397668
vt 0.703676 0.403295
vt 0.709019 0.409962
vt 0.307904 0.075916
vt 0.292054 0.064799
vt 0.309615 0.073980
vt 0.297668 0.070695
vt 0.295170 0.056660
vt 0.317293 0.068915
vt 0.306420 0.060931
vt 0.321924 0.066099
vt 0.689394 0.384709
vt 0.692627 0.374023
vt 0.695109 0.378663
vt 0.690944 0.385065
vt 0.685218 0.375703
vt 0.676951 0.391744
vt 0.683975 0.400235
vt 0.674363 0.387568
vt 0.027549 0.235628
vt 0.025838 0.229216
vt 0.029521 0.233152
vt 0.028322 0.231447
vt 0.025126 0.236946
vt 0.021022 0.227835
vt 0.026487 0.226441
vt 0.023732 0.222346
vt 0.682258 0.404974
vt 0.678210 0.406368
vt 0.684654 0.400914
vt 0.686279 0.392822
vt 0.596272 0.283063
vt 0.623113 0.267942
vt 0.606362 0.292383
vt 0.591483 0.297568
vt 0.606386 0.297149
vt 0.592295 0.300679
vt 0.616520 0.303898
vt 0.606175 0.311060
vt 0.581403 0.307158
vt 0.622198 0.310736
vt 0.629959 0.326183
vt 0.576127 0.323195
vt 0.577337 0.313964
vt 0.615530 0.328216
vt 0.572071 0.328712
vt 0.606366 0.327641
vt 0.599347 0.331055
vt 0.593569 0.333009
vt 0.598877 0.331787
vt 0.604534 0.330561
vt 0.622674 0.332266
vt 0.625139 0.330699
vt 0.635904 0.300919
vt 0.637450 0.298151
vt 0.630364 0.296074
vt 0.628196 0.290385
vt 0.619544 0.291844
vt 0.832613 0.495265
vt 0.831401 0.503436
vt 0.826789 0.506175
vt 0.822856 0.504861
vt 0.816283 0.500654
vt 0.824231 0.486877
vt 0.832650 0.484977
vt 0.836096 0.488697
vt 0.815246 0.484745
vt 0.809884 0.475347
vt 0.814271 0.474750
vt 0.810722 0.472408
vt 0.818561 0.505860
vt 0.746829 0.505467
vt 0.754117 0.509620
vt 0.747858 0.508590
vt 0.748366 0.489957
vt 0.754639 0.485840
vt 0.755487 0.483834
vt 0.754943 0.483905
vt 0.754960 0.485372
vt 0.752122 0.477286
vt 0.752028 0.472054
vt 0.762233 0.478684
vt 0.753323 0.471580
vt 0.758590 0.472274
vt 0.766374 0.470448
vt 0.771023 0.470796
vt 0.776360 0.489947
vt 0.768651 0.491655
vt 0.778076 0.491455
vt 0.761684 0.505132
vt 0.747856 0.497723
vt 0.772874 0.497607
vt 0.773098 0.504794
vt 0.264651 0.470716
vt 0.733224 0.906434
vt 0.729688 0.902861
vt 0.730524 0.903946
vt 0.732240 0.901657
vt 0.734915 0.904755
vt 0.732808 0.901782
vt 0.060167 0.747809
vt 0.056075 0.744683
vt 0.055908 0.743408
vt 0.060330 0.745854
vt 0.061049 0.746381
vt 0.063078 0.747970
vt 0.062121 0.745602
vt 0.877760 0.247761
vt 0.870244 0.251236
vt 0.869608 0.250495
vt 0.871573 0.247968
vt 0.088867 0.630615
vt 0.088867 0.630615
vt 0.088867 0.630615
vt 0.087326 0.630794
vt 0.088867 0.630615
vt 0.087971 0.628779
vt 0.086541 0.632056
vt 0.089139 0.629396
vt 0.086039 0.633082
vt 0.087646 0.629395
vt 0.089995 0.625378
vt 0.091076 0.631158
vt 0.091206 0.636795
vt 0.089938 0.632326
vt 0.089755 0.634522
vt 0.097060 0.625035
vt 0.097233 0.627611
vt 0.096509 0.620846
vt 0.089526 0.614062
vt 0.092124 0.619170
vt 0.087298 0.620130
vt 0.090596 0.637815
vt 0.094247 0.633761
vt 0.091470 0.636849
vt 0.097811 0.635103
vt 0.097312 0.636568
vt 0.492897 0.901298
vt 0.490014 0.906814
vt 0.490552 0.901453
vt 0.486707 0.902247
vt 0.492374 0.908568
vt 0.490967 0.908691
vt 0.488151 0.908587
vt 0.487132 0.909150
vt 0.486084 0.909668
vt 0.485694 0.908283
vt 0.485780 0.905697
vt 0.484863 0.906494
vt 0.486662 0.899981
vt 0.488596 0.898923
vt 0.494374 0.906447
vt 0.495018 0.903686
vt 0.792657 0.935827
vt 0.790665 0.934993
vt 0.790283 0.930164
vt 0.789313 0.930543
vt 0.788753 0.933779
vt 0.786824 0.931545
vt 0.792480 0.937473
vt 0.950332 0.511671
vt 0.950557 0.515442
vt 0.948747 0.515103
vt 0.061983 0.344357
vt 0.067572 0.344569
vt 0.068009 0.344696
vt 0.067505 0.345066
vt 0.062729 0.343499
vt 0.069244 0.345267
vt 0.069347 0.345703
vt 0.726690 0.650024
vt 0.712160 0.653161
vt 0.719672 0.648726
vt 0.724097 0.646508
vt 0.720651 0.645987
vt 0.718488 0.646917
vt 0.680298 0.848780
vt 0.680991 0.847947
vt 0.686227 0.847763
vt 0.683523 0.851976
vt 0.682800 0.856999
vt 0.683811 0.855903
vt 0.681715 0.858115
vt 0.681687 0.851896
vt 0.680862 0.857938
vt 0.680431 0.855812
vt 0.736346 0.935062
vt 0.734847 0.933219
vt 0.739566 0.933208
vt 0.912804 0.623423
vt 0.914707 0.621705
vt 0.914333 0.628877
vt 0.916943 0.627932
vt 0.912109 0.625244
vt 0.912109 0.624023
vt 0.914102 0.631797
vt 0.915636 0.631734
vt 0.913184 0.630624
vt 0.912842 0.632080
vt 0.918381 0.628311
vt 0.918771 0.629847
vt 0.919729 0.626972
vt 0.917259 0.622468
vt 0.966802 0.269042
vt 0.967738 0.270130
vt 0.967079 0.267672
vt 0.966973 0.268476
vt 0.966596 0.271411
vt 0.967041 0.266602
vt 0.986456 0.747557
vt 0.987716 0.748423
vt 0.986067 0.748526
vt 0.987926 0.747250
vt 0.986430 0.746299
vt 0.200287 0.901685
vt 0.198092 0.903742
vt 0.196893 0.902146
vt 0.195934 0.901107
vt 0.198499 0.901275
vt 0.812307 0.497114
vt 0.813434 0.490680
vt 0.900772 0.270501
vt 0.901478 0.267500
vt 0.905518 0.265607
vt 0.903042 0.271769
vt 0.623110 0.284722
vt 0.631871 0.279109
vt 0.631892 0.276940
vt 0.606692 0.271278
vt 0.575468 0.957011
vt 0.572109 0.957556
vt 0.575516 0.956139
vt 0.574041 0.955570
vt 0.934184 0.242193
vt 0.932526 0.243920
vt 0.929016 0.241525
vt 0.928467 0.242676
vt 0.932325 0.247604
vt 0.936162 0.246164
vt 0.933866 0.247857
vt 0.927525 0.248273
vt 0.927458 0.249300
vt 0.930535 0.250417
vt 0.932337 0.661684
vt 0.935872 0.661748
vt 0.934077 0.663337
vt 0.935542 0.663573
vt 0.927564 0.660252
vt 0.929688 0.660400
vt 0.930452 0.662419
vt 0.628733 0.952526
vt 0.633690 0.951456
vt 0.632557 0.952628
vt 0.632897 0.953916
vt 0.628891 0.953475
vt 0.861669 0.063039
vt 0.859918 0.064127
vt 0.861704 0.071941
vt 0.860629 0.063887
vt 0.859463 0.072143
vt 0.856993 0.067034
vt 0.854084 0.068615
vt 0.855763 0.072626
vt 0.880856 0.929505
vt 0.877107 0.930375
vt 0.876347 0.929596
vt 0.881478 0.930326
vt 0.883865 0.929599
vt 0.088593 0.625145
vt 0.088623 0.624527
vt 0.860762 0.055683
vt 0.861276 0.057454
vt 0.862826 0.056620
vt 0.968298 0.613875
vt 0.970870 0.614438
vt 0.967812 0.614760
vt 0.969984 0.617131
vt 0.971867 0.615362
vt 0.212595 0.963488
vt 0.211635 0.961200
vt 0.212606 0.960783
vt 0.096149 0.613525
vt 0.097225 0.615741
vt 0.089303 0.613037
vt 0.087751 0.613120
vt 0.826378 0.044485
vt 0.823880 0.040788
vt 0.829409 0.026993
vt 0.823496 0.033036
vt 0.824925 0.046018
vt 0.826613 0.051712
vt 0.821527 0.061065
vt 0.817266 0.060806
vt 0.818043 0.047686
vt 0.816584 0.045156
vt 0.819865 0.045144
vt 0.820067 0.039568
vt 0.813916 0.042655
vt 0.813761 0.039704
vt 0.018813 0.403393
vt 0.017857 0.401399
vt 0.019037 0.400941
vt 0.704109 0.848820
vt 0.711832 0.850028
vt 0.710295 0.852310
vt 0.712402 0.852295
vt 0.705769 0.843931
vt 0.699673 0.840496
vt 0.698950 0.844662
vt 0.697266 0.840820
vt 0.681040 0.186502
vt 0.677020 0.187627
vt 0.676257 0.177782
vt 0.659557 0.175905
vt 0.652077 0.180785
vt 0.650171 0.173747
vt 0.650635 0.172607
vt 0.652427 0.172443
vt 0.673373 0.169784
vt 0.675397 0.173035
vt 0.674983 0.168669
vt 0.663439 0.163861
vt 0.678516 0.158802
vt 0.667731 0.152624
vt 0.664371 0.166528
vt 0.661133 0.166462
vt 0.677266 0.142535
vt 0.971637 0.709714
vt 0.972484 0.712139
vt 0.969057 0.712235
vt 0.967889 0.708171
vt 0.972488 0.708893
vt 0.109914 0.720399
vt 0.110242 0.719827
vt 0.108610 0.723601
vt 0.110704 0.720953
vt 0.110195 0.718746
vt 0.105873 0.723575
vt 0.113959 0.732311
vt 0.102370 0.727478
vt 0.110269 0.734136
vt 0.103026 0.734117
vt 0.110394 0.737443
vt 0.113512 0.742929
vt 0.106099 0.743449
vt 0.925462 0.801078
vt 0.927599 0.802928
vt 0.925620 0.805357
vt 0.923873 0.806109
vt 0.924963 0.797548
vt 0.926270 0.798584
vt 0.318117 0.930174
vt 0.321487 0.928292
vt 0.319461 0.930345
vt 0.177447 0.838249
vt 0.164729 0.834147
vt 0.177459 0.837265
vt 0.177582 0.838135
vt 0.178711 0.838379
vt 0.178711 0.838623
vt 0.177490 0.838623
vt 0.177734 0.838379
vt 0.947161 0.869357
vt 0.946045 0.869873
vt 0.945164 0.867464
vt 0.944325 0.864592
vt 0.941967 0.865193
vt 0.941519 0.860988
vt 0.942608 0.860615
vt 0.944013 0.860644
vt 0.945910 0.861749
vt 0.948119 0.864549
vt 0.952426 0.398112
vt 0.950458 0.400273
vt 0.948467 0.397684
vt 0.950320 0.396388
vt 0.001465 0.763916
vt 0.001345 0.763916
vt 0.001546 0.763916
vt 0.933019 0.100032
vt 0.931396 0.098633
vt 0.935319 0.101601
vt 0.936412 0.099757
vt 0.935326 0.099009
vt 0.936936 0.101558
vt 0.937366 0.100004
vt 0.937088 0.100143
vt 0.936377 0.096379
vt 0.936751 0.096585
vt 0.936720 0.096429
vt 0.679571 0.974070
vt 0.679932 0.974854
vt 0.678973 0.975115
vt 0.679583 0.975406
vt 0.678467 0.975098
vt 0.678388 0.974774
vt 0.987993 0.891592
vt 0.988085 0.893097
vt 0.987793 0.892822
vt 0.988770 0.892334
vt 0.987393 0.890381
vt 0.988770 0.891602
vt 0.988215 0.891246
vt 0.989258 0.891113
vt 0.988770 0.891113
vt 0.987137 0.891566
vt 0.987793 0.890625
vt 0.986798 0.889886
vt 0.088803 0.473279
vt 0.087904 0.480741
vt 0.093740 0.479042
vt 0.091312 0.472157
vt 0.093374 0.471067
vt 0.094198 0.477821
vt 0.104492 0.192627
vt 0.331179 0.712457
vt 0.333616 0.712965
vt 0.331490 0.714435
vt 0.333042 0.710785
vt 0.325548 0.711355
vt 0.332472 0.709926
vt 0.317670 0.712038
vt 0.763554 0.940324
vt 0.763485 0.939580
vt 0.762357 0.939816
vt 0.761719 0.939209
vt 0.759969 0.939127
vt 0.764396 0.940143
vt 0.761439 0.937978
vt 0.760986 0.937500
vt 0.759000 0.938981
vt 0.759401 0.937229
vt 0.758545 0.937988
vt 0.759033 0.937012
vt 0.938283 0.511161
vt 0.935308 0.513301
vt 0.938627 0.509335
vt 0.933652 0.511155
vt 0.939543 0.515169
vt 0.938956 0.512873
vt 0.939453 0.511230
vt 0.939487 0.510532
vt 0.939697 0.510010
vt 0.940186 0.509766
vt 0.940186 0.509033
vt 0.683901 0.678974
vt 0.679318 0.679736
vt 0.674138 0.673934
vt 0.670173 0.680081
vt 0.683142 0.683224
vt 0.668085 0.686334
vt 0.665743 0.680682
vt 0.665678 0.679527
vt 0.665527 0.678223
vt 0.665152 0.677966
vt 0.665527 0.677979
vt 0.504883 0.892822
vt 0.499952 0.891144
vt 0.502779 0.887334
vt 0.492829 0.885045
vt 0.500963 0.882576
vt 0.948056 0.586595
vt 0.948465 0.585482
vt 0.948775 0.587081
vt 0.951536 0.586077
vt 0.950850 0.587362
vt 0.950041 0.589337
vt 0.946836 0.589658
vt 0.946719 0.588495
vt 0.949080 0.402127
vt 0.335416 0.750592
vt 0.739403 0.909389
vt 0.943811 0.718445
vt 0.938377 0.718709
vt 0.938870 0.714948
vt 0.945801 0.717358
vt 0.944486 0.714335
vt 0.937947 0.712674
vt 0.941293 0.710474
vt 0.944885 0.711979
vt 0.938465 0.710189
vt 0.604736 0.998535
vt 0.604492 0.998535
vt 0.604736 0.998535
vt 0.596318 0.976052
vt 0.595947 0.976562
vt 0.595305 0.974254
vt 0.021322 0.605655
vt 0.024804 0.600401
vt 0.023336 0.607852
vt 0.024442 0.599113
vt 0.020621 0.604080
vt 0.020809 0.600059
vt 0.019576 0.602575
vt 0.936688 0.111912
vt 0.942126 0.112151
vt 0.939058 0.113979
vt 0.937392 0.113890
vt 0.311287 0.712997
vt 0.309412 0.710735
vt 0.307959 0.711538
vt 0.518256 0.949971
vt 0.516361 0.949560
vt 0.517350 0.948258
vt 0.518832 0.950303
vt 0.518878 0.948546
vt 0.519531 0.948116
vt 0.521191 0.948905
vt 0.519861 0.948031
vt 0.518642 0.947771
vt 0.521019 0.947777
vt 0.191929 0.902884
vt 0.191865 0.902391
vt 0.191419 0.902724
vt 0.182861 0.800781
vt 0.182617 0.801270
vt 0.181652 0.803351
vt 0.182617 0.802734
vt 0.661236 0.167728
vt 0.660493 0.166655
vt 0.652100 0.172119
vt 0.653897 0.169817
vt 0.651367 0.172363
vt 0.933027 0.700666
vt 0.930678 0.698590
vt 0.935973 0.701599
vt 0.936523 0.701660
vt 0.936594 0.700850
vt 0.935650 0.698548
vt 0.937853 0.698642
vt 0.936768 0.699463
vt 0.936850 0.695961
vt 0.937221 0.697234
vt 0.936228 0.694312
vt 0.931809 0.693643
vt 0.930615 0.691374
vt 0.931664 0.696817
vt 0.653348 0.940150
vt 0.647659 0.941689
vt 0.649082 0.939717
vt 0.652552 0.941413
vt 0.015489 0.313299
vt 0.015833 0.311326
vt 0.017421 0.313692
vt 0.017539 0.311626
vt 0.015910 0.310588
vt 0.694578 0.684196
vt 0.684898 0.684843
vt 0.697370 0.682468
vt 0.699120 0.681302
vt 0.694039 0.678653
vt 0.699463 0.678467
vt 0.927120 0.115121
vt 0.923575 0.114596
vt 0.927490 0.114258
vt 0.537377 0.776603
vt 0.545506 0.777464
vt 0.551825 0.783112
vt 0.547561 0.784433
vt 0.551226 0.778395
vt 0.555141 0.780729
vt 0.552687 0.785546
vt 0.557522 0.782191
vt 0.223029 0.867419
vt 0.221604 0.869523
vt 0.221420 0.867914
vt 0.219124 0.862665
vt 0.221591 0.858947
vt 0.223182 0.861405
vt 0.223876 0.859103
vt 0.219388 0.866123
vt 0.223702 0.865670
vt 0.987034 0.642791
vt 0.989966 0.643294
vt 0.988207 0.644034
vt 0.987500 0.641709
vt 0.677126 0.026043
vt 0.676665 0.027912
vt 0.689280 0.025831
vt 0.689706 0.026067
vt 0.691825 0.027474
vt 0.676625 0.026965
vt 0.960829 0.883464
vt 0.960803 0.885353
vt 0.961736 0.887821
vt 0.961847 0.885165
vt 0.060212 0.344980
vt 0.049782 0.344304
vt 0.050242 0.344200
vt 0.049778 0.345711
vt 0.579571 0.977983
vt 0.580157 0.978681
vt 0.579347 0.979044
vt 0.580566 0.977783
vt 0.581122 0.978009
vt 0.579590 0.980225
vt 0.579146 0.980181
vt 0.580003 0.979943
vt 0.943896 0.085124
vt 0.942217 0.085410
vt 0.941961 0.084961
vt 0.944617 0.083863
vt 0.942584 0.079273
vt 0.945017 0.080446
vt 0.961171 0.900823
vt 0.963445 0.901040
vt 0.964354 0.898022
vt 0.962408 0.900145
vt 0.962938 0.898044
vt 0.335033 0.889348
vt 0.333888 0.887815
vt 0.335134 0.886341
vt 0.340902 0.888942
vt 0.343292 0.883411
vt 0.343532 0.891285
vt 0.342169 0.882840
vt 0.339373 0.882398
vt 0.339591 0.881827
vt 0.338252 0.881348
vt 0.337646 0.881033
vt 0.336308 0.884715
vt 0.668261 0.420159
vt 0.672068 0.419982
vt 0.678930 0.411282
vt 0.681623 0.409331
vt 0.876847 0.169879
vt 0.877419 0.169985
vt 0.876857 0.179844
vt 0.875056 0.168559
vt 0.876174 0.180924
vt 0.874842 0.181117
vt 0.874828 0.178528
vt 0.872457 0.167408
vt 0.873497 0.181110
vt 0.873700 0.166860
vt 0.688116 0.829783
vt 0.686144 0.833048
vt 0.684918 0.828726
vt 0.687651 0.833251
vt 0.680112 0.833478
vt 0.683540 0.835475
vt 0.685778 0.836132
vt 0.736572 0.422119
vt 0.024902 0.998535
vt 0.024658 0.998535
vt 0.024902 0.998535
vt 0.025146 0.998535
vt 0.708252 0.839355
vt 0.710224 0.839292
vt 0.890625 0.224526
vt 0.890178 0.232396
vt 0.889703 0.224097
vt 0.888797 0.225617
vt 0.889029 0.235501
vt 0.887200 0.224984
vt 0.887899 0.233808
vt 0.886475 0.233887
vt 0.573888 0.560029
vt 0.570317 0.563581
vt 0.565754 0.565787
vt 0.569855 0.553945
vt 0.569545 0.558088
vt 0.554040 0.557538
vt 0.562865 0.567719
vt 0.566838 0.566835
vt 0.545858 0.554433
vt 0.550822 0.565183
vt 0.560749 0.546311
vt 0.552968 0.540360
vt 0.562393 0.552817
vt 0.982667 0.613968
vt 0.984397 0.612097
vt 0.984863 0.613567
vt 0.997626 0.446567
vt 0.997314 0.446026
vt 0.997679 0.445801
vt 0.021660 0.611460
vt 0.023510 0.614382
vt 0.020838 0.612680
vt 0.022206 0.614270
vt 0.024712 0.613560
vt 0.128246 0.262832
vt 0.127946 0.275999
vt 0.127145 0.264059
vt 0.125485 0.276510
vt 0.402231 0.898056
vt 0.405933 0.896660
vt 0.402933 0.895549
vt 0.404139 0.896735
vt 0.401252 0.896609
vt 0.399035 0.899421
vt 0.396350 0.900277
vt 0.395735 0.897669
vt 0.397418 0.897727
vt 0.399527 0.900475
vt 0.718219 0.435770
vt 0.719653 0.439970
vt 0.286221 0.066170
vt 0.746189 0.495432
vt 0.711002 0.001827
vt 0.707616 0.005257
vt 0.698863 0.001820
vt 0.702881 0.001465
vt 0.528609 0.816493
vt 0.522193 0.817419
vt 0.519002 0.807537
vt 0.528076 0.807129
vt 0.521903 0.807615
vt 0.531306 0.813528
vt 0.531537 0.815183
vt 0.535284 0.811584
vt 0.535156 0.808544
vt 0.598153 0.040219
vt 0.587052 0.037721
vt 0.592147 0.030675
vt 0.590984 0.054103
vt 0.603951 0.034110
vt 0.598633 0.036133
vt 0.592693 0.056372
vt 0.581070 0.031674
vt 0.581535 0.038527
vt 0.582495 0.045133
vt 0.585272 0.055388
vt 0.518192 0.817366
vt 0.821533 0.997803
vt 0.821297 0.997349
vt 0.821777 0.997403
vt 0.010113 0.593975
vt 0.009053 0.593204
vt 0.010321 0.592826
vt 0.009129 0.346514
vt 0.010485 0.346887
vt 0.009091 0.347362
vt 0.094280 0.006809
vt 0.097572 0.001566
vt 0.090825 0.008848
vt 0.095672 0.004178
vt 0.087828 0.016336
vt 0.088673 0.013581
vt 0.376755 0.880120
vt 0.377578 0.878448
vt 0.382545 0.878157
vt 0.377741 0.876287
vt 0.380864 0.875484
vt 0.382080 0.875488
vt 0.382809 0.875780
vt 0.382324 0.880859
vt 0.381840 0.881474
vt 0.382324 0.881348
vt 0.377247 0.882282
vt 0.082127 0.914872
vt 0.080656 0.912829
vt 0.077458 0.914122
vt 0.077418 0.915908
vt 0.081427 0.916254
vt 0.084229 0.916504
vt 0.085421 0.915885
vt 0.085938 0.915217
vt 0.078732 0.914617
vt 0.086234 0.912878
vt 0.085304 0.911983
vt 0.084459 0.911893
vt 0.084473 0.911377
vt 0.994051 0.099235
vt 0.994538 0.098491
vt 0.995447 0.099559
vt 0.495971 0.102743
vt 0.492346 0.099594
vt 0.486397 0.090177
vt 0.495671 0.101868
vt 0.499004 0.109115
vt 0.503124 0.111624
vt 0.501988 0.109448
vt 0.505550 0.116671
vt 0.499060 0.111364
vt 0.506638 0.121134
vt 0.502409 0.116866
vt 0.484863 0.089727
vt 0.483819 0.088875
vt 0.955174 0.789794
vt 0.956418 0.786578
vt 0.957047 0.788906
vt 0.954989 0.785362
vt 0.112155 0.980691
vt 0.110813 0.980568
vt 0.112607 0.979164
vt 0.546978 0.931789
vt 0.546464 0.932982
vt 0.546849 0.928226
vt 0.545995 0.931611
vt 0.545986 0.927902
vt 0.693486 0.787576
vt 0.691769 0.781266
vt 0.696334 0.781468
vt 0.698691 0.776049
vt 0.698689 0.772302
vt 0.700338 0.772815
vt 0.699001 0.774521
vt 0.700125 0.771464
vt 0.700090 0.769277
vt 0.700606 0.768113
vt 0.699563 0.770440
vt 0.700402 0.786718
vt 0.699719 0.782491
vt 0.700014 0.783393
vt 0.912893 0.795600
vt 0.908330 0.795920
vt 0.908936 0.794922
vt 0.914229 0.798231
vt 0.907743 0.798138
vt 0.908203 0.798665
vt 0.909074 0.801957
vt 0.910901 0.805293
vt 0.911880 0.802911
vt 0.915323 0.797445
vt 0.914855 0.795907
vt 0.345932 0.888477
vt 0.344704 0.889728
vt 0.342900 0.890842
vt 0.603390 0.858146
vt 0.597259 0.855395
vt 0.606820 0.854162
vt 0.674079 0.768432
vt 0.673169 0.769508
vt 0.667251 0.761918
vt 0.669969 0.759268
vt 0.683165 0.765481
vt 0.678019 0.761511
vt 0.774712 0.942633
vt 0.777191 0.944383
vt 0.773808 0.943683
vt 0.777438 0.940338
vt 0.775681 0.938777
vt 0.542325 0.559132
vt 0.542852 0.572864
vt 0.535189 0.569524
vt 0.567375 0.575968
vt 0.561479 0.588262
vt 0.550436 0.585107
vt 0.553857 0.582685
vt 0.540706 0.586762
vt 0.528886 0.579803
vt 0.618528 0.031033
vt 0.611673 0.034377
vt 0.620319 0.027469
vt 0.599811 0.042815
vt 0.615735 0.036166
vt 0.611981 0.040667
vt 0.569001 0.577835
vt 0.568299 0.585021
vt 0.567353 0.589496
vt 0.564088 0.591959
vt 0.944294 0.079431
vt 0.482060 0.085716
vt 0.083257 0.827891
vt 0.083181 0.824203
vt 0.089336 0.829338
vt 0.090745 0.829064
vt 0.091356 0.825143
vt 0.094182 0.829088
vt 0.087552 0.821075
vt 0.092722 0.821744
vt 0.176576 0.927403
vt 0.178275 0.929119
vt 0.178223 0.931396
vt 0.174137 0.925497
vt 0.172126 0.928956
vt 0.172597 0.925944
vt 0.040392 0.772387
vt 0.041628 0.773714
vt 0.040662 0.774792
vt 0.039551 0.777459
vt 0.040073 0.781777
vt 0.042338 0.781581
vt 0.043506 0.780020
vt 0.042089 0.772784
vt 0.044759 0.780903
vt 0.044706 0.787855
vt 0.041606 0.787894
vt 0.040021 0.791344
vt 0.040813 0.792107
vt 0.123294 0.276677
vt 0.122204 0.251682
vt 0.120855 0.265773
vt 0.120835 0.251684
vt 0.124834 0.251707
vt 0.118858 0.250294
vt 0.118697 0.253326
vt 0.120904 0.276004
vt 0.763568 0.191254
vt 0.767010 0.189559
vt 0.763209 0.197201
vt 0.762122 0.163648
vt 0.770103 0.157517
vt 0.768968 0.169534
vt 0.764159 0.173013
vt 0.760892 0.181460
vt 0.563928 0.922593
vt 0.561622 0.919572
vt 0.564427 0.920650
vt 0.560124 0.920027
vt 0.561339 0.924180
vt 0.563965 0.924561
vt 0.561392 0.925745
vt 0.557214 0.920785
vt 0.558466 0.926131
vt 0.556912 0.921151
vt 0.556695 0.924267
vt 0.556636 0.926407
vt 0.681668 0.412669
vt 0.682206 0.411008
vt 0.590756 0.883659
vt 0.592789 0.882645
vt 0.592458 0.885329
vt 0.583633 0.885596
vt 0.592853 0.890259
vt 0.584998 0.889163
vt 0.077432 0.928359
vt 0.082346 0.927769
vt 0.077675 0.930345
vt 0.950761 0.841540
vt 0.950195 0.844482
vt 0.949396 0.840756
vt 0.949869 0.844292
vt 0.949267 0.837504
vt 0.953701 0.839759
vt 0.955872 0.840585
vt 0.954548 0.844568
vt 0.955322 0.843750
vt 0.579828 0.334007
vt 0.575443 0.333634
vt 0.582934 0.334444
vt 0.590423 0.334350
vt 0.640333 0.334387
vt 0.638823 0.334691
vt 0.628358 0.333257
vt 0.626709 0.333740
vt 0.625289 0.333706
vt 0.674086 0.829937
vt 0.677762 0.828240
vt 0.676383 0.833151
vt 0.283986 0.072282
vt 0.932476 0.482788
vt 0.938936 0.485763
vt 0.932517 0.484245
vt 0.939115 0.485053
vt 0.938386 0.486568
vt 0.937090 0.487505
vt 0.931266 0.486037
vt 0.931034 0.484669
vt 0.689311 0.005020
vt 0.695966 0.007333
vt 0.695333 0.012472
vt 0.704488 0.008514
vt 0.701812 0.011630
vt 0.689678 0.010285
vt 0.604774 0.661054
vt 0.599390 0.664795
vt 0.601507 0.655284
vt 0.619396 0.665738
vt 0.619289 0.651201
vt 0.628457 0.670273
vt 0.633197 0.670515
vt 0.604199 0.645178
vt 0.607759 0.643716
vt 0.740104 0.763549
vt 0.747748 0.764697
vt 0.736833 0.768669
vt 0.747064 0.760192
vt 0.742435 0.756997
vt 0.738578 0.754889
vt 0.741172 0.754896
vt 0.742432 0.754150
vt 0.755631 0.758761
vt 0.756200 0.762965
vt 0.760022 0.760921
vt 0.758355 0.762256
vt 0.752930 0.766266
vt 0.751709 0.767132
vt 0.751057 0.767436
vt 0.748792 0.767629
vt 0.916111 0.224902
vt 0.921705 0.226591
vt 0.920846 0.227672
vt 0.916615 0.226330
vt 0.921875 0.225586
vt 0.922969 0.226248
vt 0.123338 0.873833
vt 0.122803 0.879883
vt 0.119563 0.879097
vt 0.121826 0.879639
vt 0.126149 0.877978
vt 0.127856 0.874898
vt 0.129747 0.878811
vt 0.799561 0.736572
vt 0.785111 0.726819
vt 0.800781 0.737061
vt 0.802246 0.736816
vt 0.795319 0.717234
vt 0.796699 0.721707
vt 0.785224 0.718834
vt 0.775392 0.728413
vt 0.773258 0.733691
vt 0.773749 0.735400
vt 0.774974 0.736307
vt 0.777984 0.737844
vt 0.789173 0.738716
vt 0.796022 0.734967
vt 0.752197 0.677979
vt 0.751221 0.679443
vt 0.747316 0.678710
vt 0.749268 0.679199
vt 0.749403 0.679878
vt 0.738770 0.673660
vt 0.745748 0.678876
vt 0.734396 0.674752
vt 0.741717 0.681152
vt 0.736934 0.679927
vt 0.742979 0.680816
vt 0.745684 0.681124
vt 0.289606 0.986461
vt 0.288983 0.986891
vt 0.289729 0.985507
vt 0.290039 0.986129
vt 0.174110 0.075504
vt 0.169949 0.067564
vt 0.169607 0.063382
vt 0.175781 0.077881
vt 0.179744 0.074426
vt 0.177246 0.078125
vt 0.179354 0.080259
vt 0.187217 0.084355
vt 0.192549 0.075409
vt 0.169854 0.055680
vt 0.876629 0.447026
vt 0.877340 0.444080
vt 0.878906 0.445801
vt 0.874579 0.446827
vt 0.872867 0.442067
vt 0.872349 0.443848
vt 0.873297 0.441570
vt 0.872347 0.439472
vt 0.878839 0.442869
vt 0.878878 0.441414
vt 0.876170 0.438470
vt 0.871563 0.436657
vt 0.875423 0.436841
vt 0.872613 0.438348
vt 0.873741 0.435023
vt 0.871447 0.433955
vt 0.873213 0.433416
vt 0.870605 0.435791
vt 0.870707 0.436136
vt 0.871990 0.437582
vt 0.872424 0.440249
vt 0.908358 0.206857
vt 0.908793 0.203173
vt 0.913086 0.204834
vt 0.913762 0.198936
vt 0.909312 0.201505
vt 0.910272 0.197279
vt 0.914795 0.200195
vt 0.914062 0.197998
vt 0.914141 0.198369
vt 0.305908 0.915283
vt 0.304180 0.916896
vt 0.302610 0.915081
vt 0.305420 0.913818
vt 0.306761 0.913798
vt 0.302330 0.918574
vt 0.300785 0.914918
vt 0.298201 0.912214
vt 0.300081 0.913638
vt 0.298927 0.913184
vt 0.700520 0.452466
vt 0.701377 0.456080
vt 0.696409 0.455255
vt 0.698243 0.466545
vt 0.695762 0.470738
vt 0.699953 0.026238
vt 0.692773 0.024031
vt 0.702123 0.025422
vt 0.914872 0.234882
vt 0.915465 0.233612
vt 0.916992 0.235107
vt 0.915116 0.231432
vt 0.918562 0.232803
vt 0.919866 0.229869
vt 0.478423 0.755410
vt 0.477350 0.757577
vt 0.465504 0.752711
vt 0.465373 0.750092
vt 0.479992 0.759999
vt 0.473016 0.758754
vt 0.463022 0.755704
vt 0.463079 0.753500
vt 0.458674 0.750941
vt 0.459249 0.748517
vt 0.045957 0.119007
vt 0.049287 0.119437
vt 0.046790 0.129260
vt 0.044483 0.127158
vt 0.043061 0.125937
vt 0.052771 0.114983
vt 0.051676 0.125453
vt 0.050046 0.130417
vt 0.052099 0.133372
vt 0.054493 0.134083
vt 0.054851 0.131939
vt 0.054588 0.122725
vt 0.055143 0.116393
vt 0.855294 0.144529
vt 0.854968 0.138512
vt 0.856068 0.140871
vt 0.858051 0.144450
vt 0.854735 0.138327
vt 0.856786 0.148475
vt 0.855804 0.153491
vt 0.859371 0.143863
vt 0.858338 0.153639
vt 0.859793 0.154712
vt 0.854211 0.154086
vt 0.855957 0.156250
vt 0.877865 0.420790
vt 0.878703 0.411968
vt 0.879416 0.418825
vt 0.877766 0.415406
vt 0.881290 0.412016
vt 0.880607 0.419037
vt 0.877227 0.412017
vt 0.731187 0.837278
vt 0.737113 0.838480
vt 0.729416 0.840415
vt 0.729736 0.836670
vt 0.729980 0.835938
vt 0.728315 0.837789
vt 0.728729 0.837089
vt 0.728823 0.841833
vt 0.724854 0.839355
vt 0.735210 0.842942
vt 0.732358 0.844721
vt 0.734078 0.843022
vt 0.731508 0.844356
vt 0.470846 0.893255
vt 0.474834 0.894745
vt 0.469016 0.893725
vt 0.468545 0.895181
vt 0.473619 0.896056
vt 0.465975 0.898571
vt 0.465032 0.894488
vt 0.654658 0.811736
vt 0.649509 0.819026
vt 0.646274 0.809945
vt 0.649460 0.810028
vt 0.660351 0.819865
vt 0.649326 0.824136
vt 0.663240 0.824731
vt 0.657343 0.827460
vt 0.646154 0.828202
vt 0.648972 0.828369
vt 0.720629 0.670349
vt 0.717529 0.667480
vt 0.722459 0.664737
vt 0.716064 0.665039
vt 0.719887 0.677990
vt 0.723663 0.679261
vt 0.718750 0.670654
vt 0.619819 0.953677
vt 0.619873 0.955566
vt 0.618384 0.955543
vt 0.617425 0.953857
vt 0.615968 0.953438
vt 0.617881 0.957213
vt 0.618732 0.958576
vt 0.728777 0.781658
vt 0.724705 0.785618
vt 0.726528 0.780568
vt 0.734758 0.784065
vt 0.735344 0.778929
vt 0.740921 0.778200
vt 0.741334 0.779785
vt 0.737793 0.780762
vt 0.744146 0.778534
vt 0.951272 0.305708
vt 0.954590 0.306152
vt 0.954834 0.307129
vt 0.952842 0.304346
vt 0.954451 0.304635
vt 0.951086 0.304701
vt 0.719233 0.676883
vt 0.716553 0.678223
vt 0.699950 0.430185
vt 0.702103 0.433216
vt 0.702720 0.441044
vt 0.689094 0.432212
vt 0.681635 0.433776
vt 0.681847 0.442652
vt 0.678340 0.434042
vt 0.672029 0.452858
vt 0.668075 0.447499
vt 0.682385 0.465351
vt 0.675163 0.458068
vt 0.685552 0.475449
vt 0.682211 0.473072
vt 0.701660 0.448730
vt 0.701473 0.449880
vt 0.749728 0.108509
vt 0.748703 0.107610
vt 0.751593 0.106535
vt 0.747559 0.103936
vt 0.746837 0.099017
vt 0.753911 0.105208
vt 0.751382 0.092730
vt 0.746582 0.101992
vt 0.746582 0.102539
vt 0.746582 0.103760
vt 0.086701 0.013315
vt 0.085572 0.018030
vt 0.877879 0.423944
vt 0.814174 0.914196
vt 0.812075 0.910453
vt 0.807169 0.912397
vt 0.810362 0.911294
vt 0.807562 0.908718
vt 0.805968 0.910516
vt 0.815588 0.912225
vt 0.453794 0.916441
vt 0.453731 0.917783
vt 0.453271 0.915877
vt 0.453421 0.913655
vt 0.453857 0.915527
vt 0.452162 0.915735
vt 0.451879 0.915918
vt 0.451915 0.915494
vt 0.452028 0.913938
vt 0.451416 0.913818
vt 0.451172 0.912842
vt 0.451767 0.912079
vt 0.451868 0.918047
vt 0.453170 0.919971
vt 0.451555 0.919678
vt 0.911791 0.805922
vt 0.912032 0.805941
vt 0.912598 0.805472
vt 0.691393 0.157491
vt 0.689882 0.165106
vt 0.689098 0.163867
vt 0.756622 0.105944
vt 0.760131 0.109656
vt 0.744131 0.090963
vt 0.734059 0.072408
vt 0.734037 0.084121
vt 0.759211 0.087106
vt 0.744993 0.069059
vt 0.748981 0.067899
vt 0.729641 0.078931
vt 0.726993 0.071530
vt 0.741245 0.094109
vt 0.986618 0.157844
vt 0.985712 0.161041
vt 0.984819 0.159057
vt 0.992141 0.954241
vt 0.990605 0.953893
vt 0.991848 0.953227
vt 0.038328 0.218114
vt 0.044702 0.211703
vt 0.041390 0.220409
vt 0.045410 0.219971
vt 0.042303 0.210923
vt 0.046270 0.206896
vt 0.856833 0.941044
vt 0.857199 0.940252
vt 0.861433 0.939987
vt 0.860142 0.938668
vt 0.856350 0.940088
vt 0.855327 0.938003
vt 0.855713 0.939941
vt 0.731445 0.788574
vt 0.730017 0.787579
vt 0.720334 0.698128
vt 0.724615 0.692957
vt 0.729845 0.696170
vt 0.716044 0.692296
vt 0.710693 0.691162
vt 0.709961 0.690186
vt 0.707275 0.693604
vt 0.706061 0.695457
vt 0.702014 0.700842
vt 0.710661 0.704269
vt 0.698904 0.695636
vt 0.697519 0.696141
vt 0.605287 0.638304
vt 0.611621 0.635653
vt 0.643726 0.643909
vt 0.642152 0.637275
vt 0.618143 0.631215
vt 0.698506 0.418743
vt 0.682719 0.759484
vt 0.687417 0.760635
vt 0.697109 0.151252
vt 0.703462 0.142176
vt 0.700426 0.155804
vt 0.714874 0.141150
vt 0.720226 0.148856
vt 0.715396 0.157402
vt 0.701645 0.182114
vt 0.697147 0.170744
vt 0.695377 0.183511
vt 0.700863 0.185904
vt 0.710693 0.185547
vt 0.716811 0.183174
vt 0.732910 0.089600
vt 0.732672 0.088351
vt 0.770351 0.051832
vt 0.759058 0.052292
vt 0.759159 0.049733
vt 0.753335 0.052092
vt 0.752948 0.048223
vt 0.768358 0.056618
vt 0.769229 0.047347
vt 0.760077 0.046641
vt 0.758049 0.043988
vt 0.768792 0.039815
vt 0.771905 0.040298
vt 0.745369 0.045075
vt 0.759110 0.040522
vt 0.763306 0.057037
vt 0.749318 0.056362
vt 0.736899 0.056920
vt 0.745097 0.051064
vt 0.736352 0.051165
vt 0.735507 0.046951
vt 0.736300 0.044467
vt 0.869731 0.885770
vt 0.875342 0.889088
vt 0.876049 0.891175
vt 0.872132 0.891505
vt 0.875752 0.895552
vt 0.870759 0.892375
vt 0.815267 0.848064
vt 0.815482 0.848822
vt 0.811637 0.847927
vt 0.810659 0.846887
vt 0.810399 0.846503
vt 0.800785 0.845060
vt 0.800151 0.847213
vt 0.810341 0.847188
vt 0.800809 0.848653
vt 0.802053 0.845037
vt 0.800293 0.845703
vt 0.303385 0.709717
vt 0.304590 0.709961
vt 0.302490 0.709717
vt 0.076372 0.201699
vt 0.076110 0.200866
vt 0.078587 0.200487
vt 0.078450 0.188959
vt 0.084774 0.197513
vt 0.082010 0.202965
vt 0.087529 0.201063
vt 0.086976 0.198587
vt 0.087693 0.199664
vt 0.085568 0.194176
vt 0.086209 0.189535
vt 0.086785 0.191889
vt 0.088780 0.190374
vt 0.085305 0.184830
vt 0.093104 0.186216
vt 0.091833 0.184404
vt 0.080514 0.182000
vt 0.921457 0.575140
vt 0.920654 0.575052
vt 0.921539 0.573544
vt 0.922497 0.572506
vt 0.915631 0.570184
vt 0.918220 0.570138
vt 0.917192 0.572458
vt 0.920590 0.576730
vt 0.917507 0.574375
vt 0.355106 0.031485
vt 0.347041 0.034347
vt 0.354825 0.031064
vt 0.358111 0.030299
vt 0.363564 0.032770
vt 0.346082 0.043646
vt 0.362086 0.034926
vt 0.367004 0.033548
vt 0.365561 0.034370
vt 0.364014 0.034668
vt 0.363450 0.034729
vt 0.361373 0.035832
vt 0.359118 0.035955
vt 0.357100 0.038864
vt 0.351732 0.041389
vt 0.337474 0.042694
vt 0.340303 0.033892
vt 0.341143 0.035774
vt 0.339760 0.045389
vt 0.341975 0.044948
vt 0.326874 0.027330
vt 0.335238 0.041901
vt 0.335265 0.032245
vt 0.331687 0.040419
vt 0.325175 0.034316
vt 0.324190 0.031572
vt 0.319375 0.026921
vt 0.321651 0.030395
vt 0.320080 0.025509
vt 0.322961 0.024726
vt 0.327172 0.026299
vt 0.325791 0.025274
vt 0.009530 0.538040
vt 0.009917 0.536998
vt 0.009521 0.538330
vt 0.010133 0.537911
vt 0.340319 0.031208
vt 0.341309 0.031738
vt 0.165771 0.052051
vt 0.165067 0.050421
vt 0.167146 0.051507
vt 0.166600 0.052956
vt 0.167480 0.053467
vt 0.168457 0.054199
vt 0.182484 0.052696
vt 0.968994 0.045654
vt 0.967859 0.047504
vt 0.967949 0.045281
vt 0.966955 0.045793
vt 0.964577 0.049329
vt 0.194665 0.066254
vt 0.205262 0.065504
vt 0.205250 0.056396
vt 0.192943 0.052974
vt 0.204793 0.050352
vt 0.069226 0.945311
vt 0.069487 0.941437
vt 0.072582 0.945092
vt 0.073148 0.941451
vt 0.645590 0.669629
vt 0.648168 0.661661
vt 0.651804 0.669430
vt 0.649906 0.666296
vt 0.648926 0.670898
vt 0.653467 0.672952
vt 0.913835 0.822956
vt 0.911021 0.824040
vt 0.915771 0.820267
vt 0.915187 0.815228
vt 0.911364 0.817821
vt 0.770502 0.088497
vt 0.770516 0.093316
vt 0.766803 0.083595
vt 0.711923 0.027348
vt 0.381056 0.754149
vt 0.384994 0.752206
vt 0.388665 0.752437
vt 0.043869 0.915381
vt 0.040960 0.913457
vt 0.046824 0.911690
vt 0.044678 0.916016
vt 0.048367 0.916122
vt 0.047847 0.913411
vt 0.343124 0.045153
vt 0.345646 0.045471
vt 0.346805 0.047253
vt 0.339213 0.053895
vt 0.339142 0.049467
vt 0.339424 0.051483
vt 0.339188 0.050890
vt 0.339053 0.054868
vt 0.338174 0.057085
vt 0.936352 0.362846
vt 0.938155 0.360639
vt 0.940070 0.367508
vt 0.941121 0.365484
vt 0.941661 0.362764
vt 0.937289 0.367687
vt 0.937256 0.366699
vt 0.936149 0.365399
vt 0.913621 0.570009
vt 0.837402 0.995390
vt 0.837158 0.995844
vt 0.837158 0.995117
vt 0.518411 0.995771
vt 0.518770 0.995361
vt 0.518894 0.995605
vt 0.958278 0.867876
vt 0.962598 0.868494
vt 0.957446 0.867603
vt 0.944251 0.146088
vt 0.947605 0.146860
vt 0.945930 0.149754
vt 0.948903 0.145100
vt 0.946358 0.142401
vt 0.949948 0.143855
vt 0.950439 0.143311
vt 0.951416 0.143066
vt 0.950122 0.146572
vt 0.948555 0.147217
vt 0.862689 0.721569
vt 0.863659 0.722995
vt 0.862478 0.730003
vt 0.863223 0.723863
vt 0.863640 0.730171
vt 0.862516 0.735632
vt 0.862792 0.736373
vt 0.722519 0.625844
vt 0.725473 0.632608
vt 0.043929 0.422525
vt 0.045986 0.431685
vt 0.042742 0.426661
vt 0.047106 0.427562
vt 0.049189 0.424211
vt 0.052325 0.434770
vt 0.045909 0.416305
vt 0.053727 0.422119
vt 0.053969 0.428259
vt 0.051803 0.420242
vt 0.046993 0.416581
vt 0.932350 0.229567
vt 0.937492 0.223550
vt 0.934438 0.229309
vt 0.848857 0.452777
vt 0.841845 0.453054
vt 0.847162 0.447250
vt 0.849571 0.460588
vt 0.840859 0.448764
vt 0.846066 0.443798
vt 0.842051 0.444594
vt 0.843707 0.442267
vt 0.091545 0.422799
vt 0.088830 0.415935
vt 0.092402 0.416521
vt 0.086517 0.416762
vt 0.084178 0.411516
vt 0.091991 0.406604
vt 0.089412 0.404192
vt 0.086478 0.402241
vt 0.082577 0.402489
vt 0.092597 0.419576
vt 0.092285 0.411621
vt 0.081497 0.205556
vt 0.081993 0.205397
vt 0.091821 0.403176
vt 0.861077 0.724562
vt 0.510844 0.120234
vt 0.510287 0.121855
vt 0.510799 0.118598
vt 0.246069 0.322290
vt 0.239762 0.327944
vt 0.246774 0.319240
vt 0.244460 0.320084
vt 0.238283 0.332060
vt 0.233713 0.333525
vt 0.232521 0.332534
vt 0.237970 0.325353
vt 0.233801 0.329673
vt 0.054142 0.435188
vt 0.054172 0.433929
vt 0.373793 0.748707
vt 0.378489 0.750696
vt 0.375788 0.748767
vt 0.367705 0.756140
vt 0.379154 0.757456
vt 0.376931 0.759871
vt 0.260093 0.915758
vt 0.260999 0.914309
vt 0.267634 0.916147
vt 0.395313 0.930429
vt 0.399979 0.929413
vt 0.398438 0.932373
vt 0.507882 0.835114
vt 0.503906 0.838135
vt 0.503881 0.837452
vt 0.505377 0.832257
vt 0.506587 0.824512
vt 0.504966 0.834876
vt 0.510945 0.830969
vt 0.508196 0.828996
vt 0.519955 0.834567
vt 0.511181 0.836951
vt 0.518385 0.832990
vt 0.509616 0.827872
vt 0.508528 0.825084
vt 0.514907 0.831404
vt 0.057812 0.309588
vt 0.059281 0.306408
vt 0.062347 0.309126
vt 0.058031 0.311737
vt 0.058126 0.314114
vt 0.060532 0.315436
vt 0.060620 0.320548
vt 0.064558 0.326727
vt 0.063218 0.326372
vt 0.065042 0.325261
vt 0.066447 0.321920
vt 0.066101 0.318902
vt 0.066931 0.308137
vt 0.070806 0.308875
vt 0.069652 0.315487
vt 0.071992 0.309771
vt 0.072604 0.310802
vt 0.069848 0.307567
vt 0.583148 0.803329
vt 0.584630 0.802338
vt 0.586758 0.802239
vt 0.590064 0.811755
vt 0.590718 0.813753
vt 0.584564 0.807670
vt 0.590553 0.805030
vt 0.590722 0.806833
vt 0.579208 0.809251
vt 0.577878 0.814389
vt 0.586195 0.816731
vt 0.588938 0.819094
vt 0.596170 0.818542
vt 0.590244 0.820455
vt 0.596270 0.816225
vt 0.020640 0.112657
vt 0.022648 0.109078
vt 0.024641 0.112114
vt 0.023340 0.115002
vt 0.019067 0.117409
vt 0.029338 0.118958
vt 0.029148 0.123679
vt 0.025120 0.125021
vt 0.030513 0.120865
vt 0.020958 0.122041
vt 0.739178 0.066639
vt 0.729810 0.167442
vt 0.728725 0.174073
vt 0.730230 0.178260
vt 0.721618 0.180439
vt 0.728971 0.179742
vt 0.730660 0.177036
vt 0.727301 0.183370
vt 0.828199 0.049206
vt 0.345994 0.618593
vt 0.347333 0.624310
vt 0.341189 0.617851
vt 0.347173 0.626752
vt 0.350501 0.629116
vt 0.351110 0.631359
vt 0.351384 0.638864
vt 0.350128 0.638348
vt 0.349661 0.639714
vt 0.291683 0.794731
vt 0.298043 0.797119
vt 0.288289 0.796133
vt 0.290700 0.793408
vt 0.301691 0.794308
vt 0.282112 0.792011
vt 0.289553 0.791287
vt 0.282111 0.794145
vt 0.300613 0.791435
vt 0.223278 0.339495
vt 0.208419 0.345760
vt 0.219168 0.345989
vt 0.207778 0.350445
vt 0.222686 0.344859
vt 0.211144 0.353999
vt 0.205263 0.371318
vt 0.198987 0.348063
vt 0.202413 0.350655
vt 0.201341 0.347441
vt 0.203355 0.349285
vt 0.205178 0.353166
vt 0.207252 0.362335
vt 0.204158 0.367997
vt 0.206896 0.370504
vt 0.202710 0.385308
vt 0.201262 0.387053
vt 0.200857 0.384568
vt 0.199182 0.385204
vt 0.909759 0.119086
vt 0.906126 0.120970
vt 0.908111 0.115176
vt 0.906054 0.118382
vt 0.904521 0.115105
vt 0.907495 0.111858
vt 0.905494 0.113456
vt 0.911871 0.113001
vt 0.913601 0.113488
vt 0.911849 0.119774
vt 0.914760 0.114633
vt 0.914792 0.117715
vt 0.254087 0.879023
vt 0.251357 0.880968
vt 0.255127 0.875869
vt 0.251895 0.872675
vt 0.249482 0.880013
vt 0.639335 0.630709
vt 0.633358 0.627868
vt 0.027800 0.116629
vt 0.029651 0.107004
vt 0.032507 0.117056
vt 0.030915 0.120298
vt 0.031738 0.119873
vt 0.669434 0.452393
vt 0.413223 0.760381
vt 0.409038 0.762488
vt 0.405343 0.754791
vt 0.418542 0.763993
vt 0.412118 0.757022
vt 0.418399 0.761049
vt 0.764773 0.077834
vt 0.757163 0.068055
vt 0.753660 0.067015
vt 0.766767 0.070066
vt 0.767475 0.074440
vt 0.480235 0.776597
vt 0.470133 0.776081
vt 0.471381 0.773101
vt 0.480676 0.771023
vt 0.447805 0.882872
vt 0.458671 0.879158
vt 0.451246 0.882363
vt 0.453626 0.879120
vt 0.450128 0.879524
vt 0.733199 0.649620
vt 0.729320 0.651291
vt 0.729506 0.632835
vt 0.743886 0.653842
vt 0.738378 0.654125
vt 0.749717 0.650184
vt 0.739986 0.657519
vt 0.741327 0.659424
vt 0.751192 0.662830
vt 0.751146 0.660258
vt 0.751725 0.656315
vt 0.753469 0.657350
vt 0.608839 0.928735
vt 0.604861 0.929685
vt 0.603221 0.927659
vt 0.127751 0.249604
vt 0.689058 0.744793
vt 0.687381 0.746149
vt 0.681067 0.748069
vt 0.688706 0.741140
vt 0.691658 0.739050
vt 0.688039 0.734658
vt 0.692770 0.736668
vt 0.694092 0.737793
vt 0.681785 0.738338
vt 0.682867 0.740196
vt 0.683933 0.730815
vt 0.681460 0.730709
vt 0.672935 0.738235
vt 0.675734 0.734639
vt 0.678987 0.738338
vt 0.672071 0.740483
vt 0.676644 0.743915
vt 0.667831 0.737991
vt 0.666729 0.740558
vt 0.670514 0.735381
vt 0.668245 0.736691
vt 0.667456 0.734241
vt 0.666400 0.734415
vt 0.647263 0.634488
vt 0.646879 0.636377
vt 0.646358 0.638853
vt 0.646029 0.639777
vt 0.645094 0.641860
vt 0.701889 0.315850
vt 0.681952 0.311182
vt 0.703826 0.296526
vt 0.668912 0.318093
vt 0.671287 0.317150
vt 0.675367 0.317806
vt 0.265548 0.883569
vt 0.268384 0.878470
vt 0.268567 0.881440
vt 0.268674 0.883424
vt 0.268537 0.886344
vt 0.268200 0.887939
vt 0.269308 0.885557
vt 0.269846 0.885083
vt 0.269977 0.884604
vt 0.264648 0.886802
vt 0.270034 0.889386
vt 0.729810 0.157329
vt 0.799516 0.062498
vt 0.796291 0.052133
vt 0.795659 0.045371
vt 0.806115 0.064180
vt 0.805368 0.054603
vt 0.799289 0.045193
vt 0.798457 0.040502
vt 0.794995 0.036404
vt 0.798332 0.030040
vt 0.796631 0.031250
vt 0.799484 0.032096
vt 0.800316 0.036197
vt 0.613094 0.710278
vt 0.618605 0.709678
vt 0.613388 0.708103
vt 0.615017 0.709423
vt 0.630704 0.708672
vt 0.621937 0.708639
vt 0.628773 0.708759
vt 0.635781 0.708364
vt 0.640939 0.708927
vt 0.639762 0.708311
vt 0.643129 0.709163
vt 0.644665 0.707541
vt 0.644287 0.709717
vt 0.893411 0.314731
vt 0.890845 0.318559
vt 0.892706 0.311637
vt 0.886594 0.309660
vt 0.892259 0.310601
vt 0.749965 0.891970
vt 0.746973 0.892636
vt 0.749773 0.890683
vt 0.743611 0.893776
vt 0.744341 0.892143
vt 0.744292 0.890088
vt 0.747327 0.887847
vt 0.749023 0.887939
vt 0.745978 0.887759
vt 0.743863 0.887395
vt 0.742459 0.888109
vt 0.745605 0.887451
vt 0.741658 0.886795
vt 0.746060 0.895887
vt 0.744414 0.896903
vt 0.915431 0.715201
vt 0.912665 0.715969
vt 0.914575 0.711336
vt 0.916196 0.714197
vt 0.913188 0.711575
vt 0.911581 0.711438
vt 0.912810 0.717176
vt 0.910428 0.718925
vt 0.908817 0.709854
vt 0.909178 0.711080
vt 0.910785 0.709282
vt 0.909200 0.708595
vt 0.247335 0.881779
vt 0.245958 0.879006
vt 0.249099 0.870874
vt 0.243293 0.872906
vt 0.244097 0.877445
vt 0.244915 0.879710
vt 0.033145 0.109525
vt 0.033788 0.114101
vt 0.031301 0.106010
vt 0.033937 0.114500
vt 0.934580 0.423989
vt 0.936146 0.429114
vt 0.934228 0.426423
vt 0.936335 0.422092
vt 0.934570 0.422852
vt 0.934814 0.422607
vt 0.934326 0.422607
vt 0.934814 0.422119
vt 0.935059 0.421875
vt 0.937584 0.426343
vt 0.948408 0.663573
vt 0.946019 0.664740
vt 0.946709 0.660472
vt 0.947510 0.666016
vt 0.945142 0.666009
vt 0.944503 0.662130
vt 0.043889 0.163288
vt 0.046069 0.162456
vt 0.049177 0.177579
vt 0.044904 0.178363
vt 0.042593 0.163982
vt 0.045541 0.179428
vt 0.041306 0.166200
vt 0.326055 0.618971
vt 0.319869 0.627855
vt 0.178022 0.893902
vt 0.178589 0.895154
vt 0.176231 0.893632
vt 0.174010 0.895090
vt 0.180954 0.897347
vt 0.178265 0.899048
vt 0.176758 0.901367
vt 0.172670 0.898563
vt 0.174679 0.896969
vt 0.583054 0.820358
vt 0.578756 0.819922
vt 0.937364 0.349659
vt 0.935048 0.348167
vt 0.935102 0.347849
vt 0.940519 0.347796
vt 0.935874 0.347268
vt 0.707149 0.347174
vt 0.705912 0.346332
vt 0.696571 0.331979
vt 0.699860 0.330796
vt 0.691324 0.318773
vt 0.683930 0.323658
vt 0.405543 0.845200
vt 0.399785 0.840748
vt 0.411095 0.838139
vt 0.413574 0.843687
vt 0.413703 0.839758
vt 0.947851 0.666334
vt 0.946127 0.667886
vt 0.024827 0.701279
vt 0.020516 0.702421
vt 0.023025 0.701086
vt 0.021965 0.700264
vt 0.018799 0.703371
vt 0.020158 0.706770
vt 0.019778 0.706291
vt 0.024581 0.714991
vt 0.020245 0.707809
vt 0.020632 0.714745
vt 0.950515 0.911815
vt 0.955872 0.913307
vt 0.950477 0.913450
vt 0.674975 0.731504
vt 0.968589 0.798094
vt 0.968572 0.799706
vt 0.967210 0.797653
vt 0.966625 0.796895
vt 0.965394 0.797895
vt 0.968447 0.800977
vt 0.966438 0.800423
vt 0.966612 0.802885
vt 0.965175 0.802200
vt 0.097083 0.936373
vt 0.092502 0.935241
vt 0.098442 0.934873
vt 0.883384 0.152579
vt 0.885720 0.150127
vt 0.889243 0.155904
vt 0.889684 0.152536
vt 0.885231 0.160274
vt 0.880958 0.153740
vt 0.910567 0.110537
vt 0.909912 0.109619
vt 0.909293 0.110483
vt 0.874808 0.037974
vt 0.878019 0.041363
vt 0.872645 0.038663
vt 0.871979 0.035588
vt 0.871791 0.036881
vt 0.354892 0.766731
vt 0.357673 0.766941
vt 0.353993 0.769369
vt 0.358838 0.770042
vt 0.358661 0.770905
vt 0.359412 0.775179
vt 0.696935 0.901663
vt 0.698730 0.902234
vt 0.697236 0.902763
vt 0.700281 0.907831
vt 0.695347 0.904950
vt 0.699004 0.909597
vt 0.693927 0.908660
vt 0.693877 0.909503
vt 0.179539 0.894656
vt 0.677571 0.069202
vt 0.675959 0.067300
vt 0.687080 0.061599
vt 0.679597 0.074033
vt 0.690902 0.069842
vt 0.866699 0.601074
vt 0.863994 0.601445
vt 0.867075 0.599343
vt 0.866699 0.598633
vt 0.866108 0.597935
vt 0.866455 0.597412
vt 0.865871 0.595713
vt 0.867799 0.591234
vt 0.867549 0.588278
vt 0.866364 0.588231
vt 0.860802 0.591911
vt 0.854295 0.601660
vt 0.859082 0.592215
vt 0.935631 0.345983
vt 0.938438 0.342472
vt 0.154495 0.884703
vt 0.153020 0.884472
vt 0.157046 0.885063
vt 0.154618 0.885913
vt 0.156982 0.886749
vt 0.153900 0.885941
vt 0.161634 0.888057
vt 0.163192 0.889126
vt 0.160002 0.892379
vt 0.161038 0.883553
vt 0.162906 0.883987
vt 0.152790 0.885447
vt 0.152665 0.883664
vt 0.790544 0.034453
vt 0.791257 0.041814
vt 0.788330 0.033936
vt 0.788278 0.032885
vt 0.702637 0.705811
vt 0.699042 0.705059
vt 0.701689 0.702332
vt 0.698205 0.703874
vt 0.396240 0.765538
vt 0.402994 0.765219
vt 0.401297 0.766068
vt 0.405677 0.765784
vt 0.407715 0.764404
vt 0.568725 0.882523
vt 0.570654 0.883045
vt 0.562788 0.880946
vt 0.570649 0.884255
vt 0.570007 0.884893
vt 0.569941 0.886285
vt 0.561280 0.883874
vt 0.562377 0.882472
vt 0.561342 0.880426
vt 0.863290 0.776498
vt 0.861533 0.786173
vt 0.861650 0.777418
vt 0.860804 0.776039
vt 0.876927 0.049059
vt 0.871999 0.043139
vt 0.873202 0.048145
vt 0.871338 0.040283
vt 0.889121 0.163192
vt 0.890923 0.160716
vt 0.899758 0.284846
vt 0.904469 0.284781
vt 0.904876 0.286087
vt 0.899414 0.283691
vt 0.901174 0.282676
vt 0.909045 0.286772
vt 0.906780 0.282733
vt 0.907538 0.287699
vt 0.708545 0.080672
vt 0.711236 0.069979
vt 0.715409 0.077758
vt 0.705532 0.072654
vt 0.683529 0.075454
vt 0.261754 0.928996
vt 0.262169 0.930739
vt 0.261230 0.930420
vt 0.261304 0.931701
vt 0.267650 0.925454
vt 0.267628 0.925866
vt 0.264225 0.925894
vt 0.261980 0.927735
vt 0.262105 0.924931
vt 0.263902 0.925144
vt 0.261394 0.926647
vt 0.935584 0.342711
vt 0.858647 0.602585
vt 0.863281 0.603027
vt 0.160758 0.472224
vt 0.164333 0.467274
vt 0.163553 0.470977
vt 0.163446 0.466812
vt 0.161193 0.466967
vt 0.160648 0.471600
vt 0.164181 0.463341
vt 0.161479 0.462026
vt 0.162381 0.460187
vt 0.162076 0.453280
vt 0.160477 0.441642
vt 0.163482 0.441330
vt 0.167212 0.454789
vt 0.165579 0.441918
vt 0.168197 0.454462
vt 0.055640 0.927095
vt 0.054767 0.930273
vt 0.054147 0.929060
vt 0.056603 0.929945
vt 0.059209 0.930908
vt 0.059106 0.930359
vt 0.060560 0.929960
vt 0.060791 0.930176
vt 0.061279 0.929932
vt 0.058887 0.927163
vt 0.963930 0.754899
vt 0.962969 0.757831
vt 0.960909 0.756776
vt 0.960785 0.755050
vt 0.960449 0.754113
vt 0.835148 0.908526
vt 0.835077 0.911787
vt 0.833001 0.903940
vt 0.830405 0.903749
vt 0.834165 0.902407
vt 0.829352 0.906514
vt 0.832581 0.911600
vt 0.827658 0.910034
vt 0.827263 0.908302
vt 0.091312 0.334549
vt 0.090332 0.339111
vt 0.085876 0.332943
vt 0.090306 0.325347
vt 0.093696 0.329403
vt 0.140849 0.755298
vt 0.142967 0.752857
vt 0.148089 0.761582
vt 0.145020 0.761625
vt 0.143201 0.760614
vt 0.142024 0.759758
vt 0.140795 0.757492
vt 0.159978 0.760013
vt 0.160388 0.762271
vt 0.145094 0.750908
vt 0.148634 0.751669
vt 0.148886 0.750427
vt 0.855718 0.117643
vt 0.855155 0.127998
vt 0.853757 0.127431
vt 0.855977 0.128619
vt 0.857476 0.121677
vt 0.855291 0.111979
vt 0.857989 0.127074
vt 0.857369 0.128435
vt 0.686587 0.051362
vt 0.812281 0.095275
vt 0.803572 0.103064
vt 0.812720 0.085246
vt 0.805473 0.109855
vt 0.800282 0.096184
vt 0.808000 0.083989
vt 0.800161 0.092130
vt 0.798357 0.089098
vt 0.801641 0.087316
vt 0.327648 0.639453
vt 0.342251 0.639964
vt 0.316627 0.639164
vt 0.306819 0.638553
vt 0.302018 0.638415
vt 0.301064 0.636338
vt 0.311671 0.626172
vt 0.303828 0.625918
vt 0.298239 0.639057
vt 0.298850 0.638331
vt 0.307872 0.622234
vt 0.731862 0.341031
vt 0.727131 0.309416
vt 0.730212 0.309270
vt 0.719320 0.299408
vt 0.721554 0.304168
vt 0.722351 0.341497
vt 0.718662 0.341561
vt 0.716282 0.299228
vt 0.724906 0.341439
vt 0.722491 0.296257
vt 0.726924 0.341415
vt 0.143335 0.556990
vt 0.140636 0.557358
vt 0.138131 0.533066
vt 0.136113 0.534155
vt 0.137641 0.552666
vt 0.142773 0.530068
vt 0.142889 0.539208
vt 0.140100 0.531734
vt 0.150662 0.528988
vt 0.154011 0.543170
vt 0.149183 0.529018
vt 0.152474 0.549465
vt 0.146423 0.528708
vt 0.144856 0.528160
vt 0.141297 0.529514
vt 0.974083 0.754285
vt 0.974340 0.751355
vt 0.975233 0.750641
vt 0.672557 0.745286
vt 0.673369 0.742742
vt 0.965507 0.651364
vt 0.964589 0.650029
vt 0.964876 0.647968
vt 0.966309 0.650682
vt 0.967529 0.647949
vt 0.966218 0.646768
vt 0.966064 0.646240
vt 0.967107 0.646644
vt 0.927540 0.730002
vt 0.929604 0.730207
vt 0.928223 0.730469
vt 0.929540 0.730469
vt 0.931028 0.730060
vt 0.935577 0.732053
vt 0.931408 0.730756
vt 0.934082 0.730225
vt 0.935138 0.732079
vt 0.965133 0.372845
vt 0.962277 0.374042
vt 0.963381 0.371314
vt 0.961408 0.374547
vt 0.962472 0.375945
vt 0.960938 0.376709
vt 0.962345 0.377121
vt 0.351344 0.773516
vt 0.358431 0.777325
vt 0.352620 0.776282
vt 0.349742 0.777746
vt 0.348991 0.776971
vt 0.343964 0.776968
vt 0.340784 0.777626
vt 0.343066 0.775674
vt 0.343927 0.775057
vt 0.831383 0.280474
vt 0.829374 0.283687
vt 0.817836 0.287027
vt 0.821455 0.281942
vt 0.830251 0.276681
vt 0.822659 0.278276
vt 0.828649 0.273017
vt 0.812906 0.275130
vt 0.822469 0.268898
vt 0.825332 0.270320
vt 0.817567 0.278494
vt 0.817510 0.281488
vt 0.814893 0.277779
vt 0.809549 0.272491
vt 0.807036 0.276334
vt 0.806050 0.274385
vt 0.801228 0.286195
vt 0.054545 0.943502
vt 0.052748 0.941823
vt 0.053848 0.940284
vt 0.058487 0.940074
vt 0.057942 0.943848
vt 0.059520 0.941584
vt 0.973367 0.130632
vt 0.976059 0.131452
vt 0.974021 0.133601
vt 0.972900 0.133543
vt 0.972656 0.133789
vt 0.972656 0.133789
vt 0.972656 0.133789
vt 0.378721 0.938701
vt 0.382913 0.937283
vt 0.378755 0.939663
vt 0.382976 0.940209
vt 0.378274 0.940437
vt 0.420479 0.963642
vt 0.417725 0.962402
vt 0.420559 0.961577
vt 0.421107 0.960122
vt 0.421875 0.962158
vt 0.968968 0.527078
vt 0.967751 0.524121
vt 0.969381 0.526496
vt 0.970398 0.527161
vt 0.972110 0.526358
vt 0.970642 0.522892
vt 0.143374 0.002934
vt 0.141871 0.005670
vt 0.139621 0.004164
vt 0.148684 0.006343
vt 0.145090 0.002446
vt 0.162676 0.005498
vt 0.146232 0.000965
vt 0.148936 0.001459
vt 0.301836 0.624062
vt 0.726792 0.617602
vt 0.730333 0.617477
vt 0.075985 0.793622
vt 0.078452 0.791752
vt 0.090015 0.791830
vt 0.083607 0.790436
vt 0.085289 0.793616
vt 0.073957 0.789717
vt 0.075342 0.788085
vt 0.070263 0.788316
vt 0.070918 0.792093
vt 0.257338 0.990506
vt 0.257302 0.991687
vt 0.256690 0.991531
vt 0.774292 0.987468
vt 0.774809 0.986807
vt 0.774869 0.987767
vt 0.230484 0.917390
vt 0.225820 0.919432
vt 0.223212 0.918179
vt 0.439150 0.975705
vt 0.439442 0.977047
vt 0.438346 0.978327
vt 0.438233 0.977881
vt 0.010456 0.793442
vt 0.009902 0.792236
vt 0.009076 0.792084
vt 0.001268 0.821585
vt 0.001465 0.821533
vt 0.001709 0.821533
vt 0.141037 0.753773
vt 0.355380 0.891350
vt 0.358506 0.891753
vt 0.358684 0.895230
vt 0.355616 0.894018
vt 0.356945 0.886448
vt 0.356615 0.887998
vt 0.354611 0.888373
vt 0.359166 0.889786
vt 0.364939 0.890566
vt 0.020264 0.011164
vt 0.019542 0.013130
vt 0.019426 0.002066
vt 0.020185 0.002345
vt 0.019483 0.001793
vt 0.020870 0.008219
vt 0.986127 0.378293
vt 0.987948 0.377750
vt 0.988801 0.378737
vt 0.931150 0.993406
vt 0.930939 0.994106
vt 0.930420 0.993485
vt 0.975098 0.383545
vt 0.975493 0.387416
vt 0.976110 0.384387
vt 0.975098 0.383545
vt 0.975098 0.383545
vt 0.976340 0.385106
vt 0.001565 0.366211
vt 0.001366 0.365967
vt 0.001465 0.365967
vt 0.856509 0.111969
vt 0.855830 0.110874
vt 0.028834 0.473487
vt 0.034663 0.459386
vt 0.033492 0.468207
vt 0.030277 0.467588
vt 0.034428 0.468993
vt 0.031258 0.474345
vt 0.279637 0.209179
vt 0.283005 0.206568
vt 0.283039 0.210666
vt 0.282492 0.217078
vt 0.270948 0.215809
vt 0.281278 0.223169
vt 0.284108 0.224088
vt 0.289007 0.223100
vt 0.306635 0.217970
vt 0.297118 0.216176
vt 0.316254 0.214876
vt 0.306708 0.211419
vt 0.144036 0.553936
vt 0.135796 0.542973
vt 0.949493 0.745804
vt 0.948793 0.746730
vt 0.950392 0.740001
vt 0.575375 0.895998
vt 0.565455 0.896693
vt 0.574118 0.895570
vt 0.574195 0.895185
vt 0.566353 0.895511
vt 0.041482 0.960574
vt 0.040021 0.960336
vt 0.043662 0.960314
vt 0.043949 0.960693
vt 0.416200 0.973435
vt 0.416691 0.973790
vt 0.416260 0.973389
vt 0.418034 0.973880
vt 0.416179 0.973353
vt 0.418518 0.974328
vt 0.939699 0.994137
vt 0.940037 0.993164
vt 0.940404 0.994136
vt 0.278553 0.036682
vt 0.292146 0.035374
vt 0.286131 0.037482
vt 0.285992 0.040161
vt 0.291269 0.038896
vt 0.295206 0.037892
vt 0.294705 0.039180
vt 0.292153 0.035631
vt 0.308996 0.039288
vt 0.292917 0.032566
vt 0.292016 0.033912
vt 0.291992 0.031982
vt 0.035820 0.460114
vt 0.036848 0.460272
vt 0.032834 0.459079
vt 0.741420 0.627606
vt 0.116464 0.907214
vt 0.112802 0.907458
vt 0.113889 0.904793
vt 0.120763 0.901771
vt 0.114838 0.902456
vt 0.115154 0.900872
vt 0.120621 0.906410
vt 0.211882 0.798098
vt 0.208896 0.796562
vt 0.211115 0.794791
vt 0.210393 0.800924
vt 0.202219 0.800237
vt 0.195707 0.799794
vt 0.194014 0.797135
vt 0.209092 0.793368
vt 0.207740 0.791553
vt 0.556882 0.985050
vt 0.556006 0.983909
vt 0.557617 0.983398
vt 0.735380 0.330260
vt 0.734213 0.340809
vt 0.732872 0.309232
vt 0.149541 0.008701
vt 0.255365 0.645994
vt 0.263285 0.645974
vt 0.262476 0.647985
vt 0.263108 0.644115
vt 0.263425 0.642586
vt 0.253509 0.644417
vt 0.255550 0.642352
vt 0.275308 0.645768
vt 0.274159 0.645171
vt 0.273471 0.642700
vt 0.285925 0.638998
vt 0.288509 0.641143
vt 0.287995 0.639299
vt 0.287806 0.645774
vt 0.274203 0.647140
vt 0.198940 0.392438
vt 0.317808 0.212413
vt 0.339226 0.211531
vt 0.335859 0.209741
vt 0.336703 0.214121
vt 0.335876 0.216898
vt 0.322399 0.217512
vt 0.435634 0.713278
vt 0.442607 0.722642
vt 0.432703 0.715191
vt 0.431877 0.730954
vt 0.430220 0.717240
vt 0.433844 0.720715
vt 0.445457 0.730242
vt 0.449154 0.728650
vt 0.440261 0.729534
vt 0.445811 0.732392
vt 0.448401 0.733174
vt 0.450195 0.732563
vt 0.216627 0.907137
vt 0.219084 0.906568
vt 0.209761 0.907699
vt 0.210213 0.910143
vt 0.216964 0.904719
vt 0.215627 0.904572
vt 0.209982 0.904333
vt 0.895958 0.466578
vt 0.898148 0.464337
vt 0.896788 0.465325
vt 0.895508 0.460234
vt 0.897433 0.455357
vt 0.897520 0.465227
vt 0.423361 0.728768
vt 0.438001 0.730812
vt 0.010393 0.518560
vt 0.009210 0.518104
vt 0.009993 0.517386
vt 0.963711 0.169177
vt 0.962384 0.171222
vt 0.958399 0.170653
vt 0.306142 0.038965
vt 0.312502 0.039378
vt 0.899096 0.466267
vt 0.255545 0.648084
vt 0.248369 0.647437
vt 0.237907 0.640957
vt 0.267588 0.641770
vt 0.014183 0.168946
vt 0.013901 0.167723
vt 0.014986 0.169208
vt 0.072800 0.787908
vt 0.071537 0.787665
vt 0.912842 0.989745
vt 0.912180 0.990687
vt 0.912364 0.989983
vt 0.499956 0.991743
vt 0.500237 0.991459
vt 0.501148 0.991733
vt 0.195414 0.794809
vt 0.193404 0.793990
vt 0.311387 0.039522
vt 0.313721 0.040283
vt 0.012512 0.431536
vt 0.011783 0.431873
vt 0.010921 0.431320
vt 0.812931 0.288902
vt 0.810588 0.288290
vt 0.807373 0.286865
vt 0.799847 0.285234
vt 0.797625 0.288182
vt 0.797755 0.285582
vt 0.173067 0.448864
vt 0.170320 0.441079
vt 0.734238 0.296776
vt 0.862780 0.986547
vt 0.862438 0.987061
vt 0.861389 0.986999
vt 0.552058 0.864682
vt 0.555043 0.867352
vt 0.556662 0.866668
vt 0.555274 0.865298
vt 0.558270 0.865688
vt 0.557531 0.856080
vt 0.554670 0.854770
vt 0.551806 0.856979
vt 0.551001 0.865585
vt 0.551282 0.857038
vt 0.552756 0.868136
vt 0.432889 0.912501
vt 0.441682 0.911590
vt 0.433889 0.912872
vt 0.435260 0.913434
vt 0.001465 0.772624
vt 0.001465 0.772949
vt 0.001465 0.772949
vt 0.630612 0.201843
vt 0.629337 0.216295
vt 0.626538 0.193998
vt 0.630004 0.191142
vt 0.635003 0.187595
vt 0.633789 0.205322
vt 0.633049 0.209498
vt 0.632240 0.218098
vt 0.625856 0.218647
vt 0.632557 0.220560
vt 0.630720 0.233391
vt 0.633054 0.222173
vt 0.632890 0.236037
vt 0.634465 0.236694
vt 0.634511 0.252155
vt 0.630677 0.252310
vt 0.628958 0.254944
vt 0.627481 0.249991
vt 0.628396 0.238679
vt 0.626841 0.227486
vt 0.744234 0.617419
vt 0.075384 0.447390
vt 0.073938 0.446300
vt 0.072535 0.439302
vt 0.074471 0.433903
vt 0.076433 0.448260
vt 0.077881 0.449951
vt 0.077905 0.447193
vt 0.076617 0.436431
vt 0.001667 0.866578
vt 0.001303 0.866699
vt 0.001384 0.866455
vt 0.273178 0.865887
vt 0.274612 0.861439
vt 0.273890 0.866315
vt 0.272750 0.861008
vt 0.268570 0.860465
vt 0.267554 0.867378
vt 0.264997 0.866255
vt 0.264843 0.862305
vt 0.263885 0.864789
vt 0.269269 0.869055
vt 0.277150 0.863742
vt 0.072523 0.280437
vt 0.079248 0.274506
vt 0.068607 0.289430
vt 0.066415 0.291051
vt 0.065491 0.287710
vt 0.078729 0.274232
vt 0.066582 0.284296
vt 0.199835 0.029553
vt 0.187183 0.030278
vt 0.196680 0.029018
vt 0.199259 0.024565
vt 0.206028 0.025350
vt 0.197288 0.027763
vt 0.205322 0.023926
vt 0.217063 0.024299
vt 0.207824 0.027186
vt 0.209213 0.028895
vt 0.218406 0.028287
vt 0.208070 0.029862
vt 0.217429 0.029662
vt 0.219698 0.025643
vt 0.183675 0.027690
vt 0.361985 0.216299
vt 0.361929 0.214093
vt 0.360197 0.210555
vt 0.361419 0.217703
vt 0.350856 0.218018
vt 0.099809 0.842465
vt 0.108580 0.838285
vt 0.102135 0.845786
vt 0.105246 0.836718
vt 0.106962 0.836696
vt 0.110820 0.839638
vt 0.114091 0.843170
vt 0.107017 0.847290
vt 0.114180 0.847313
vt 0.105372 0.850596
vt 0.103518 0.849826
vt 0.706362 0.361517
vt 0.714234 0.361647
vt 0.721032 0.355211
vt 0.721255 0.355494
vt 0.707806 0.362184
vt 0.708532 0.364649
vt 0.718518 0.375247
vt 0.710533 0.369430
vt 0.705794 0.366109
vt 0.716833 0.375229
vt 0.095996 0.650065
vt 0.096582 0.653144
vt 0.087777 0.660428
vt 0.095158 0.648099
vt 0.084075 0.669092
vt 0.094331 0.657417
vt 0.081627 0.665726
vt 0.082270 0.667783
vt 0.089244 0.663967
vt 0.370117 0.338867
vt 0.377555 0.342189
vt 0.370599 0.341629
vt 0.376243 0.355391
vt 0.393721 0.347956
vt 0.385484 0.345157
vt 0.386189 0.343208
vt 0.383578 0.344285
vt 0.691034 0.361802
vt 0.678782 0.359174
vt 0.678300 0.358063
vt 0.671447 0.360077
vt 0.676071 0.361362
vt 0.678297 0.362950
vt 0.781243 0.088388
vt 0.782107 0.069422
vt 0.784047 0.086578
vt 0.781398 0.078676
vt 0.782728 0.056166
vt 0.786285 0.071315
vt 0.785475 0.059417
vt 0.787615 0.068611
vt 0.785676 0.088114
vt 0.076109 0.434114
vt 0.066099 0.431375
vt 0.077527 0.429941
vt 0.065175 0.429248
vt 0.075423 0.430038
vt 0.069804 0.429649
vt 0.080929 0.428715
vt 0.063708 0.427498
vt 0.302234 0.627799
vt 0.300476 0.628137
vt 0.729246 0.524869
vt 0.723215 0.532345
vt 0.725444 0.522541
vt 0.719853 0.535002
vt 0.722213 0.519611
vt 0.727181 0.513453
vt 0.720142 0.506826
vt 0.721218 0.506104
vt 0.718506 0.505859
vt 0.719822 0.506626
vt 0.718118 0.517096
vt 0.717600 0.508731
vt 0.229822 0.759870
vt 0.221899 0.761815
vt 0.227889 0.758244
vt 0.236722 0.759677
vt 0.228314 0.761174
vt 0.236765 0.762139
vt 0.233519 0.762451
vt 0.239023 0.761181
vt 0.244385 0.760986
vt 0.238390 0.758600
vt 0.244535 0.758662
vt 0.242907 0.758326
vt 0.504588 0.217035
vt 0.496086 0.204728
vt 0.496094 0.200789
vt 0.493549 0.196044
vt 0.491780 0.144729
vt 0.541517 0.202647
vt 0.549116 0.154081
vt 0.483540 0.175014
vt 0.482935 0.159080
vt 0.068446 0.433622
vt 0.064697 0.431885
vt 0.228081 0.761969
vt 0.041660 0.373926
vt 0.046376 0.374501
vt 0.044026 0.376836
vt 0.047952 0.373402
vt 0.045809 0.364610
vt 0.048629 0.360979
vt 0.049270 0.361492
vt 0.040092 0.354775
vt 0.037581 0.355053
vt 0.046182 0.357170
vt 0.038928 0.365381
vt 0.038886 0.373392
vt 0.751191 0.241664
vt 0.747729 0.237114
vt 0.749092 0.221172
vt 0.751233 0.224760
vt 0.745456 0.235509
vt 0.746459 0.223106
vt 0.718296 0.376089
vt 0.718262 0.376465
vt 0.394775 0.344727
vt 0.400001 0.346595
vt 0.391553 0.381589
vt 0.443397 0.355734
vt 0.448092 0.403371
vt 0.487346 0.382028
vt 0.473698 0.350464
vt 0.491751 0.350254
vt 0.496146 0.350389
vt 0.495427 0.379338
vt 0.467908 0.352780
vt 0.503859 0.361093
vt 0.503270 0.382991
vt 0.079575 0.754804
vt 0.087966 0.757471
vt 0.089524 0.759692
vt 0.079484 0.756648
vt 0.078877 0.755162
vt 0.579569 0.177302
vt 0.580087 0.197628
vt 0.565156 0.197119
vt 0.581811 0.153688
vt 0.504572 0.133158
vt 0.712180 0.542760
vt 0.715119 0.543380
vt 0.715173 0.528684
vt 0.710993 0.542864
vt 0.707700 0.542023
vt 0.712015 0.545745
vt 0.709085 0.548320
vt 0.708189 0.545052
vt 0.387890 0.378006
vt 0.381428 0.369500
vt 0.486216 0.417042
vt 0.459866 0.422909
vt 0.433774 0.424415
vt 0.435631 0.743799
vt 0.427826 0.744765
vt 0.433982 0.742473
vt 0.427344 0.747088
vt 0.430091 0.741993
vt 0.437390 0.747976
vt 0.426887 0.749255
vt 0.428427 0.749819
vt 0.430181 0.749826
vt 0.426587 0.745134
vt 0.037351 0.272304
vt 0.039636 0.271779
vt 0.037842 0.274170
vt 0.037943 0.267400
vt 0.041162 0.259300
vt 0.042899 0.259260
vt 0.043677 0.260759
vt 0.041758 0.271393
vt 0.045229 0.259926
vt 0.040771 0.273193
vt 0.970947 0.599609
vt 0.972090 0.601371
vt 0.969794 0.602887
vt 0.736273 0.741558
vt 0.742363 0.740109
vt 0.744621 0.742309
vt 0.734192 0.742728
vt 0.749091 0.743973
vt 0.743990 0.744810
vt 0.751129 0.745567
vt 0.734723 0.740503
vt 0.734453 0.744305
vt 0.729811 0.745649
vt 0.725397 0.745217
vt 0.726421 0.745748
vt 0.727029 0.741219
vt 0.726107 0.739520
vt 0.750718 0.739653
vt 0.877425 0.299712
vt 0.873496 0.294918
vt 0.879969 0.299056
vt 0.876113 0.301771
vt 0.751567 0.213551
vt 0.745443 0.212786
vt 0.748619 0.198268
vt 0.748687 0.198250
vt 0.855120 0.201764
vt 0.856569 0.195240
vt 0.858286 0.210779
vt 0.855660 0.206429
vt 0.952828 0.345497
vt 0.951216 0.348801
vt 0.950277 0.347438
vt 0.035667 0.366700
vt 0.034715 0.357573
vt 0.888850 0.444179
vt 0.889259 0.440380
vt 0.891154 0.446177
vt 0.889568 0.433898
vt 0.891009 0.436515
vt 0.892151 0.445915
vt 0.893754 0.443358
vt 0.890913 0.433417
vt 0.023773 0.755928
vt 0.020982 0.767521
vt 0.020076 0.767217
vt 0.020202 0.753391
vt 0.019031 0.752979
vt 0.019531 0.751953
vt 0.022540 0.751556
vt 0.019251 0.764393
vt 0.025113 0.759643
vt 0.023622 0.765858
vt 0.614052 0.765162
vt 0.608439 0.770771
vt 0.617967 0.760963
vt 0.716831 0.543809
vt 0.376802 0.363308
vt 0.372858 0.360559
vt 0.907157 0.505703
vt 0.906258 0.496974
vt 0.907961 0.501703
vt 0.911267 0.501678
vt 0.910851 0.498704
vt 0.911603 0.500208
vt 0.908850 0.504114
vt 0.909922 0.497007
vt 0.328826 0.839009
vt 0.340388 0.843165
vt 0.338282 0.845677
vt 0.338857 0.850279
vt 0.338623 0.849365
vt 0.338980 0.850549
vt 0.618385 0.760749
vt 0.619080 0.761627
vt 0.618793 0.758259
vt 0.622693 0.756513
vt 0.621993 0.755014
vt 0.620124 0.753525
vt 0.621070 0.752761
vt 0.964959 0.741301
vt 0.961039 0.742463
vt 0.963297 0.738805
vt 0.964343 0.738989
vt 0.964319 0.737341
vt 0.964600 0.736816
vt 0.963421 0.736831
vt 0.962268 0.737927
vt 0.961304 0.737392
vt 0.013134 0.053371
vt 0.012272 0.055212
vt 0.012318 0.053312
vt 0.164712 0.383968
vt 0.163296 0.389790
vt 0.161610 0.388258
vt 0.166153 0.384269
vt 0.163600 0.403196
vt 0.167415 0.391224
vt 0.165672 0.402401
vt 0.161825 0.402029
vt 0.166877 0.397272
vt 0.166079 0.406362
vt 0.166222 0.412994
vt 0.164932 0.415274
vt 0.161369 0.412387
vt 0.868709 0.382106
vt 0.871462 0.376088
vt 0.873125 0.376390
vt 0.865095 0.385388
vt 0.864614 0.384956
vt 0.871486 0.374393
vt 0.869873 0.375488
vt 0.870441 0.374433
vt 0.222323 0.655046
vt 0.212671 0.655062
vt 0.218472 0.661654
vt 0.217254 0.661193
vt 0.214765 0.659982
vt 0.181566 0.654695
vt 0.212680 0.660961
vt 0.192534 0.657248
vt 0.190592 0.653110
vt 0.177173 0.652817
vt 0.113526 0.576472
vt 0.116669 0.595164
vt 0.114200 0.595045
vt 0.109884 0.591361
vt 0.108887 0.589600
vt 0.111279 0.580296
vt 0.050775 0.361918
vt 0.050437 0.367188
vt 0.052599 0.362037
vt 0.050960 0.359863
vt 0.878075 0.808248
vt 0.884062 0.814724
vt 0.880351 0.815700
vt 0.875973 0.808335
vt 0.875963 0.816913
vt 0.655267 0.357898
vt 0.659313 0.346038
vt 0.658138 0.361887
vt 0.659912 0.352783
vt 0.661018 0.346613
vt 0.660510 0.345140
vt 0.337111 0.846884
vt 0.328489 0.839321
vt 0.340520 0.840410
vt 0.238424 0.862586
vt 0.240617 0.856153
vt 0.247006 0.861152
vt 0.243831 0.856508
vt 0.245594 0.857143
vt 0.248557 0.859568
vt 0.881480 0.815664
vt 0.883017 0.820008
vt 0.879340 0.822154
vt 0.131829 0.649565
vt 0.117299 0.647666
vt 0.132433 0.647520
vt 0.117700 0.646122
vt 0.110221 0.650962
vt 0.113777 0.652263
vt 0.447875 0.795711
vt 0.446642 0.797939
vt 0.430655 0.791807
vt 0.445726 0.799278
vt 0.448242 0.794189
vt 0.441840 0.792591
vt 0.655557 0.379890
vt 0.652311 0.355990
vt 0.650963 0.357522
vt 0.653923 0.383125
vt 0.651403 0.384182
vt 0.653279 0.400030
vt 0.657990 0.384857
vt 0.239483 0.854287
vt 0.239614 0.851037
vt 0.241211 0.853271
vt 0.240826 0.851839
vt 0.875326 0.822180
vt 0.133362 0.651012
vt 0.132538 0.652092
vt 0.524549 0.076882
vt 0.524390 0.078973
vt 0.518061 0.074028
vt 0.521272 0.078740
vt 0.515976 0.074117
vt 0.511920 0.070364
vt 0.509905 0.067258
vt 0.509714 0.066888
vt 0.500418 0.061147
vt 0.502906 0.061829
vt 0.508900 0.064651
vt 0.503704 0.060009
vt 0.506628 0.061147
vt 0.517922 0.072185
vt 0.517715 0.070593
vt 0.524239 0.074574
vt 0.141485 0.877473
vt 0.142511 0.881064
vt 0.141402 0.884093
vt 0.140898 0.877185
vt 0.142351 0.876087
vt 0.019699 0.523197
vt 0.019526 0.536343
vt 0.021179 0.523329
vt 0.020035 0.522753
vt 0.022604 0.522463
vt 0.379985 0.392652
vt 0.376004 0.407500
vt 0.375103 0.392587
vt 0.401552 0.429011
vt 0.499984 0.002331
vt 0.488316 0.000989
vt 0.497499 0.001104
vt 0.489704 0.003455
vt 0.499403 0.003313
vt 0.490946 0.004684
vt 0.513094 0.001516
vt 0.517348 0.002182
vt 0.516079 0.000557
vt 0.509154 0.003082
vt 0.502705 0.004147
vt 0.500530 0.348508
vt 0.881037 0.105339
vt 0.879965 0.096975
vt 0.880994 0.096680
vt 0.882080 0.095947
vt 0.884271 0.096002
vt 0.882878 0.104545
vt 0.886253 0.095557
vt 0.115126 0.570715
vt 0.115613 0.582974
vt 0.112305 0.568959
vt 0.113164 0.570537
vt 0.657982 0.403047
vt 0.658914 0.400630
vt 0.655884 0.403549
vt 0.537139 0.747402
vt 0.540012 0.747232
vt 0.538725 0.749165
vt 0.547545 0.749588
vt 0.550812 0.751038
vt 0.547687 0.751777
vt 0.548179 0.752346
vt 0.540029 0.752336
vt 0.537003 0.750390
vt 0.527373 0.751549
vt 0.528183 0.752282
vt 0.527491 0.751893
vt 0.537156 0.752310
vt 0.526665 0.751633
vt 0.491981 0.053617
vt 0.491475 0.055027
vt 0.491058 0.056455
vt 0.496208 0.059875
vt 0.494276 0.053784
vt 0.497375 0.055986
vt 0.500757 0.058017
vt 0.384750 0.399151
vt 0.385950 0.381665
vt 0.387408 0.381994
vt 0.898222 0.196360
vt 0.896620 0.206195
vt 0.896916 0.197665
vt 0.750737 0.355698
vt 0.748176 0.353208
vt 0.749617 0.325718
vt 0.745406 0.352417
vt 0.747824 0.337113
vt 0.752148 0.346710
vt 0.745429 0.326487
vt 0.751738 0.331106
vt 0.921058 0.392441
vt 0.922918 0.394618
vt 0.922143 0.396726
vt 0.920190 0.396323
vt 0.372913 0.907629
vt 0.371945 0.913183
vt 0.371809 0.908833
vt 0.373514 0.911154
vt 0.370604 0.909522
vt 0.371439 0.905667
vt 0.372091 0.904584
vt 0.758376 0.726365
vt 0.754557 0.726820
vt 0.735932 0.727664
vt 0.733804 0.724889
vt 0.739657 0.730451
vt 0.734773 0.730244
vt 0.758216 0.727612
vt 0.758368 0.726526
vt 0.216569 0.653342
vt 0.500004 0.062807
vt 0.466809 0.719328
vt 0.466834 0.717795
vt 0.474414 0.715544
vt 0.476249 0.720053
vt 0.482699 0.721782
vt 0.489289 0.719053
vt 0.484165 0.720461
vt 0.484661 0.717665
vt 0.484195 0.721324
vt 0.485541 0.721191
vt 0.479671 0.714578
vt 0.484675 0.716068
vt 0.474141 0.713413
vt 0.474595 0.711701
vt 0.465726 0.720696
vt 0.469805 0.720887
vt 0.469190 0.721755
vt 0.520521 0.526840
vt 0.505644 0.523014
vt 0.508114 0.520809
vt 0.508777 0.520644
vt 0.500717 0.524934
vt 0.805758 0.426197
vt 0.805459 0.434480
vt 0.804803 0.440383
vt 0.803137 0.438454
vt 0.800992 0.436637
vt 0.798801 0.448265
vt 0.798058 0.455900
vt 0.797558 0.458980
vt 0.801818 0.460841
vt 0.806562 0.459697
vt 0.806152 0.452881
vt 0.806631 0.439265
vt 0.064144 0.691922
vt 0.062170 0.710790
vt 0.063337 0.691794
vt 0.061816 0.691545
vt 0.059680 0.711667
vt 0.059633 0.695562
vt 0.059635 0.700473
vt 0.059504 0.709037
vt 0.487950 0.720088
vt 0.492323 0.718270
vt 0.487889 0.716914
vt 0.917949 0.768500
vt 0.917158 0.766238
vt 0.919270 0.765280
vt 0.919236 0.761195
vt 0.917847 0.761518
vt 0.921628 0.760904
vt 0.921818 0.764791
vt 0.920488 0.766563
vt 0.617839 0.476453
vt 0.611773 0.479051
vt 0.608491 0.480290
vt 0.617897 0.475327
vt 0.609555 0.476334
vt 0.611113 0.475937
vt 0.602351 0.476464
vt 0.594666 0.477539
vt 0.594215 0.480058
vt 0.596343 0.482636
vt 0.577419 0.478792
vt 0.587874 0.477104
vt 0.576288 0.476290
vt 0.577687 0.481209
vt 0.026643 0.336657
vt 0.027368 0.336440
vt 0.038237 0.344090
vt 0.027204 0.338729
vt 0.036497 0.344868
vt 0.025287 0.340670
vt 0.608683 0.484274
vt 0.597480 0.485299
vt 0.269898 0.699473
vt 0.263078 0.701671
vt 0.258300 0.701071
vt 0.272483 0.702487
vt 0.286346 0.701629
vt 0.264464 0.697698
vt 0.259095 0.700102
vt 0.287073 0.695691
vt 0.282053 0.695408
vt 0.288741 0.698298
vt 0.289235 0.700904
vt 0.122976 0.674171
vt 0.123958 0.673441
vt 0.122811 0.687734
vt 0.125224 0.683433
vt 0.126117 0.663678
vt 0.131418 0.686332
vt 0.125256 0.664909
vt 0.128316 0.685349
vt 0.714499 0.272868
vt 0.710871 0.275912
vt 0.697521 0.274666
vt 0.712408 0.271762
vt 0.712998 0.277721
vt 0.695604 0.276292
vt 0.697843 0.277165
vt 0.689075 0.271766
vt 0.694067 0.272603
vt 0.682350 0.271931
vt 0.682768 0.275019
vt 0.682321 0.276603
vt 0.676636 0.273685
vt 0.673511 0.276883
vt 0.667754 0.272893
vt 0.668732 0.271777
vt 0.672783 0.271301
vt 0.737928 0.921341
vt 0.736012 0.918942
vt 0.740563 0.920520
vt 0.738482 0.918941
vt 0.740726 0.918778
vt 0.741211 0.918701
vt 0.738035 0.924068
vt 0.736932 0.922112
vt 0.738988 0.923877
vt 0.741791 0.923971
vt 0.742375 0.924006
vt 0.747901 0.311647
vt 0.744587 0.314281
vt 0.753239 0.313884
vt 0.089839 0.461634
vt 0.088761 0.440760
vt 0.091108 0.438616
vt 0.091543 0.461487
vt 0.093019 0.439499
vt 0.094499 0.443143
vt 0.092929 0.458765
vt 0.094272 0.460992
vt 0.549235 0.733363
vt 0.553965 0.734398
vt 0.548533 0.735223
vt 0.549853 0.733278
vt 0.557958 0.731921
vt 0.558375 0.732872
vt 0.177457 0.261698
vt 0.177158 0.249308
vt 0.178975 0.248920
vt 0.182979 0.264575
vt 0.181007 0.255764
vt 0.184695 0.249360
vt 0.180220 0.311681
vt 0.179850 0.285519
vt 0.182319 0.297269
vt 0.177002 0.303467
vt 0.176934 0.311728
vt 0.184024 0.295107
vt 0.183202 0.312798
vt 0.185007 0.299561
vt 0.636094 0.719617
vt 0.635618 0.724921
vt 0.633506 0.720631
vt 0.632243 0.735538
vt 0.638135 0.721197
vt 0.633536 0.736946
vt 0.636245 0.732566
vt 0.628381 0.741055
vt 0.632524 0.723765
vt 0.031663 0.443944
vt 0.032265 0.442778
vt 0.033447 0.443848
vt 0.565808 0.732717
vt 0.557240 0.735161
vt 0.566663 0.730105
vt 0.566604 0.734041
vt 0.566940 0.736992
vt 0.574128 0.732878
vt 0.575276 0.734636
vt 0.575017 0.731659
vt 0.573452 0.730766
vt 0.570875 0.730315
vt 0.732059 0.725751
vt 0.416456 0.776512
vt 0.418378 0.779547
vt 0.413835 0.791953
vt 0.414578 0.775315
vt 0.416175 0.792226
vt 0.418049 0.783866
vt 0.418696 0.792208
vt 0.417969 0.787842
vt 0.416632 0.794794
vt 0.461559 0.732339
vt 0.484339 0.738770
vt 0.478558 0.734592
vt 0.468693 0.735719
vt 0.465160 0.736821
vt 0.459958 0.734712
vt 0.571782 0.717997
vt 0.567290 0.717728
vt 0.568449 0.716511
vt 0.559869 0.717656
vt 0.561527 0.716357
vt 0.562742 0.719170
vt 0.550192 0.715631
vt 0.548917 0.719311
vt 0.561386 0.720420
vt 0.550211 0.721529
vt 0.550219 0.716597
vt 0.571597 0.720060
vt 0.566896 0.720380
vt 0.572715 0.720996
vt 0.572636 0.716450
vt 0.026640 0.271298
vt 0.020046 0.271544
vt 0.018940 0.271001
vt 0.043480 0.901304
vt 0.037923 0.901316
vt 0.042842 0.900066
vt 0.483128 0.133215
vt 0.177815 0.281267
vt 0.177237 0.279829
vt 0.177481 0.267111
vt 0.518983 0.000965
vt 0.798685 0.634362
vt 0.799129 0.624230
vt 0.801140 0.641541
vt 0.800763 0.632263
vt 0.795358 0.623473
vt 0.796271 0.623035
vt 0.797691 0.640257
vt 0.895965 0.124699
vt 0.893832 0.135179
vt 0.893360 0.132723
vt 0.893266 0.126158
vt 0.892308 0.128310
vt 0.891846 0.124756
vt 0.558662 0.480495
vt 0.576038 0.483426
vt 0.560493 0.481936
vt 0.558108 0.477776
vt 0.558022 0.476083
vt 0.570433 0.063074
vt 0.553146 0.059986
vt 0.571289 0.059814
vt 0.562278 0.064196
vt 0.553336 0.065864
vt 0.548091 0.063341
vt 0.550180 0.061216
vt 0.533803 0.062305
vt 0.533845 0.063756
vt 0.467865 0.525659
vt 0.499608 0.519404
vt 0.461197 0.528390
vt 0.449803 0.524841
vt 0.460635 0.523649
vt 0.460209 0.521750
vt 0.475046 0.521767
vt 0.829330 0.558060
vt 0.833077 0.569755
vt 0.830958 0.569277
vt 0.827712 0.561211
vt 0.818390 0.548534
vt 0.827081 0.570308
vt 0.820046 0.559939
vt 0.818181 0.555648
vt 0.819227 0.546984
vt 0.825153 0.552931
vt 0.886166 0.205076
vt 0.886475 0.204834
vt 0.886719 0.206053
vt 0.883643 0.207139
vt 0.885777 0.194481
vt 0.882976 0.199386
vt 0.882105 0.205230
vt 0.881479 0.201746
vt 0.881225 0.194412
vt 0.887200 0.195147
vt 0.882905 0.194471
vt 0.025106 0.827336
vt 0.023306 0.831509
vt 0.025263 0.826195
vt 0.766602 0.267090
vt 0.769154 0.275373
vt 0.766859 0.281630
vt 0.764004 0.268296
vt 0.765224 0.267533
vt 0.764477 0.285105
vt 0.771094 0.281514
vt 0.770271 0.299770
vt 0.762711 0.300642
vt 0.764140 0.299314
vt 0.767238 0.299049
vt 0.770346 0.311277
vt 0.246182 0.922964
vt 0.240769 0.922978
vt 0.247366 0.923235
vt 0.385976 0.430225
vt 0.386416 0.435464
vt 0.378498 0.433443
vt 0.383053 0.435415
vt 0.384747 0.434847
vt 0.672442 0.800670
vt 0.671226 0.797653
vt 0.683891 0.799642
vt 0.671123 0.796478
vt 0.682230 0.797095
vt 0.679690 0.794922
vt 0.687321 0.802275
vt 0.670468 0.803686
vt 0.669873 0.802023
vt 0.829968 0.573182
vt 0.799214 0.653416
vt 0.800916 0.653026
vt 0.796450 0.657476
vt 0.797132 0.645270
vt 0.796135 0.656056
vt 0.945967 0.601223
vt 0.942890 0.608011
vt 0.943938 0.605763
vt 0.669278 0.271395
vt 0.669178 0.277087
vt 0.147671 0.457449
vt 0.150153 0.464818
vt 0.149684 0.477751
vt 0.145883 0.461714
vt 0.147378 0.480601
vt 0.142844 0.467690
vt 0.146210 0.479585
vt 0.548254 0.714848
vt 0.547122 0.715860
vt 0.546567 0.720843
vt 0.545410 0.720510
vt 0.382966 0.044328
vt 0.393181 0.037090
vt 0.393907 0.038187
vt 0.405428 0.030466
vt 0.405664 0.027956
vt 0.406730 0.030667
vt 0.395287 0.039020
vt 0.408249 0.031564
vt 0.394642 0.041497
vt 0.384907 0.047089
vt 0.490317 0.841801
vt 0.491030 0.836729
vt 0.491165 0.848919
vt 0.493172 0.850932
vt 0.493062 0.840750
vt 0.494526 0.847775
vt 0.493714 0.835510
vt 0.200726 0.559316
vt 0.199272 0.562124
vt 0.199400 0.553955
vt 0.203143 0.546950
vt 0.205423 0.546029
vt 0.206296 0.562252
vt 0.200608 0.535615
vt 0.202572 0.524451
vt 0.204574 0.520912
vt 0.206475 0.534317
vt 0.207520 0.548828
vt 0.821681 0.517816
vt 0.822294 0.517249
vt 0.822510 0.516357
vt 0.823798 0.518589
vt 0.819734 0.519003
vt 0.412060 0.025523
vt 0.745905 0.009737
vt 0.754585 0.009010
vt 0.744344 0.007960
vt 0.738464 0.009860
vt 0.741455 0.013330
vt 0.735852 0.014599
vt 0.737007 0.006793
vt 0.734362 0.003393
vt 0.736816 0.000000
vt 0.737790 0.001951
vt 0.066818 0.242754
vt 0.071020 0.252036
vt 0.068264 0.246036
vt 0.067991 0.241910
vt 0.071773 0.249599
vt 0.074741 0.253402
vt 0.075402 0.260030
vt 0.075685 0.260919
vt 0.074995 0.261586
vt 0.074629 0.260068
vt 0.073329 0.250093
vt 0.176256 0.233512
vt 0.175580 0.232231
vt 0.176541 0.222699
vt 0.182329 0.218452
vt 0.179653 0.234628
vt 0.178931 0.228498
vt 0.178354 0.220945
vt 0.177819 0.212991
vt 0.178831 0.205285
vt 0.181571 0.210862
vt 0.401719 0.911893
vt 0.402567 0.912801
vt 0.399660 0.916805
vt 0.405100 0.912573
vt 0.404738 0.910986
vt 0.398938 0.911761
vt 0.397238 0.915935
vt 0.843010 0.239223
vt 0.852759 0.250924
vt 0.843529 0.240539
vt 0.844811 0.241489
vt 0.577305 0.677873
vt 0.574935 0.676262
vt 0.593250 0.677245
vt 0.595322 0.680120
vt 0.576622 0.679558
vt 0.598566 0.678343
vt 0.604004 0.674805
vt 0.604265 0.677111
vt 0.595413 0.675329
vt 0.577476 0.674972
vt 0.572532 0.680669
vt 0.570465 0.680924
vt 0.569092 0.680664
vt 0.569583 0.679744
vt 0.569943 0.675365
vt 0.410634 0.024068
vt 0.413395 0.026780
vt 0.414060 0.027452
vt 0.359626 0.737183
vt 0.365691 0.729905
vt 0.369113 0.731462
vt 0.346323 0.743064
vt 0.369179 0.733552
vt 0.365420 0.736795
vt 0.368081 0.739085
vt 0.355026 0.742312
vt 0.345034 0.741677
vt 0.608134 0.739922
vt 0.604550 0.737874
vt 0.611778 0.740467
vt 0.610917 0.739990
vt 0.597896 0.735908
vt 0.602386 0.740321
vt 0.592868 0.728694
vt 0.599606 0.733578
vt 0.588060 0.727947
vt 0.593626 0.731578
vt 0.597658 0.739018
vt 0.602082 0.742198
vt 0.607822 0.742310
vt 0.256154 0.528396
vt 0.251572 0.527229
vt 0.255450 0.522320
vt 0.267924 0.521384
vt 0.254669 0.520532
vt 0.268706 0.517249
vt 0.278669 0.514940
vt 0.294286 0.510008
vt 0.280887 0.518132
vt 0.292511 0.517827
vt 0.282764 0.519857
vt 0.306683 0.511020
vt 0.310266 0.511239
vt 0.322430 0.504122
vt 0.322828 0.505081
vt 0.309034 0.506476
vt 0.825618 0.517947
vt 0.834479 0.533186
vt 0.833367 0.534791
vt 0.830201 0.532286
vt 0.820933 0.522826
vt 0.828425 0.531394
vt 0.836219 0.542466
vt 0.837690 0.543619
vt 0.838419 0.542260
vt 0.835719 0.533533
vt 0.840257 0.540152
vt 0.502346 0.402553
vt 0.497271 0.408431
vt 0.572298 0.787205
vt 0.561853 0.798964
vt 0.563830 0.794523
vt 0.571455 0.791915
vt 0.567334 0.798046
vt 0.569553 0.797239
vt 0.266848 0.122401
vt 0.292267 0.121126
vt 0.298365 0.123307
vt 0.278610 0.125862
vt 0.274844 0.127760
vt 0.282490 0.127486
vt 0.258042 0.530543
vt 0.175549 0.314593
vt 0.175400 0.318775
vt 0.177039 0.320630
vt 0.178100 0.321409
vt 0.958986 0.235779
vt 0.959945 0.240725
vt 0.957703 0.241227
vt 0.961930 0.828447
vt 0.961137 0.826388
vt 0.966416 0.829144
vt 0.581956 0.156032
vt 0.563349 0.137374
vt 0.579774 0.141410
vt 0.583682 0.142856
vt 0.976121 0.373276
vt 0.974121 0.373291
vt 0.975818 0.371371
vt 0.428756 0.951442
vt 0.427862 0.946833
vt 0.429562 0.947076
vt 0.427002 0.946533
vt 0.426339 0.948482
vt 0.879773 0.401738
vt 0.868792 0.396402
vt 0.879798 0.401298
vt 0.878372 0.399686
vt 0.184449 0.203938
vt 0.182817 0.195685
vt 0.186274 0.200272
vt 0.180002 0.188832
vt 0.178287 0.197045
vt 0.177979 0.200195
vt 0.178255 0.189709
vt 0.180936 0.181219
vt 0.179343 0.180229
vt 0.183796 0.184835
vt 0.177005 0.166695
vt 0.177608 0.167457
vt 0.177800 0.168545
vt 0.176758 0.157213
vt 0.175781 0.158282
vt 0.799824 0.132319
vt 0.805415 0.134691
vt 0.800049 0.135986
vt 0.801735 0.137308
vt 0.819914 0.135246
vt 0.816564 0.137773
vt 0.817027 0.128313
vt 0.822696 0.127494
vt 0.822306 0.130625
vt 0.822224 0.126732
vt 0.819737 0.126305
vt 0.801214 0.129479
vt 0.713036 0.737574
vt 0.710168 0.744861
vt 0.706433 0.745781
vt 0.716217 0.743777
vt 0.711366 0.749847
vt 0.710721 0.747512
vt 0.813758 0.680743
vt 0.820593 0.671152
vt 0.819552 0.675708
vt 0.820824 0.665781
vt 0.807965 0.678163
vt 0.815733 0.668520
vt 0.819615 0.665538
vt 0.826072 0.652204
vt 0.825723 0.664285
vt 0.825867 0.652410
vt 0.825573 0.661837
vt 0.970422 0.662719
vt 0.970215 0.660156
vt 0.970800 0.662129
vt 0.200368 0.518877
vt 0.199701 0.522661
vt 0.205706 0.498919
vt 0.202392 0.510787
vt 0.206045 0.515438
vt 0.547386 0.943897
vt 0.545458 0.944213
vt 0.545726 0.942817
vt 0.589569 0.730864
vt 0.782768 0.601738
vt 0.782266 0.586466
vt 0.784082 0.596033
vt 0.787070 0.597107
vt 0.785810 0.600351
vt 0.784382 0.575466
vt 0.785414 0.567570
vt 0.786374 0.581010
vt 0.785877 0.574473
vt 0.782486 0.570845
vt 0.295669 0.126868
vt 0.317114 0.125292
vt 0.320414 0.126937
vt 0.318621 0.121042
vt 0.323771 0.123769
vt 0.340943 0.121170
vt 0.339046 0.125772
vt 0.331522 0.127245
vt 0.811614 0.628366
vt 0.811317 0.618606
vt 0.813178 0.638605
vt 0.814372 0.635233
vt 0.813538 0.614585
vt 0.815554 0.633855
vt 0.816795 0.643471
vt 0.815198 0.607767
vt 0.816248 0.614021
vt 0.812680 0.609054
vt 0.821775 0.133909
vt 0.831543 0.145996
vt 0.830960 0.141476
vt 0.832575 0.143531
vt 0.821204 0.138256
vt 0.831685 0.143623
vt 0.234941 0.783631
vt 0.234131 0.792155
vt 0.233122 0.781990
vt 0.232249 0.791258
vt 0.232214 0.782525
vt 0.230638 0.784061
vt 0.230325 0.792357
vt 0.230038 0.775087
vt 0.232433 0.772998
vt 0.234614 0.774917
vt 0.010618 0.459282
vt 0.009018 0.458489
vt 0.009808 0.459367
vt 0.905962 0.608181
vt 0.908915 0.606603
vt 0.904570 0.611795
vt 0.909647 0.607661
vt 0.909725 0.609188
vt 0.913574 0.605469
vt 0.912182 0.607804
vt 0.725227 0.012188
vt 0.116251 0.788784
vt 0.119337 0.790844
vt 0.102991 0.791907
vt 0.116153 0.793874
vt 0.106394 0.788352
vt 0.101232 0.789330
vt 0.117794 0.795986
vt 0.116589 0.797840
vt 0.352775 0.328572
vt 0.343153 0.348722
vt 0.338572 0.346350
vt 0.312107 0.317500
vt 0.329485 0.339758
vt 0.332031 0.345459
vt 0.314226 0.327756
vt 0.301002 0.325650
vt 0.301144 0.285109
vt 0.295948 0.290643
vt 0.288664 0.300457
vt 0.289482 0.290791
vt 0.293880 0.265849
vt 0.300626 0.257048
vt 0.308235 0.257393
vt 0.318226 0.265740
vt 0.296058 0.246755
vt 0.297056 0.235042
vt 0.294529 0.236001
vt 0.302568 0.234648
vt 0.296631 0.233398
vt 0.297119 0.232422
vt 0.297852 0.232729
vt 0.306840 0.235079
vt 0.300538 0.233102
vt 0.305470 0.232845
vt 0.310837 0.236543
vt 0.377597 0.951091
vt 0.381446 0.951612
vt 0.378456 0.954163
vt 0.580081 0.348827
vt 0.584916 0.350264
vt 0.578348 0.354943
vt 0.585684 0.356671
vt 0.581535 0.358115
vt 0.459037 0.967113
vt 0.458364 0.966029
vt 0.459699 0.966327
vt 0.459481 0.965411
vt 0.458496 0.965746
vt 0.591265 0.927486
vt 0.589038 0.931251
vt 0.587448 0.930274
vt 0.590310 0.932064
vt 0.590956 0.931804
vt 0.592223 0.925104
vt 0.588196 0.928401
vt 0.585452 0.928424
vt 0.969744 0.775396
vt 0.966321 0.776297
vt 0.966542 0.772576
vt 0.825624 0.652983
vt 0.839810 0.161324
vt 0.841271 0.164097
vt 0.829461 0.166778
vt 0.828205 0.164094
vt 0.834532 0.160386
vt 0.824666 0.175363
vt 0.826236 0.169929
vt 0.088392 0.970996
vt 0.090557 0.970258
vt 0.090322 0.969557
vt 0.089616 0.970897
vt 0.090332 0.968750
vt 0.090820 0.968994
vt 0.090809 0.972539
vt 0.701044 0.755532
vt 0.290018 0.658648
vt 0.290693 0.658475
vt 0.291895 0.659782
vt 0.291467 0.658299
vt 0.291997 0.657366
vt 0.295099 0.660146
vt 0.296428 0.657312
vt 0.295702 0.661104
vt 0.308154 0.659190
vt 0.308859 0.660646
vt 0.321929 0.660415
vt 0.316181 0.660823
vt 0.320072 0.658784
vt 0.336293 0.658677
vt 0.327456 0.657641
vt 0.337313 0.660766
vt 0.323957 0.656311
vt 0.337305 0.656142
vt 0.342006 0.659342
vt 0.341466 0.655946
vt 0.308951 0.656747
vt 0.162914 0.293216
vt 0.159990 0.305767
vt 0.160036 0.294671
vt 0.163127 0.308184
vt 0.164630 0.303178
vt 0.167491 0.294839
vt 0.166239 0.305480
vt 0.165947 0.279515
vt 0.165151 0.279118
vt 0.931769 0.022671
vt 0.930588 0.015140
vt 0.931958 0.013967
vt 0.209069 0.413191
vt 0.201498 0.412692
vt 0.213100 0.410547
vt 0.204750 0.412420
vt 0.206675 0.413771
vt 0.214901 0.405034
vt 0.254320 0.414718
vt 0.235315 0.424868
vt 0.252760 0.431569
vt 0.258095 0.444962
vt 0.635920 0.922920
vt 0.638950 0.926603
vt 0.635095 0.927506
vt 0.587163 0.448830
vt 0.560468 0.448221
vt 0.542756 0.428358
vt 0.517869 0.448461
vt 0.563285 0.458013
vt 0.545881 0.456960
vt 0.559006 0.462916
vt 0.533556 0.459945
vt 0.296420 0.656126
vt 0.867229 0.412659
vt 0.866424 0.421218
vt 0.867576 0.409834
vt 0.866408 0.409461
vt 0.907959 0.750244
vt 0.908376 0.745602
vt 0.908203 0.750244
vt 0.904893 0.750251
vt 0.904669 0.750016
vt 0.907226 0.743685
vt 0.908757 0.739627
vt 0.910468 0.742039
vt 0.912355 0.744632
vt 0.910566 0.749221
vt 0.913571 0.750787
vt 0.911133 0.750244
vt 0.911865 0.750977
vt 0.053225 0.445713
vt 0.052344 0.447633
vt 0.043633 0.447332
vt 0.178720 0.913224
vt 0.173013 0.913811
vt 0.171905 0.911635
vt 0.173764 0.911095
vt 0.100148 0.099502
vt 0.099609 0.096191
vt 0.103366 0.101788
vt 0.097490 0.098916
vt 0.102251 0.104433
vt 0.718560 0.099618
vt 0.729065 0.101346
vt 0.728154 0.104112
vt 0.722434 0.097495
vt 0.727930 0.099251
vt 0.722129 0.104346
vt 0.701570 0.099479
vt 0.720738 0.105470
vt 0.717837 0.106488
vt 0.692106 0.096888
vt 0.689644 0.094627
vt 0.699321 0.094584
vt 0.718953 0.095119
vt 0.723145 0.093506
vt 0.362343 0.309935
vt 0.373935 0.269023
vt 0.342425 0.276417
vt 0.340261 0.252086
vt 0.323920 0.245461
vt 0.331774 0.239014
vt 0.325340 0.236207
vt 0.330800 0.236721
vt 0.336651 0.237539
vt 0.358964 0.243754
vt 0.335938 0.236084
vt 0.336914 0.235352
vt 0.390831 0.245080
vt 0.384886 0.254066
vt 0.364362 0.245517
vt 0.368122 0.242357
vt 0.055877 0.558905
vt 0.052883 0.545637
vt 0.054974 0.548424
vt 0.053458 0.549770
vt 0.057466 0.558462
vt 0.056126 0.547783
vt 0.053925 0.554691
vt 0.054398 0.560904
vt 0.744618 0.140229
vt 0.743900 0.144295
vt 0.743164 0.141113
vt 0.745990 0.151969
vt 0.747516 0.145282
vt 0.750898 0.140384
vt 0.749559 0.157830
vt 0.747947 0.159939
vt 0.747760 0.178872
vt 0.745373 0.172697
vt 0.744629 0.157542
vt 0.236946 0.392041
vt 0.248435 0.401496
vt 0.245098 0.371688
vt 0.249512 0.373291
vt 0.251714 0.375005
vt 0.256408 0.425120
vt 0.960974 0.089406
vt 0.961682 0.093285
vt 0.960449 0.095167
vt 0.121903 0.806641
vt 0.119998 0.809180
vt 0.112538 0.809050
vt 0.116338 0.811908
vt 0.123205 0.811827
vt 0.118804 0.812761
vt 0.123295 0.809755
vt 0.107961 0.811880
vt 0.106038 0.810150
vt 0.105928 0.808214
vt 0.106610 0.807284
vt 0.111625 0.807506
vt 0.105483 0.102537
vt 0.109580 0.109617
vt 0.108821 0.110975
vt 0.111500 0.117134
vt 0.113832 0.118467
vt 0.112140 0.111237
vt 0.088894 0.171930
vt 0.089355 0.172791
vt 0.088867 0.173340
vt 0.088648 0.166634
vt 0.091493 0.172418
vt 0.088623 0.169434
vt 0.091175 0.165776
vt 0.089053 0.162392
vt 0.089857 0.157388
vt 0.091011 0.160180
vt 0.091900 0.164282
vt 0.092801 0.162405
vt 0.092763 0.156303
vt 0.091079 0.156068
vt 0.092984 0.149377
vt 0.088683 0.157142
vt 0.943848 0.951172
vt 0.940514 0.950576
vt 0.945284 0.949426
vt 0.976372 0.675986
vt 0.973754 0.678424
vt 0.975261 0.675792
vt 0.972965 0.676102
vt 0.028010 0.258828
vt 0.027344 0.259521
vt 0.029305 0.253794
vt 0.022739 0.253620
vt 0.021385 0.258188
vt 0.021379 0.255585
vt 0.028621 0.252049
vt 0.032695 0.248322
vt 0.372560 0.574246
vt 0.376167 0.575954
vt 0.343214 0.578809
vt 0.344004 0.580743
vt 0.359028 0.584293
vt 0.346492 0.583083
vt 0.362153 0.582190
vt 0.322149 0.582791
vt 0.321251 0.579984
vt 0.339520 0.576717
vt 0.321105 0.575375
vt 0.331368 0.575665
vt 0.317911 0.576237
vt 0.378758 0.584142
vt 0.379673 0.580496
vt 0.058427 0.558785
vt 0.072820 0.391183
vt 0.073325 0.393134
vt 0.069418 0.387747
vt 0.069857 0.389393
vt 0.061982 0.376829
vt 0.066378 0.382538
vt 0.068079 0.388544
vt 0.061443 0.377552
vt 0.359987 0.247215
vt 0.378120 0.262043
vt 0.562681 0.351908
vt 0.548095 0.352243
vt 0.551492 0.371145
vt 0.059840 0.377912
vt 0.918445 0.162799
vt 0.918496 0.153248
vt 0.919020 0.156158
vt 0.790247 0.667748
vt 0.797119 0.668945
vt 0.794827 0.670353
vt 0.795442 0.671632
vt 0.776148 0.669914
vt 0.784376 0.671434
vt 0.768498 0.667906
vt 0.331040 0.523859
vt 0.333206 0.528835
vt 0.307815 0.527660
vt 0.311077 0.535664
vt 0.342575 0.533403
vt 0.336117 0.542568
vt 0.341478 0.542660
vt 0.352635 0.543154
vt 0.339694 0.525392
vt 0.651096 0.588502
vt 0.649886 0.566419
vt 0.654263 0.567330
vt 0.650635 0.600830
vt 0.650660 0.598910
vt 0.654536 0.597856
vt 0.661739 0.585966
vt 0.661312 0.554760
vt 0.667570 0.583643
vt 0.666331 0.562764
vt 0.659665 0.542148
vt 0.089909 0.704957
vt 0.088387 0.702246
vt 0.087238 0.710393
vt 0.088797 0.702096
vt 0.089441 0.708638
vt 0.090913 0.711170
vt 0.091557 0.711801
vt 0.089060 0.690289
vt 0.090617 0.690661
vt 0.086624 0.692570
vt 0.087994 0.692956
vt 0.189807 0.158625
vt 0.194696 0.160419
vt 0.192051 0.165763
vt 0.202834 0.154280
vt 0.207394 0.149112
vt 0.191798 0.148506
vt 0.239625 0.131317
vt 0.222294 0.137658
vt 0.241904 0.127205
vt 0.206166 0.130738
vt 0.282764 0.543346
vt 0.303904 0.542678
vt 0.820035 0.797164
vt 0.814048 0.797949
vt 0.809525 0.796075
vt 0.808858 0.794865
vt 0.813291 0.794314
vt 0.820044 0.795194
vt 0.802161 0.796210
vt 0.805186 0.798318
vt 0.653976 0.907454
vt 0.654468 0.911699
vt 0.654874 0.910447
vt 0.744042 0.184709
vt 0.748488 0.186016
vt 0.750735 0.168433
vt 0.292380 0.893225
vt 0.286625 0.893557
vt 0.286899 0.892155
vt 0.288211 0.895005
vt 0.283940 0.894578
vt 0.281306 0.891746
vt 0.290179 0.891295
vt 0.285858 0.891074
vt 0.241102 0.684169
vt 0.229600 0.681507
vt 0.232578 0.680984
vt 0.233677 0.683962
vt 0.217939 0.676470
vt 0.220727 0.678558
vt 0.221498 0.680296
vt 0.217731 0.680262
vt 0.230855 0.684437
vt 0.357575 0.246744
vt 0.794082 0.810277
vt 0.786421 0.821612
vt 0.785890 0.807193
vt 0.781416 0.817932
vt 0.794268 0.817872
vt 0.790012 0.823682
vt 0.788862 0.806902
vt 0.780545 0.806410
vt 0.779681 0.807459
vt 0.777931 0.807721
vt 0.783436 0.807231
vt 0.517376 0.392539
vt 0.568586 0.398987
vt 0.513641 0.428199
vt 0.426485 0.855112
vt 0.433942 0.855785
vt 0.426864 0.856395
vt 0.436456 0.854467
vt 0.428012 0.854492
vt 0.436516 0.853324
vt 0.423208 0.854231
vt 0.427219 0.852988
vt 0.183383 0.346337
vt 0.180827 0.348017
vt 0.178410 0.336467
vt 0.178236 0.349082
vt 0.180501 0.364534
vt 0.177796 0.370221
vt 0.178515 0.388066
vt 0.180875 0.382230
vt 0.176863 0.406323
vt 0.176881 0.390434
vt 0.179901 0.405397
vt 0.175718 0.410464
vt 0.177490 0.411377
vt 0.179999 0.411443
vt 0.182083 0.410708
vt 0.182483 0.397992
vt 0.183190 0.406975
vt 0.183865 0.373738
vt 0.184233 0.378814
vt 0.258209 0.432467
vt 0.261600 0.438258
vt 0.471087 0.615502
vt 0.467692 0.618251
vt 0.460017 0.616698
vt 0.463564 0.614796
vt 0.473407 0.608969
vt 0.503706 0.598743
vt 0.489328 0.607414
vt 0.495668 0.610096
vt 0.487450 0.612973
vt 0.489585 0.610575
vt 0.509792 0.599810
vt 0.506226 0.596275
vt 0.510493 0.594188
vt 0.854799 0.532517
vt 0.853560 0.532704
vt 0.855255 0.529592
vt 0.853319 0.530983
vt 0.854248 0.530029
vt 0.859698 0.523443
vt 0.857640 0.531359
vt 0.861791 0.524224
vt 0.863900 0.520638
vt 0.057368 0.887079
vt 0.055803 0.886778
vt 0.063248 0.887492
vt 0.053995 0.887861
vt 0.058146 0.888229
vt 0.064403 0.888054
vt 0.669211 0.969267
vt 0.667249 0.970893
vt 0.667102 0.969314
vt 0.985155 0.670297
vt 0.984768 0.668217
vt 0.985698 0.667889
vt 0.764946 0.671110
vt 0.767510 0.672064
vt 0.761749 0.670075
vt 0.724358 0.886938
vt 0.728926 0.884766
vt 0.732573 0.891510
vt 0.180664 0.570801
vt 0.179754 0.572936
vt 0.182363 0.557306
vt 0.177702 0.561100
vt 0.179731 0.559287
vt 0.179415 0.534450
vt 0.175950 0.541165
vt 0.176261 0.554994
vt 0.720998 0.883371
vt 0.721613 0.880470
vt 0.728227 0.880296
vt 0.730210 0.881839
vt 0.275914 0.732161
vt 0.257314 0.728346
vt 0.267486 0.728179
vt 0.264249 0.734406
vt 0.968799 0.844484
vt 0.966946 0.844861
vt 0.966821 0.840157
vt 0.964878 0.843466
vt 0.184561 0.362514
vt 0.374041 0.187770
vt 0.346970 0.188475
vt 0.374077 0.185863
vt 0.353692 0.187094
vt 0.351977 0.190925
vt 0.373940 0.192060
vt 0.352647 0.194992
vt 0.374372 0.195277
vt 0.385548 0.187337
vt 0.385742 0.191406
vt 0.383897 0.185452
vt 0.385953 0.184337
vt 0.331893 0.193922
vt 0.335520 0.195387
vt 0.324943 0.190142
vt 0.314577 0.187493
vt 0.328191 0.186479
vt 0.317016 0.185608
vt 0.296973 0.188451
vt 0.315447 0.193709
vt 0.415863 0.048376
vt 0.413583 0.052346
vt 0.420181 0.045395
vt 0.407609 0.054551
vt 0.414531 0.049210
vt 0.410336 0.048354
vt 0.405504 0.051929
vt 0.398573 0.062391
vt 0.398586 0.060997
vt 0.392228 0.065453
vt 0.048558 0.024029
vt 0.047256 0.028158
vt 0.048365 0.021927
vt 0.047306 0.023627
vt 0.046625 0.030321
vt 0.045566 0.025301
vt 0.045378 0.039988
vt 0.044912 0.036642
vt 0.044665 0.041566
vt 0.047072 0.037561
vt 0.047951 0.035189
vt 0.048403 0.034737
vt 0.049277 0.039847
vt 0.047080 0.041772
vt 0.933851 0.332135
vt 0.928231 0.331319
vt 0.931892 0.331588
vt 0.935305 0.329512
vt 0.930359 0.330339
vt 0.933245 0.329250
vt 0.934884 0.330549
vt 0.927181 0.329797
vt 0.317276 0.001554
vt 0.321289 0.001709
vt 0.316196 0.003115
vt 0.311153 0.003855
vt 0.313095 0.004873
vt 0.306498 0.003996
vt 0.299097 0.001881
vt 0.294601 0.003009
vt 0.297121 0.005044
vt 0.150440 0.309508
vt 0.146360 0.310367
vt 0.136650 0.298770
vt 0.136473 0.302964
vt 0.150410 0.302946
vt 0.131709 0.294423
vt 0.129743 0.290047
vt 0.134314 0.289422
vt 0.144458 0.296893
vt 0.353037 0.926657
vt 0.351778 0.926553
vt 0.350342 0.921875
vt 0.352219 0.920529
vt 0.355846 0.926935
vt 0.357087 0.921537
vt 0.357903 0.924953
vt 0.832908 0.731268
vt 0.833253 0.734621
vt 0.828502 0.732498
vt 0.821760 0.733489
vt 0.825524 0.739603
vt 0.834637 0.736610
vt 0.829857 0.737379
vt 0.820606 0.738369
vt 0.815308 0.746154
vt 0.813040 0.739502
vt 0.818843 0.743056
vt 0.813471 0.733095
vt 0.813658 0.731613
vt 0.825811 0.731837
vt 0.779181 0.616398
vt 0.779925 0.631332
vt 0.778320 0.619629
vt 0.781537 0.616483
vt 0.783956 0.617248
vt 0.781896 0.634856
vt 0.784943 0.629563
vt 0.786074 0.645709
vt 0.780279 0.644534
vt 0.778630 0.632417
vt 0.783377 0.652825
vt 0.785247 0.654980
vt 0.787850 0.658513
vt 0.501570 0.597077
vt 0.507431 0.594012
vt 0.294167 0.000726
vt 0.119791 0.396862
vt 0.127313 0.394441
vt 0.122586 0.400280
vt 0.125366 0.391017
vt 0.126182 0.400466
vt 0.540571 0.347782
vt 0.528550 0.362282
vt 0.699463 0.879150
vt 0.701026 0.878019
vt 0.701219 0.879166
vt 0.698602 0.878213
vt 0.700992 0.878704
vt 0.709169 0.878420
vt 0.700969 0.878555
vt 0.064951 0.659531
vt 0.067505 0.654782
vt 0.068803 0.654117
vt 0.068499 0.656624
vt 0.076595 0.646889
vt 0.070257 0.656479
vt 0.068149 0.660365
vt 0.067346 0.659990
vt 0.130938 0.387904
vt 0.781688 0.655663
vt 0.981468 0.906235
vt 0.979453 0.906668
vt 0.980856 0.906693
vt 0.063448 0.822848
vt 0.061833 0.825517
vt 0.051992 0.826903
vt 0.060946 0.828102
vt 0.067374 0.828857
vt 0.067139 0.826660
vt 0.059532 0.820897
vt 0.067219 0.820630
vt 0.785816 0.627027
vt 0.030038 0.849577
vt 0.027786 0.846669
vt 0.035702 0.850265
vt 0.023565 0.846083
vt 0.180679 0.525527
vt 0.176811 0.524475
vt 0.178230 0.513276
vt 0.182625 0.524034
vt 0.180355 0.512304
vt 0.074508 0.647794
vt 0.077272 0.643008
vt 0.272588 0.736408
vt 0.267581 0.738743
vt 0.209107 0.675678
vt 0.208406 0.674542
vt 0.602539 0.897217
vt 0.606103 0.895153
vt 0.602360 0.900684
vt 0.274977 0.730135
vt 0.039313 0.848852
vt 0.031384 0.844873
vt 0.039062 0.849609
vt 0.299355 0.192324
vt 0.294781 0.194312
vt 0.294681 0.185450
vt 0.062087 0.671550
vt 0.076239 0.681066
vt 0.070972 0.679889
vt 0.080323 0.643516
vt 0.078202 0.643633
vt 0.391821 0.065946
vt 0.391235 0.066986
vt 0.835251 0.126459
vt 0.833676 0.120821
vt 0.844445 0.135683
vt 0.962244 0.401531
vt 0.961638 0.400529
vt 0.966513 0.401901
vt 0.150304 0.161155
vt 0.150425 0.147309
vt 0.151836 0.147671
vt 0.148757 0.147473
vt 0.151888 0.163318
vt 0.148799 0.162530
vt 0.147443 0.155930
vt 0.147212 0.162291
vt 0.151809 0.165820
vt 0.152689 0.145938
vt 0.152886 0.141023
vt 0.149505 0.140992
vt 0.150123 0.137607
vt 0.147431 0.140835
vt 0.105181 0.385040
vt 0.108287 0.380160
vt 0.116249 0.377181
vt 0.105020 0.386818
vt 0.105407 0.392933
vt 0.104486 0.395825
vt 0.102316 0.396240
vt 0.284600 0.189382
vt 0.285067 0.184936
vt 0.695016 0.945943
vt 0.694904 0.947471
vt 0.691897 0.950036
vt 0.902451 0.484607
vt 0.899360 0.481581
vt 0.902138 0.477879
vt 0.907332 0.483605
vt 0.907753 0.481457
vt 0.908786 0.480674
vt 0.906001 0.478185
vt 0.527641 0.346470
vt 0.265719 0.034307
vt 0.253462 0.028580
vt 0.260201 0.027238
vt 0.261888 0.036815
vt 0.253321 0.032114
vt 0.254434 0.038446
vt 0.237961 0.029204
vt 0.245035 0.034135
vt 0.232678 0.028684
vt 0.236439 0.025640
vt 0.239612 0.025288
vt 0.115437 0.379401
vt 0.103928 0.390124
vt 0.794652 0.814746
vt 0.908442 0.477792
vt 0.909304 0.478405
vt 0.787400 0.971265
vt 0.786739 0.973299
vt 0.785814 0.973162
vt 0.363384 0.968207
vt 0.362933 0.966997
vt 0.365397 0.969361
vt 0.365258 0.966088
vt 0.366486 0.965820
vt 0.366542 0.968374
vt 0.366588 0.967084
vt 0.773036 0.899116
vt 0.767662 0.901253
vt 0.773681 0.897766
vt 0.990479 0.398595
vt 0.989722 0.400903
vt 0.988600 0.399827
vt 0.703853 0.960734
vt 0.701272 0.960743
vt 0.701649 0.958862
vt 0.702192 0.957211
vt 0.705866 0.957962
vt 0.580469 0.874298
vt 0.576836 0.871244
vt 0.583658 0.869945
vt 0.860675 0.268642
vt 0.859717 0.268366
vt 0.864179 0.263287
vt 0.856389 0.272577
vt 0.864446 0.263483
vt 0.855178 0.276598
vt 0.854707 0.276611
vt 0.910867 0.138332
vt 0.906303 0.132617
vt 0.909426 0.132872
vt 0.177377 0.005637
vt 0.175589 0.002962
vt 0.198723 0.005027
vt 0.195686 0.002933
vt 0.197190 0.008125
vt 0.179044 0.001386
vt 0.769109 0.639191
vt 0.766219 0.627732
vt 0.767354 0.617875
vt 0.763574 0.627687
vt 0.766388 0.652985
vt 0.764125 0.643504
vt 0.769357 0.628266
vt 0.768878 0.618214
vt 0.910880 0.899181
vt 0.905249 0.900445
vt 0.907893 0.901980
vt 0.910156 0.900879
vt 0.910483 0.900487
vt 0.583614 0.867363
vt 0.586428 0.864742
vt 0.585803 0.869256
vt 0.886561 0.864950
vt 0.885862 0.865731
vt 0.886151 0.857947
vt 0.887392 0.864581
vt 0.886930 0.856540
vt 0.886084 0.857692
vt 0.886745 0.867728
vt 0.872384 0.475484
vt 0.870673 0.470441
vt 0.871763 0.469524
vt 0.872314 0.469721
vt 0.868610 0.476896
vt 0.869602 0.474253
vt 0.871474 0.482210
vt 0.768744 0.750166
vt 0.760990 0.741940
vt 0.761901 0.741897
vt 0.761149 0.741154
vt 0.768790 0.749311
vt 0.769447 0.750230
vt 0.778126 0.755608
vt 0.776813 0.753100
vt 0.781006 0.755318
vt 0.778854 0.757438
vt 0.778564 0.758301
vt 0.776919 0.757058
vt 0.771881 0.754476
vt 0.657763 0.617375
vt 0.647105 0.615790
vt 0.659629 0.616325
vt 0.659668 0.614531
vt 0.657747 0.610395
vt 0.643725 0.612335
vt 0.642439 0.610912
vt 0.645942 0.610059
vt 0.627502 0.615748
vt 0.640376 0.617037
vt 0.628374 0.616878
vt 0.621133 0.613691
vt 0.622139 0.610967
vt 0.606970 0.619356
vt 0.616032 0.618026
vt 0.605911 0.617912
vt 0.606781 0.611715
vt 0.606874 0.608691
vt 0.200590 0.000853
vt 0.193199 0.001193
vt 0.213655 0.121246
vt 0.240926 0.121118
vt 0.196451 0.828287
vt 0.188350 0.829246
vt 0.194393 0.828892
vt 0.188939 0.829729
vt 0.205149 0.828446
vt 0.204313 0.824622
vt 0.204556 0.823430
vt 0.204854 0.827912
vt 0.083953 0.846791
vt 0.085426 0.849203
vt 0.076660 0.847168
vt 0.075521 0.849892
vt 0.074187 0.849397
vt 0.083622 0.850079
vt 0.090079 0.850617
vt 0.079746 0.845621
vt 0.089524 0.845460
vt 0.172078 0.819154
vt 0.160889 0.817383
vt 0.173594 0.817765
vt 0.163955 0.820925
vt 0.175033 0.821286
vt 0.178972 0.821610
vt 0.165766 0.823063
vt 0.901244 0.902486
vt 0.745903 0.712775
vt 0.738404 0.712963
vt 0.738541 0.711675
vt 0.746294 0.712296
vt 0.741905 0.714538
vt 0.746400 0.715906
vt 0.738806 0.716282
vt 0.751651 0.714003
vt 0.760479 0.715508
vt 0.766602 0.716064
vt 0.768495 0.715977
vt 0.768508 0.715576
vt 0.762795 0.714101
vt 0.769499 0.714142
vt 0.768336 0.712635
vt 0.761125 0.713307
vt 0.760355 0.712049
vt 0.477420 0.070454
vt 0.468844 0.067979
vt 0.470445 0.067033
vt 0.475051 0.074051
vt 0.472866 0.075511
vt 0.454497 0.065767
vt 0.457016 0.069492
vt 0.443117 0.061747
vt 0.463301 0.068390
vt 0.456821 0.062709
vt 0.232236 0.026512
vt 0.229980 0.026855
vt 0.233854 0.031820
vt 0.508408 0.935144
vt 0.507348 0.935806
vt 0.502667 0.934959
vt 0.562593 0.938605
vt 0.560305 0.939008
vt 0.561006 0.937080
vt 0.559370 0.935054
vt 0.563103 0.935142
vt 0.656184 0.419276
vt 0.654071 0.415880
vt 0.656250 0.414062
vt 0.650790 0.415469
vt 0.651365 0.427906
vt 0.649517 0.419161
vt 0.649853 0.429588
vt 0.649986 0.442230
vt 0.651055 0.439611
vt 0.652426 0.437713
vt 0.652955 0.429744
vt 0.655119 0.429237
vt 0.654671 0.441499
vt 0.651259 0.452149
vt 0.653409 0.451760
vt 0.650144 0.453747
vt 0.655240 0.453168
vt 0.653771 0.461377
vt 0.650020 0.468840
vt 0.727541 0.027189
vt 0.726028 0.027183
vt 0.734008 0.027289
vt 0.730883 0.025182
vt 0.736309 0.026163
vt 0.737648 0.025406
vt 0.734163 0.028468
vt 0.727168 0.028023
vt 0.322316 0.674323
vt 0.322707 0.676713
vt 0.307766 0.676981
vt 0.306857 0.675124
vt 0.318839 0.678385
vt 0.320356 0.672788
vt 0.307199 0.670410
vt 0.302585 0.672420
vt 0.290856 0.676970
vt 0.290157 0.674299
vt 0.295751 0.678382
vt 0.291119 0.678966
vt 0.291517 0.670495
vt 0.649296 0.413684
vt 0.651636 0.415191
vt 0.915188 0.067402
vt 0.916689 0.066163
vt 0.913711 0.062831
vt 0.075975 0.159219
vt 0.078765 0.152631
vt 0.077007 0.151147
vt 0.078135 0.150036
vt 0.077701 0.162454
vt 0.078025 0.165007
vt 0.432373 0.868164
vt 0.436135 0.867741
vt 0.435727 0.869921
vt 0.443517 0.865660
vt 0.436388 0.871047
vt 0.438435 0.870685
vt 0.743876 0.028726
vt 0.745047 0.027072
vt 0.743339 0.025934
vt 0.737175 0.023865
vt 0.744291 0.024588
vt 0.751350 0.028614
vt 0.753944 0.029917
vt 0.758074 0.028281
vt 0.752572 0.026912
vt 0.754654 0.024625
vt 0.760009 0.024550
vt 0.757355 0.024197
vt 0.527320 0.460648
vt 0.517290 0.460180
vt 0.507872 0.456086
vt 0.503140 0.436943
vt 0.502075 0.447480
vt 0.078702 0.165786
vt 0.966316 0.723246
vt 0.965979 0.724809
vt 0.964457 0.723611
vt 0.967211 0.722860
vt 0.967529 0.723877
vt 0.963971 0.725763
vt 0.546469 0.001967
vt 0.550799 0.001125
vt 0.549720 0.001555
vt 0.555107 0.001213
vt 0.555548 0.001648
vt 0.557827 0.004430
vt 0.549921 0.002207
vt 0.544097 0.002118
vt 0.539254 0.001668
vt 0.534016 0.001634
vt 0.531487 0.001910
vt 0.532022 0.004020
vt 0.768363 0.654229
vt 0.769449 0.654799
vt 0.764705 0.655936
vt 0.502597 0.433668
vt 0.482803 0.971450
vt 0.482230 0.970434
vt 0.485711 0.970857
vt 0.985380 0.561790
vt 0.985910 0.561638
vt 0.985938 0.564649
vt 0.897902 0.963525
vt 0.900981 0.963340
vt 0.900639 0.964100
vt 0.075607 0.710199
vt 0.075351 0.715134
vt 0.074693 0.707639
vt 0.076158 0.710603
vt 0.075070 0.697760
vt 0.073963 0.699426
vt 0.076206 0.697304
vt 0.573769 0.929315
vt 0.575064 0.929538
vt 0.574549 0.932176
vt 0.574722 0.927948
vt 0.629224 0.829366
vt 0.629361 0.830245
vt 0.614206 0.828044
vt 0.614245 0.829866
vt 0.628820 0.827145
vt 0.629696 0.827856
vt 0.618764 0.826655
vt 0.614617 0.827163
vt 0.037643 0.505664
vt 0.035553 0.504577
vt 0.036334 0.504069
vt 0.472679 0.938908
vt 0.475873 0.935785
vt 0.475034 0.934530
vt 0.475681 0.934883
vt 0.473772 0.938393
vt 0.139332 0.797698
vt 0.133075 0.798860
vt 0.138427 0.800344
vt 0.148643 0.795874
vt 0.137202 0.799313
vt 0.149556 0.798071
vt 0.145811 0.799537
vt 0.148424 0.793977
vt 0.151417 0.792749
vt 0.215539 0.620952
vt 0.215566 0.620102
vt 0.213007 0.620674
vt 0.193846 0.614975
vt 0.214799 0.619425
vt 0.191471 0.612276
vt 0.194838 0.614038
vt 0.188111 0.616639
vt 0.186408 0.615456
vt 0.183434 0.606523
vt 0.174037 0.624336
vt 0.173502 0.624583
vt 0.176634 0.621920
vt 0.181755 0.601832
vt 0.175169 0.590058
vt 0.866274 0.494292
vt 0.866943 0.494385
vt 0.864698 0.498178
vt 0.863915 0.499291
vt 0.860969 0.507323
vt 0.864456 0.498585
vt 0.862074 0.509095
vt 0.863362 0.508578
vt 0.859944 0.509765
vt 0.859750 0.506934
vt 0.867329 0.494534
vt 0.867920 0.494141
vt 0.977360 0.643421
vt 0.976563 0.640623
vt 0.976845 0.639930
vt 0.975993 0.640007
vt 0.009927 0.640670
vt 0.010760 0.640494
vt 0.011657 0.641014
vt 0.009512 0.000727
vt 0.009386 0.000115
vt 0.010712 0.000503
vt 0.665011 0.026636
vt 0.665159 0.027612
vt 0.654979 0.026724
vt 0.650156 0.025401
vt 0.653409 0.025735
vt 0.665020 0.025538
vt 0.497897 0.075918
vt 0.500430 0.078049
vt 0.500739 0.078086
vt 0.501400 0.079933
vt 0.517096 0.096181
vt 0.517393 0.092480
vt 0.517801 0.098034
vt 0.523040 0.092026
vt 0.524984 0.090116
vt 0.520234 0.099161
vt 0.978544 0.041252
vt 0.979244 0.037863
vt 0.979960 0.037997
vt 0.682485 0.547583
vt 0.683085 0.531880
vt 0.684632 0.547850
vt 0.685943 0.538751
vt 0.980555 0.526527
vt 0.981480 0.523573
vt 0.983387 0.526611
vt 0.981445 0.522231
vt 0.036418 0.519109
vt 0.034342 0.504923
vt 0.035858 0.521833
vt 0.036485 0.522071
vt 0.037256 0.523347
vt 0.347344 0.719092
vt 0.345273 0.717764
vt 0.363227 0.717466
vt 0.367941 0.717296
vt 0.348471 0.715258
vt 0.358080 0.716989
vt 0.343929 0.716957
vt 0.497028 0.032137
vt 0.518407 0.028267
vt 0.510907 0.031305
vt 0.519255 0.031569
vt 0.502826 0.033364
vt 0.508251 0.028735
vt 0.493676 0.030361
vt 0.493075 0.028585
vt 0.495471 0.029212
vt 0.494283 0.033698
vt 0.484863 0.032471
vt 0.206249 0.810627
vt 0.190760 0.816014
vt 0.189721 0.815649
vt 0.195117 0.811580
vt 0.015103 0.847638
vt 0.014286 0.847737
vt 0.014321 0.846126
vt 0.188899 0.813474
vt 0.192871 0.811035
vt 0.681941 0.547953
vt 0.678190 0.528716
vt 0.680951 0.548143
vt 0.680516 0.530953
vt 0.677453 0.516139
vt 0.671959 0.505792
vt 0.676687 0.529764
vt 0.670579 0.513827
vt 0.672982 0.522704
vt 0.143764 0.982848
vt 0.143456 0.981897
vt 0.145211 0.982256
vt 0.040820 0.618817
vt 0.039721 0.619499
vt 0.040297 0.608068
vt 0.040702 0.626601
vt 0.042737 0.626917
vt 0.041855 0.617945
vt 0.043210 0.626651
vt 0.043095 0.622477
vt 0.043764 0.626998
vt 0.041692 0.607571
vt 0.042844 0.607270
vt 0.520424 0.033044
vt 0.512376 0.033808
vt 0.495244 0.449781
vt 0.642915 0.026311
vt 0.639355 0.026009
vt 0.632239 0.025073
vt 0.630306 0.027867
vt 0.631204 0.026373
vt 0.455906 0.661605
vt 0.462021 0.661115
vt 0.456124 0.665583
vt 0.460020 0.665954
vt 0.439859 0.663070
vt 0.436682 0.665769
vt 0.429152 0.667484
vt 0.417662 0.663220
vt 0.418265 0.662141
vt 0.416886 0.665438
vt 0.432387 0.669961
vt 0.420685 0.670816
vt 0.495605 0.980175
vt 0.494633 0.980170
vt 0.495053 0.977942
vt 0.992108 0.025870
vt 0.993597 0.027489
vt 0.991891 0.027779
vt 0.077322 0.376072
vt 0.080612 0.377961
vt 0.084282 0.385675
vt 0.086397 0.384268
vt 0.077534 0.372571
vt 0.083008 0.377529
vt 0.087454 0.383376
vt 0.088654 0.389536
vt 0.088087 0.392480
vt 0.462305 0.669435
vt 0.456471 0.671166
vt 0.450357 0.670392
vt 0.664908 0.980057
vt 0.663846 0.981999
vt 0.663572 0.980055
vt 0.061553 0.160941
vt 0.064325 0.166165
vt 0.061497 0.162603
vt 0.064122 0.169658
vt 0.066801 0.173442
vt 0.068204 0.179461
vt 0.065488 0.178268
vt 0.063344 0.170990
vt 0.064127 0.179716
vt 0.060145 0.167449
vt 0.060166 0.163882
vt 0.653302 0.725856
vt 0.653024 0.728136
vt 0.657577 0.723529
vt 0.654541 0.723551
vt 0.659580 0.723148
vt 0.673567 0.719518
vt 0.659379 0.722736
vt 0.655183 0.725903
vt 0.672549 0.720461
vt 0.674956 0.718428
vt 0.011309 0.615971
vt 0.010297 0.614573
vt 0.011847 0.614641
vt 0.012149 0.499006
vt 0.012694 0.497290
vt 0.013393 0.498743
vt 0.368089 0.718218
vt 0.521699 0.097017
vt 0.522486 0.109878
vt 0.521798 0.111744
vt 0.520508 0.111572
vt 0.651483 0.471939
vt 0.654574 0.468737
vt 0.656342 0.470509
vt 0.656419 0.463392
vt 0.000488 0.000488
vt 0.000596 0.000488
vt 0.000244 0.000488
vt 0.027058 0.169008
vt 0.029255 0.169097
vt 0.032160 0.180747
vt 0.024941 0.169405
vt 0.025678 0.174583
vt 0.762587 0.334452
vt 0.764889 0.336196
vt 0.762151 0.337159
vt 0.771667 0.347164
vt 0.765259 0.333826
vt 0.776641 0.351302
vt 0.782329 0.362866
vt 0.783368 0.362300
vt 0.769961 0.337465
vt 0.001465 0.802002
vt 0.001465 0.802002
vt 0.001465 0.802246
vt 0.042409 0.067568
vt 0.039205 0.069351
vt 0.040416 0.065279
vt 0.039173 0.060605
vt 0.038787 0.055633
vt 0.038270 0.051688
vt 0.040915 0.057590
vt 0.041093 0.054534
vt 0.038574 0.051025
vt 0.041683 0.052912
vt 0.043319 0.063434
vt 0.973912 0.171082
vt 0.976807 0.171875
vt 0.975152 0.172013
vt 0.973416 0.168801
vt 0.977462 0.169232
vt 0.975418 0.169997
vt 0.873142 0.656792
vt 0.871706 0.658182
vt 0.876567 0.651031
vt 0.871326 0.657972
vt 0.871460 0.655174
vt 0.870481 0.653564
vt 0.871296 0.651040
vt 0.876329 0.646819
vt 0.876776 0.647717
vt 0.812315 0.398347
vt 0.814072 0.395944
vt 0.810785 0.399175
vt 0.811523 0.398926
vt 0.814937 0.396423
vt 0.816895 0.397461
vt 0.822240 0.395904
vt 0.825281 0.391483
vt 0.823909 0.393553
vt 0.822191 0.391283
vt 0.838588 0.385874
vt 0.838962 0.386335
vt 0.839146 0.385860
vt 0.840569 0.384473
vt 0.819351 0.390530
vt 0.514227 0.859292
vt 0.510173 0.853318
vt 0.514520 0.858390
vt 0.513449 0.853347
vt 0.515056 0.857960
vt 0.510626 0.851237
vt 0.513595 0.850672
vt 0.512541 0.847698
vt 0.510483 0.847529
vt 0.509307 0.855409
vt 0.507501 0.852439
vt 0.509873 0.856410
vt 0.510498 0.856426
vt 0.510986 0.855957
vt 0.395974 0.940741
vt 0.394464 0.944067
vt 0.393674 0.943278
vt 0.398434 0.942687
vt 0.398110 0.941127
vt 0.944336 0.329102
vt 0.944598 0.328935
vt 0.945417 0.329661
vt 0.945801 0.331260
vt 0.947172 0.331256
vt 0.154297 0.864502
vt 0.155273 0.865234
vt 0.157093 0.868647
vt 0.158897 0.872789
vt 0.163087 0.872710
vt 0.154827 0.868439
vt 0.162898 0.873954
vt 0.154012 0.870204
vt 0.155071 0.869902
vt 0.954099 0.210852
vt 0.953233 0.205151
vt 0.955598 0.206239
vt 0.958519 0.684105
vt 0.963142 0.682715
vt 0.962793 0.685382
vt 0.868636 0.006580
vt 0.869280 0.006720
vt 0.868669 0.016420
vt 0.869820 0.007624
vt 0.869730 0.017919
vt 0.868171 0.017458
vt 0.868896 0.019287
vt 0.057246 0.794717
vt 0.055937 0.795765
vt 0.056098 0.789840
vt 0.060278 0.796943
vt 0.058707 0.791435
vt 0.060158 0.791155
vt 0.059872 0.797631
vt 0.057044 0.785300
vt 0.055385 0.787354
vt 0.056512 0.780121
vt 0.059195 0.779701
vt 0.060509 0.780573
vt 0.058495 0.777200
vt 0.869915 0.003678
vt 0.789896 0.848266
vt 0.776601 0.847177
vt 0.785611 0.846487
vt 0.775575 0.848788
vt 0.782046 0.848360
vt 0.785768 0.850252
vt 0.775140 0.849784
vt 0.775958 0.850581
vt 0.506374 0.850303
vt 0.505561 0.851067
vt 0.356201 0.998535
vt 0.356445 0.998535
vt 0.356201 0.998535
vt 0.121704 0.998413
vt 0.121826 0.998779
vt 0.121582 0.998535
vt 0.388770 0.852990
vt 0.383046 0.848274
vt 0.389499 0.851553
vt 0.387772 0.848525
vt 0.385945 0.851697
vt 0.383381 0.850194
vt 0.386600 0.846441
vt 0.384953 0.845683
vt 0.383517 0.844833
vt 0.379862 0.843110
vt 0.379020 0.843734
vt 0.378906 0.844727
vt 0.041449 0.554882
vt 0.042501 0.548503
vt 0.042176 0.556419
vt 0.043055 0.554696
vt 0.043086 0.543185
vt 0.040752 0.540565
vt 0.041508 0.538058
vt 0.042484 0.537114
vt 0.044216 0.539716
vt 0.599664 0.783604
vt 0.604219 0.783383
vt 0.593881 0.787750
vt 0.598022 0.783162
vt 0.590260 0.784011
vt 0.591116 0.785127
vt 0.592390 0.789355
vt 0.895609 0.877943
vt 0.892805 0.878521
vt 0.884582 0.879031
vt 0.896213 0.878899
vt 0.895831 0.879462
vt 0.890219 0.878558
vt 0.895752 0.879883
vt 0.884137 0.879825
vt 0.883432 0.880066
vt 0.932501 0.070650
vt 0.932872 0.078408
vt 0.931597 0.069959
vt 0.872577 0.765326
vt 0.874933 0.771149
vt 0.874122 0.774095
vt 0.874165 0.764738
vt 0.875209 0.764657
vt 0.876498 0.765886
vt 0.876598 0.767270
vt 0.875263 0.776878
vt 0.874312 0.776837
vt 0.881797 0.768292
vt 0.879957 0.766435
vt 0.086115 0.104210
vt 0.083903 0.105569
vt 0.080825 0.100623
vt 0.087475 0.105742
vt 0.088217 0.109240
vt 0.082865 0.106700
vt 0.843425 0.352742
vt 0.840101 0.343168
vt 0.841568 0.336217
vt 0.840088 0.341166
vt 0.843306 0.335769
vt 0.841997 0.340585
vt 0.843872 0.338143
vt 0.843276 0.335502
vt 0.841701 0.353793
vt 0.842929 0.352968
vt 0.099847 0.573030
vt 0.096470 0.572679
vt 0.098771 0.591865
vt 0.099299 0.584040
vt 0.951742 0.274383
vt 0.950439 0.274658
vt 0.953076 0.273400
vt 0.956897 0.274406
vt 0.950851 0.270155
vt 0.952092 0.268658
vt 0.051482 0.973978
vt 0.049396 0.973701
vt 0.050352 0.972821
vt 0.076412 0.899957
vt 0.076875 0.901212
vt 0.083979 0.902453
vt 0.084314 0.900515
vt 0.086117 0.902304
vt 0.076358 0.900418
vt 0.098125 0.571744
vt 0.101202 0.572257
vt 0.101623 0.570264
vt 0.010184 0.745334
vt 0.009395 0.744718
vt 0.009937 0.744239
vt 0.585167 0.783610
vt 0.586280 0.782634
vt 0.075304 0.094479
vt 0.082631 0.099394
vt 0.075624 0.092654
vt 0.074391 0.095527
vt 0.051615 0.848813
vt 0.050185 0.847952
vt 0.062157 0.847208
vt 0.056129 0.846945
vt 0.051577 0.845295
vt 0.987506 0.691229
vt 0.988408 0.689800
vt 0.989402 0.690524
vt 0.023669 0.504865
vt 0.023937 0.497475
vt 0.023609 0.511915
vt 0.022743 0.499459
vt 0.023182 0.497046
vt 0.576172 0.998535
vt 0.576172 0.998535
vt 0.576172 0.998535
vt 0.576172 0.998535
vt 0.576416 0.998535
vt 0.576416 0.998535
vt 0.910480 0.853625
vt 0.909424 0.852539
vt 0.408645 0.209372
vt 0.445190 0.261169
vt 0.442484 0.209108
vt 0.474338 0.218689
vt 0.465417 0.230637
vt 0.465970 0.294955
vt 0.614125 0.355332
vt 0.573511 0.228897
vt 0.560774 0.286380
vt 0.385943 0.540535
vt 0.562297 0.318833
vt 0.547614 0.621542
vt 0.481164 0.440798
vt 0.473509 0.433945
vt 0.485275 0.435102
vt 0.482134 0.466856
vt 0.386443 0.464288
vt 0.134511 0.982173
vt 0.132817 0.982151
vt 0.133725 0.980833
vt 0.494141 0.469482
vt 0.502382 0.474365
vt 0.505375 0.476650
vt 0.940786 0.277308
vt 0.932977 0.277631
vt 0.940381 0.276004
vt 0.942113 0.276123
vt 0.634409 0.813877
vt 0.001465 0.634033
vt 0.001465 0.633789
vt 0.001465 0.633789
vt 0.099878 0.913142
vt 0.095477 0.905698
vt 0.098103 0.903498
vt 0.100747 0.905342
vt 0.000488 0.264404
vt 0.000488 0.264404
vt 0.000488 0.264404
vt 0.000488 0.264404
vt 0.817986 0.097066
vt 0.810444 0.112081
vt 0.815841 0.621979
vt 0.585938 0.929932
vt 0.584961 0.930176
vn -0.8091 0.5798 -0.0959
vn 0.7767 -0.6291 0.0304
vn 0.4592 -0.3856 0.8003
vn -0.2540 0.6709 -0.6966
vn 0.3895 -0.7875 0.4776
vn 0.1970 -0.5092 0.8378
vn -0.5406 -0.4051 0.7373
vn 0.5253 -0.8171 -0.2373
vn -0.2497 0.9147 0.3177
vn -0.2329 -0.8585 0.4568
vn 0.1650 0.1948 0.9668
vn 0.6125 -0.5159 -0.5989
vn 0.0233 0.4070 0.9131
vn -0.1686 0.3356 0.9268
vn 0.2985 0.0900 -0.9501
vn 0.7392 0.6213 0.2599
vn 0.4110 -0.9112 -0.0297
vn -0.4977 0.6572 0.5659
vn -0.9174 -0.2858 -0.2770
vn -0.2542 0.7949 0.5509
vn 0.4205 -0.4575 0.7834
vn 0.6355 -0.0297 0.7715
vn -0.3470 0.1563 0.9247
vn -0.1224 0.8555 0.5032
vn -0.3012 -0.6361 0.7103
vn 0.8375 -0.0554 -0.5435
vn 0.2100 0.9498 0.2317
vn 0.0618 0.6073 -0.7920
vn 0.6077 0.7911 0.0689
vn -0.1154 0.9901 0.0793
vn 0.0968 0.0946 0.9908
vn 0.3734 -0.9021 0.2162
vn 0.4031 -0.7706 0.4936
vn -0.2898 -0.7734 0.5638
vn -0.8468 0.4345 -0.3068
vn -0.4360 -0.0705 0.8972
vn -0.4143 -0.7792 -0.4703
vn -0.0434 -0.9946 -0.0943
vn -0.3881 -0.2749 0.8797
vn 0.4141 -0.3537 -0.8386
vn -0.5154 -0.3262 0.7924
vn -0.2715 -0.9498 -0.1555
vn -0.2148 0.9174 0.3348
vn -0.2051 0.8690 -0.4501
vn 0.2439 0.9634 0.1106
vn 0.1346 -0.9909 -0.0002
vn 0.6533 -0.5050 0.5639
vn -0.4858 -0.8704 -0.0804
vn -0.1090 -0.9691 0.2212
vn 0.2725 0.4360 0.8577
vn -0.1138 -0.7849 0.6090
vn 0.9131 0.3934 0.1066
vn -0.8437 -0.2713 -0.4631
vn 0.6229 -0.3565 -0.6963
vn -0.3561 0.4618 0.8124
vn -0.3425 0.4672 0.8151
vn -0.3864 0.4614 0.7985
vn 0.4114 -0.1111 0.9047
vn -0.7494 0.3608 0.5551
vn -0.8634 -0.4034 0.3029
vn -0.6803 0.5502 -0.4842
vn -0.6503 0.7558 0.0771
vn 0.9205 -0.0483 0.3876
vn 0.5261 0.5571 0.6424
vn 0.1035 0.7322 0.6731
vn 0.3223 -0.5739 0.7528
vn 0.1095 0.9612 -0.2532
vn -0.0698 0.7509 -0.6566
vn 0.1356 0.9370 -0.3217
vn 0.4285 0.8386 -0.3363
vn 0.7874 -0.2959 0.5407
vn 0.3732 0.9242 -0.0805
vn 0.5035 0.7617 -0.4078
vn -0.9122 0.4010 -0.0839
vn 0.6059 -0.5189 0.6030
vn 0.0250 0.1296 -0.9912
vn 0.4203 0.8924 0.1644
vn 0.9929 -0.1186 -0.0071
vn -0.4281 0.5146 -0.7429
vn 0.2763 -0.9291 -0.2458
vn -0.3181 -0.9036 0.2869
vn 0.8141 -0.5410 0.2112
vn 0.9263 0.2040 0.3166
vn 0.5908 -0.2465 0.7682
vn 0.4621 0.8465 -0.2643
vn 0.8000 0.5712 -0.1839
vn -0.1875 0.8333 0.5201
vn -0.3197 0.1025 0.9419
vn 0.1000 0.9665 -0.2364
vn -0.0965 0.9951 -0.0226
vn -0.1035 0.9944 -0.0231
vn -0.1066 0.9940 -0.0226
vn -0.1543 0.6172 -0.7715
vn -0.2281 0.6082 -0.7603
vn -0.2096 0.5030 -0.8384
vn -0.6829 -0.5304 0.5022
vn 0.1149 0.6860 0.7184
vn 0.5797 -0.6201 0.5285
vn -0.5286 0.8448 0.0828
vn -0.6061 -0.7953 -0.0095
vn -0.1235 0.9921 0.0230
vn -0.8837 -0.4663 0.0402
vn 0.4714 0.7323 -0.4914
vn -0.0896 -0.9608 0.2621
vn -0.1038 -0.9551 0.2774
vn -0.0749 -0.9745 0.2112
vn 0.5282 0.1411 0.8373
vn 0.7684 -0.6152 -0.1759
vn 0.9152 -0.4010 -0.0388
vn -0.7794 0.5264 0.3398
vn -0.1563 0.2550 0.9542
vn 0.5670 -0.8191 0.0865
vn 0.3669 -0.7098 0.6012
vn 0.7337 -0.6500 -0.1979
vn 0.5784 0.6173 0.5332
vn 0.0643 0.9914 -0.1137
vn 0.8834 -0.3530 -0.3081
vn 0.2951 0.7781 -0.5544
vn -0.4708 0.1240 -0.8734
vn 0.7895 -0.4151 -0.4520
vn -0.0285 0.6321 0.7743
vn 0.0230 -0.3971 -0.9174
vn -0.1700 -0.9424 -0.2879
vn -0.4931 0.8336 0.2487
vn -0.0170 0.6607 -0.7505
vn -0.9979 -0.0385 -0.0514
vn -0.9977 -0.0299 -0.0598
vn -0.9974 -0.0396 -0.0595
vn -0.4086 -0.5410 0.7350
vn -0.8923 0.4272 -0.1458
vn -0.4590 0.5044 0.7313
vn -0.4049 -0.8685 0.2858
vn 0.7709 0.5397 0.3382
vn 0.3753 -0.8934 -0.2470
vn 0.4461 0.1881 -0.8750
vn 0.2492 0.9514 -0.1810
vn -0.8989 0.4342 0.0590
vn -0.2592 -0.2138 0.9418
vn 0.9209 -0.0501 -0.3865
vn 0.0743 -0.9747 -0.2106
vn 0.1952 0.7748 0.6013
vn -0.0561 0.9874 -0.1479
vn -0.5689 -0.5672 -0.5955
vn 0.3813 -0.2189 -0.8981
vn 0.6271 0.0079 0.7789
vn 0.3287 -0.9377 0.1125
vn -0.1001 0.9664 0.2366
vn -0.6395 0.0939 0.7630
vn 0.9520 -0.2546 0.1697
vn 0.2606 0.0827 0.9619
vn -0.2973 -0.3716 0.8795
vn 0.0954 0.9916 0.0871
vn -0.1491 -0.9100 -0.3867
vn -0.0626 0.9108 0.4080
vn 0.9949 0.0749 0.0672
vn 0.3805 -0.1040 0.9189
vn -0.1749 -0.9829 -0.0576
vn 0.4696 0.3579 0.8071
vn 0.2086 0.3507 -0.9130
vn -0.3943 0.9187 0.0221
vn 0.0947 0.0332 0.9949
vn 0.6117 0.2194 -0.7600
vn -0.8386 -0.0213 0.5443
vn -0.8333 0.4434 0.3301
vn 0.1663 0.9851 -0.0443
vn -0.3759 -0.5203 -0.7668
vn 0.2277 0.9733 0.0279
vn 0.7344 -0.6405 -0.2246
vn 0.0446 0.9950 0.0887
vn 0.3301 -0.1366 0.9340
vn -0.5057 -0.8589 0.0815
vn 0.0361 0.6803 0.7320
vn -0.7988 0.0781 0.5964
vn 0.5468 -0.8187 -0.1752
vn -0.0533 -0.2718 0.9608
vn 0.7771 0.6283 -0.0351
vn -0.2163 -0.0361 -0.9756
vn 0.2473 0.0570 0.9673
vn 0.9678 -0.1274 -0.2168
vn -0.4798 -0.4625 0.7455
vn -0.9872 -0.0089 0.1588
vn 0.6363 -0.5818 -0.5065
vn 0.3734 0.7214 0.5831
vn -0.9827 0.0557 0.1768
vn 0.1591 0.9263 0.3415
vn -0.2497 0.9621 -0.1097
vn -0.5107 0.7318 -0.4511
vn 0.3322 -0.5983 0.7291
vn -0.4796 -0.7096 0.5162
vn 0.7916 0.4613 0.4006
vn -0.1556 0.4605 0.8739
vn -0.4478 -0.7653 0.4624
vn -0.9814 0.1105 0.1572
vn 0.9812 0.1755 0.0805
vn -0.9522 -0.1801 -0.2467
vn -0.4373 0.8993 0.0067
vn -0.5744 -0.7713 0.2740
vn 0.9294 0.3615 0.0742
vn 0.5300 0.6865 -0.4978
vn 0.1380 0.9435 -0.3011
vn -0.6052 -0.6377 -0.4764
vn 0.7742 -0.1356 0.6182
vn 0.1214 0.3147 0.9414
vn 0.3199 -0.2888 -0.9023
vn -0.3634 0.4086 0.8372
vn 0.1401 -0.6650 0.7336
vn -0.4382 0.4565 0.7743
vn -0.4282 0.4566 0.7798
vn -0.4332 0.4490 0.7814
vn -0.4470 -0.2268 0.8653
vn 0.7133 -0.4796 0.5110
vn 0.7831 0.2168 0.5829
vn -0.7465 0.2842 0.6016
vn 0.0178 0.1001 0.9948
vn 0.2111 0.9584 0.1918
vn 0.7885 0.2727 0.5512
vn -0.2289 -0.9500 0.2123
vn 0.6624 0.5823 -0.4712
vn 0.5552 0.2971 0.7768
vn -0.3579 0.5631 -0.7448
vn -0.1281 -0.6133 -0.7794
vn -0.4360 -0.2160 0.8737
vn 0.2463 -0.0188 0.9690
vn 0.1298 0.4820 -0.8665
vn -0.5175 0.6890 0.5075
vn 0.9298 0.0341 -0.3664
vn 0.0029 0.5397 0.8418
vn -0.6591 0.1339 0.7400
vn -0.5278 0.4486 0.7212
vn -0.5324 0.4460 0.7194
vn -0.5334 0.4463 0.7185
vn 0.1489 -0.2733 0.9503
vn -0.6047 -0.7914 0.0892
vn -0.3651 -0.9129 0.1826
vn -0.5345 -0.8018 0.2673
vn 0.3971 -0.2877 0.8715
vn 0.0528 0.9686 0.2430
vn -0.7473 -0.4567 0.4827
vn 0.0824 0.8107 -0.5796
vn -0.0271 -0.7532 0.6572
vn 0.0356 0.6373 -0.7697
vn 0.0064 -0.2225 0.9749
vn 0.2034 -0.0145 0.9790
vn 0.7429 0.6343 0.2136
vn -0.4430 0.0996 -0.8910
vn -0.7562 0.2916 0.5857
vn 0.2640 0.5096 -0.8189
vn 0.1631 0.6787 0.7161
vn 0.8292 0.5465 -0.1175
vn 0.1306 0.8994 -0.4172
vn 0.1139 0.0889 -0.9895
vn 0.5918 -0.5703 0.5696
vn -0.3102 -0.0991 0.9455
vn -0.9777 0.1893 0.0911
vn -0.4109 0.8743 -0.2585
vn -0.9802 -0.0121 0.1974
vn -0.1099 0.1385 -0.9842
vn -0.4599 0.8457 -0.2705
vn -0.2700 0.3066 -0.9127
vn 0.9125 -0.2457 0.3270
vn -0.3725 0.9139 -0.1611
vn -0.5563 0.3223 0.7659
vn 0.3908 0.5021 0.7714
vn 0.4071 -0.2031 -0.8905
vn -0.0869 -0.9908 0.1041
vn 0.8648 0.4915 -0.1024
vn -0.2038 0.8850 0.4185
vn -0.1382 -0.1684 -0.9760
vn -0.2758 -0.9351 0.2222
vn 0.0839 0.2620 0.9614
vn 0.1371 0.3534 0.9253
vn 0.9447 0.1307 -0.3007
vn 0.9434 0.1353 -0.3025
vn 0.9501 0.1314 -0.2830
vn -0.8365 0.0369 -0.5466
vn -0.2165 -0.8044 0.5533
vn 0.7219 0.0767 -0.6877
vn 0.6230 0.6259 0.4691
vn -0.5065 0.8356 -0.2127
vn -0.4603 -0.1461 0.8756
vn -0.1174 -0.7954 0.5946
vn -0.8897 0.4122 0.1961
vn 0.9672 -0.0849 -0.2394
vn -0.0558 -0.7173 0.6945
vn -0.4384 -0.6601 0.6099
vn 0.7034 0.5593 0.4386
vn 0.0143 0.9998 0.0079
vn 0.5101 0.4601 -0.7267
vn 0.6770 -0.7143 0.1769
vn -0.7335 -0.3374 0.5900
vn -0.7280 -0.3630 0.5816
vn -0.7287 -0.3424 0.5930
vn -0.8252 0.3682 -0.4284
vn -0.2913 -0.2360 0.9270
vn 0.5707 0.1187 -0.8125
vn 0.9174 -0.3059 0.2543
vn 0.8154 0.4866 0.3135
vn 0.5751 0.0612 -0.8158
vn -0.5949 -0.4498 -0.6661
vn -0.3028 -0.6739 0.6738
vn -0.1366 -0.5379 0.8319
vn -0.1209 -0.5277 0.8408
vn -0.1281 -0.5336 0.8360
vn -0.5196 -0.6612 -0.5411
vn -0.6783 0.7066 0.2016
vn 0.5818 -0.1363 -0.8018
vn -0.3763 -0.5841 0.7192
vn 0.0976 -0.9726 -0.2109
vn 0.4916 0.2459 -0.8354
vn -0.3180 0.7163 0.6211
vn -0.4295 -0.9009 0.0624
vn 0.9025 -0.4255 0.0662
vn 0.2416 0.4053 0.8817
vn -0.5444 -0.7486 0.3782
vn -0.0352 -0.9861 -0.1624
vn 0.7400 -0.2698 -0.6160
vn 0.5142 0.8534 0.0856
vn -0.0642 0.6229 -0.7796
vn 0.8372 0.5384 -0.0955
vn 0.2405 0.6507 0.7202
vn -0.1171 0.1820 0.9763
vn 0.1789 -0.7931 -0.5821
vn -0.8548 -0.3412 0.3910
vn 0.6373 0.4143 -0.6498
vn 0.2269 0.0446 0.9729
vn -0.2344 -0.9671 0.0985
vn 0.9507 0.2641 -0.1625
vn -0.7607 -0.2101 -0.6142
vn 0.9897 0.0631 -0.1282
vn -0.0517 0.9398 -0.3376
vn -0.0292 0.9359 -0.3509
vn 0.1408 0.2541 -0.9568
vn 0.0785 -0.4144 -0.9067
vn 0.3095 0.7305 0.6088
vn 0.1125 0.8826 0.4565
vn 0.1475 -0.2965 -0.9435
vn 0.0072 -0.8918 0.4523
vn -0.7805 0.2114 -0.5882
vn 0.3281 -0.0523 -0.9432
vn 0.5614 -0.1854 0.8065
vn -0.6085 0.5445 0.5772
vn 0.2268 -0.8754 0.4269
vn -0.8150 -0.4711 0.3375
vn -0.6280 -0.2563 -0.7347
vn 0.4726 -0.5422 -0.6947
vn 0.0774 0.2489 0.9654
vn 0.4420 -0.6711 -0.5951
vn 0.8680 -0.3156 0.3833
vn -0.9959 -0.0468 0.0776
vn -0.4713 -0.7580 0.4509
vn 0.6770 -0.3923 0.6227
vn -0.4348 0.3842 0.8144
vn -0.3634 -0.9096 -0.2014
vn -0.1538 -0.8957 0.4171
vn 0.5989 0.6052 -0.5245
vn -0.6713 0.3660 -0.6445
vn -0.9789 -0.1169 -0.1676
vn -0.1714 0.4278 -0.8874
vn 0.6472 -0.6428 -0.4097
vn 0.5398 -0.8168 0.2033
vn -0.8607 -0.4572 0.2242
vn 0.7840 0.5951 0.1766
vn -0.3150 0.9311 0.1839
vn -0.0720 -0.1741 0.9821
vn -0.8488 0.1353 0.5110
vn -0.4131 0.3882 0.8238
vn -0.0366 -0.9937 0.1060
vn -0.2282 -0.6608 0.7150
vn -0.2380 -0.7283 0.6425
vn 0.5614 -0.8228 0.0884
vn 0.4987 0.5141 -0.6978
vn -0.2496 -0.4682 -0.8476
vn -0.6825 -0.5604 0.4692
vn -0.8048 0.4636 -0.3704
vn 0.8105 -0.1256 0.5721
vn 0.1441 -0.7273 -0.6709
vn 0.1738 0.9847 -0.0072
vn 0.1888 0.9819 -0.0094
vn 0.2026 0.9792 -0.0084
vn 0.9795 -0.1896 0.0685
vn -0.6424 0.7410 -0.1955
vn 0.1567 0.7649 0.6248
vn -0.0014 0.6362 -0.7715
vn 0.8469 -0.2331 0.4778
vn 0.2503 0.2275 -0.9410
vn 0.6066 0.1639 0.7779
vn 0.9561 -0.0855 -0.2801
vn 0.2751 0.9150 -0.2950
vn -0.3267 -0.6188 0.7143
vn 0.0705 -0.9318 -0.3560
vn -0.9671 -0.0111 -0.2539
vn 0.8850 0.3844 0.2628
vn 0.1335 -0.1948 -0.9717
vn -0.2763 -0.3298 0.9027
vn -0.4011 0.2637 -0.8772
vn -0.1320 0.1455 -0.9805
vn 0.1570 -0.6115 0.7755
vn 0.6346 -0.7719 0.0377
vn 0.0130 -0.0641 -0.9978
vn 0.6531 -0.5299 -0.5410
vn 0.8532 -0.2694 0.4465
vn -0.7935 0.3696 -0.4835
vn -0.7011 0.6908 -0.1769
vn 0.2519 0.0794 -0.9645
vn 0.7806 -0.0973 0.6174
vn -0.1272 -0.1509 0.9803
vn -0.3775 0.8273 -0.4160
vn -0.2316 0.1615 -0.9593
vn -0.0315 -0.3030 -0.9525
vn 0.3041 -0.9059 0.2946
vn -0.8728 0.4861 0.0439
vn -0.5937 -0.7512 0.2885
vn -0.9863 -0.1384 -0.0897
vn -0.0537 -0.9505 -0.3060
vn -0.3691 0.9227 0.1115
vn -0.3051 0.9459 0.1106
vn -0.3538 0.9287 0.1105
vn 0.6914 -0.4497 0.5654
vn -0.2836 -0.5234 0.8035
vn 0.0842 -0.1225 0.9889
vn 0.3840 0.6871 -0.6168
vn 0.0983 0.2898 -0.9520
vn -0.1618 -0.6425 -0.7490
vn 0.0881 0.9775 0.1916
vn 0.2268 -0.0203 0.9737
vn -0.0879 -0.2429 0.9660
vn -0.6890 0.7066 -0.1614
vn 0.7555 0.6200 0.2113
vn 0.3613 -0.5245 0.7709
vn 0.0334 -0.1742 -0.9841
vn 0.2287 -0.7287 -0.6455
vn -0.0447 -0.2920 -0.9554
vn 0.0626 0.8476 -0.5270
vn -0.1286 0.2026 0.9708
vn -0.1938 0.8434 -0.5010
vn 0.0898 0.2364 0.9675
vn -0.1686 0.0777 0.9826
vn 0.0116 -0.1094 0.9939
vn 0.0000 0.0000 1.0000
vn 0.2079 0.6035 -0.7697
vn -0.1955 -0.5880 -0.7848
vn -0.1249 -0.3069 0.9435
vn 0.4987 0.2677 -0.8244
vn -0.2597 0.1458 0.9546
vn -0.1462 0.0244 -0.9889
vn 0.0114 0.7825 -0.6225
vn 0.3916 -0.5935 -0.7031
vn -0.1907 -0.7703 -0.6085
vn 0.0155 0.4193 0.9077
vn 0.4115 -0.9018 -0.1316
vn -0.2262 0.3377 -0.9137
vn -0.1557 -0.2477 0.9562
vn -0.3000 0.6721 0.6769
vn -0.3005 0.6744 0.6744
vn -0.3021 0.6718 0.6763
vn -0.6631 0.0569 0.7464
vn -0.2622 -0.7150 -0.6480
vn 0.3717 -0.8187 -0.4377
vn -0.3135 0.5296 0.7881
vn 0.3095 -0.4183 0.8539
vn 0.3799 -0.1066 -0.9189
vn 0.3538 0.5654 -0.7450
vn -0.1341 -0.0243 -0.9907
vn 0.2013 0.3229 -0.9247
vn 0.0085 -0.9999 0.0064
vn 0.1100 0.8353 -0.5386
vn 0.0305 0.1939 0.9805
vn -0.2013 -0.0068 0.9795
vn -0.1675 0.5498 -0.8183
vn -0.3419 0.2886 -0.8943
vn -0.2138 -0.3630 0.9069
vn -0.9868 0.1565 -0.0416
vn 0.9270 -0.0825 -0.3659
vn 0.0020 0.0468 0.9989
vn 0.7850 -0.6128 -0.0901
vn -0.0506 -0.5214 -0.8518
vn -0.0460 0.6070 -0.7933
vn -0.8514 0.3787 0.3629
vn -0.5062 -0.2016 0.8385
vn -0.9084 -0.3847 -0.1639
vn 0.3039 0.5945 -0.7444
vn -0.1270 -0.2394 0.9626
vn 0.9241 0.2894 -0.2495
vn -0.0154 0.9993 0.0348
vn -0.1627 -0.2260 0.9604
vn -0.6585 0.1050 -0.7452
vn -0.0550 0.6275 -0.7766
vn 0.8778 -0.0720 -0.4735
vn -0.0743 -0.1393 -0.9875
vn -0.0150 -0.9191 0.3937
vn -0.0101 0.9477 0.3189
vn -0.9970 0.0439 0.0640
vn 0.0793 0.9740 -0.2122
vn 0.1183 -0.5212 -0.8452
vn -0.3129 0.1203 0.9421
vn -0.0002 -0.6856 0.7280
vn 0.0000 0.6906 0.7232
vn 0.0264 -0.3714 0.9281
vn 0.2076 0.3901 -0.8971
vn -0.8817 -0.0789 -0.4651
vn 0.9127 0.3694 0.1749
vn 0.6265 -0.6203 -0.4719
vn 0.0189 -0.4778 0.8783
vn -0.2845 -0.4234 -0.8601
vn 0.6255 0.7111 0.3209
vn 0.9563 0.1975 -0.2157
vn -0.7222 -0.4496 -0.5256
vn -0.7313 -0.5969 0.3299
vn -0.8170 0.4172 0.3978
vn 0.0616 -0.9826 0.1752
vn 0.2050 0.8946 0.3970
vn 0.9181 0.3681 -0.1471
vn -0.3204 -0.5534 0.7688
vn -0.2378 -0.2989 0.9241
vn 0.2348 -0.8780 0.4170
vn -0.2540 -0.3748 -0.8916
vn 0.7456 -0.4327 0.5068
vn 0.0317 0.9960 0.0832
vn -0.3411 -0.6299 -0.6977
vn -0.0460 0.2296 -0.9722
vn -0.2080 -0.4030 -0.8912
vn -0.8920 0.4089 -0.1928
vn -0.0949 -0.3976 0.9126
vn 0.1501 0.8987 0.4121
vn -0.9836 0.0077 0.1800
vn 0.7570 0.2934 -0.5838
vn -0.6966 -0.0609 0.7148
vn -0.5642 0.0670 -0.8229
vn -0.2544 -0.9628 -0.0913
vn 0.6157 0.5678 -0.5463
vn 0.9879 0.1051 -0.1136
vn 0.1678 0.2916 0.9417
vn 0.5290 -0.5483 -0.6477
vn -0.8703 -0.3970 -0.2914
vn 0.0717 0.8581 -0.5084
vn 0.0364 0.8827 -0.4685
vn 0.9187 -0.2885 -0.2697
vn -0.1361 0.3212 0.9371
vn -0.1872 0.2300 -0.9550
vn -0.0119 -0.9999 -0.0055
vn -0.5657 0.8099 -0.1551
vn 0.2970 -0.5582 -0.7747
vn -0.9557 -0.1928 -0.2223
vn 0.7123 0.4661 0.5247
vn -0.2489 -0.9663 0.0654
vn -0.0764 -0.9055 -0.4172
vn -0.1500 0.2230 0.9632
vn -0.1672 0.7701 -0.6156
vn 0.2276 -0.7247 0.6504
vn 0.8289 -0.5320 -0.1730
vn 0.3210 -0.4591 -0.8283
vn 0.1108 -0.9363 0.3331
vn -0.6817 0.4662 -0.5638
vn 0.4001 -0.8441 0.3569
vn -0.7467 -0.6122 0.2600
vn 0.2346 -0.0089 -0.9720
vn 0.5502 -0.8346 -0.0250
vn -0.5701 0.5401 -0.6190
vn 0.3145 0.0522 -0.9478
vn -0.7980 -0.4255 -0.4267
vn -0.5470 -0.2184 -0.8081
vn -0.2964 0.3605 0.8844
vn 0.9499 -0.3030 0.0764
vn 0.3318 -0.6193 0.7116
vn 0.3830 -0.7229 -0.5751
vn -0.4016 0.5104 0.7604
vn 0.0711 -0.9969 0.0337
vn 0.1244 0.9876 0.0956
vn -0.4099 -0.4644 -0.7850
vn -0.9207 -0.3258 0.2146
vn -0.6625 0.7252 0.1875
vn 0.1087 0.3843 -0.9168
vn 0.3219 -0.9013 0.2897
vn 0.0741 -0.3933 0.9164
vn 0.9072 0.3240 -0.2684
vn -0.1847 0.4898 -0.8520
vn 0.2415 -0.5951 0.7665
vn -0.7288 -0.5975 0.3344
vn 0.7713 -0.5673 -0.2883
vn -0.3844 -0.5813 -0.7171
vn -0.0575 0.5611 -0.8257
vn -0.8556 0.0714 -0.5126
vn -0.5181 -0.1902 -0.8339
vn -0.8981 0.0533 -0.4365
vn -0.5619 -0.5139 0.6482
vn -0.7883 -0.5718 -0.2272
vn -0.8053 0.5880 0.0760
vn -0.8065 0.4042 0.4314
vn 0.4526 -0.3304 0.8282
vn 0.3107 0.5677 0.7623
vn -0.7288 0.3943 -0.5597
vn -0.9494 -0.2305 -0.2134
vn 0.0085 -0.2488 0.9685
vn -0.0878 -0.7624 -0.6410
vn -0.0118 -0.2789 -0.9602
vn -0.9992 0.0004 0.0391
vn -0.1516 0.1953 0.9690
vn -0.7114 -0.0040 -0.7027
vn 0.2763 -0.1559 0.9483
vn 0.1210 0.3091 -0.9433
vn -0.0366 -0.3669 -0.9295
vn -0.5637 0.7734 -0.2898
vn 0.4746 0.3319 0.8152
vn -0.1087 -0.6465 -0.7551
vn 0.7863 -0.6175 -0.0199
vn -0.1454 -0.6438 -0.7512
vn -0.4833 0.3355 0.8086
vn -0.5276 -0.2683 0.8060
vn 0.4239 0.0141 0.9056
vn 0.4995 -0.6673 0.5524
vn 0.0203 -0.9033 -0.4285
vn 0.8730 -0.3753 -0.3115
vn 0.0629 -0.2022 -0.9773
vn -0.9288 -0.2707 -0.2532
vn -0.8327 0.2344 -0.5016
vn -0.1862 0.9464 -0.2637
vn -0.1038 0.9601 -0.2595
vn -0.1769 0.9508 -0.2543
vn 0.2609 -0.7629 -0.5915
vn -0.4197 -0.1885 0.8878
vn -0.1727 -0.9700 -0.1711
vn -0.3526 0.2959 -0.8878
vn 0.1641 -0.2519 0.9537
vn 0.3949 0.8993 -0.1876
vn 0.3602 -0.8293 -0.4271
vn -0.4502 0.3586 0.8177
vn -0.6055 0.0517 -0.7942
vn 0.1802 0.3268 0.9277
vn 0.0314 -0.5618 0.8267
vn 0.0124 0.5632 -0.8262
vn -0.1463 -0.4573 -0.8772
vn 0.1276 0.2448 -0.9611
vn -0.3077 0.0120 0.9514
vn 0.6791 -0.5105 0.5274
vn 0.5181 -0.8462 0.1246
vn 0.2088 0.0019 -0.9779
vn -0.2262 -0.1021 0.9687
vn 0.2431 0.9564 0.1617
vn -0.2439 0.3223 -0.9147
vn -0.8042 -0.5524 -0.2191
vn 0.7475 0.5980 -0.2890
vn 0.5327 -0.5043 0.6796
vn 0.4669 -0.5181 0.7166
vn 0.4617 -0.5230 0.7164
vn 0.0939 0.3566 0.9295
vn 0.3372 0.8717 -0.3554
vn -0.7087 0.2742 -0.6500
vn 0.4167 -0.1939 0.8881
vn 0.4660 -0.2399 -0.8516
vn -0.9130 0.3341 0.2340
vn 0.2370 0.6499 -0.7221
vn -0.5341 -0.2548 -0.8061
vn 0.5159 0.3381 -0.7871
vn 0.7292 -0.4453 0.5195
vn -0.0981 0.9750 0.1992
vn 0.4745 -0.8545 0.2110
vn -0.5776 0.1345 0.8051
vn 0.0086 0.8025 -0.5965
vn -0.6103 0.6083 -0.5074
vn 0.3630 -0.0163 -0.9316
vn -0.9018 0.3381 -0.2690
vn -0.6817 -0.7314 0.0172
vn -0.3576 0.7073 0.6097
vn 0.0230 0.7553 0.6550
vn -0.0220 0.8480 0.5295
vn 0.9349 0.0172 0.3545
vn 0.4155 0.3006 -0.8585
vn 0.7829 -0.4155 0.4630
vn -0.3833 0.9020 -0.1987
vn -0.4571 -0.2398 -0.8564
vn -0.3986 -0.8282 0.3938
vn 0.9160 -0.2814 -0.2858
vn 0.0853 -0.8031 0.5896
vn 0.1408 -0.0691 0.9876
vn 0.2142 0.8421 -0.4949
vn -0.9521 -0.3052 0.0154
vn 0.7365 -0.5722 -0.3607
vn 0.8488 0.0669 0.5244
vn -0.3040 0.0840 0.9489
vn -0.0522 0.5925 -0.8038
vn 0.3497 0.5365 0.7680
vn -0.2437 -0.8190 -0.5194
vn -0.1554 -0.3737 0.9144
vn -0.0747 0.5968 -0.7989
vn -0.1679 0.9419 0.2907
vn 0.1654 0.1617 -0.9729
vn -0.5894 0.4622 0.6626
vn 0.0009 0.9777 -0.2100
vn -0.0501 -0.9531 -0.2985
vn 0.0457 -0.9984 0.0335
vn -0.0793 0.5602 0.8245
vn -0.0491 0.6409 -0.7660
vn -0.0380 0.2582 -0.9653
vn 0.3350 -0.1101 0.9358
vn -0.9885 -0.0913 -0.1203
vn -0.1736 -0.8165 0.5506
vn 0.9998 -0.0008 0.0189
vn 0.9998 -0.0008 0.0175
vn 0.9998 -0.0008 0.0186
vn 0.0000 0.0000 -1.0000
vn -0.5570 0.8146 0.1617
vn -0.9706 -0.2036 0.1282
vn -0.2292 -0.9676 -0.1055
vn -0.8071 -0.1647 0.5670
vn 0.4383 0.1353 -0.8885
vn 0.8132 -0.5707 0.1137
vn -0.1979 0.8791 -0.4335
vn -0.7771 0.6222 0.0948
vn 0.3154 -0.7407 -0.5932
vn 0.4003 -0.4736 -0.7844
vn -0.1156 0.7013 0.7034
vn -0.5325 0.4064 -0.7424
vn 0.3000 0.6887 0.6600
vn -0.3870 0.7739 -0.5014
vn -0.4932 -0.2973 0.8175
vn 0.2951 -0.8254 -0.4812
vn 0.0202 -0.8767 0.4805
vn 0.0731 0.4410 -0.8945
vn 0.1046 0.9741 0.2006
vn 0.2763 -0.4253 0.8618
vn -0.4824 -0.0198 -0.8757
vn 0.0848 0.7025 0.7066
vn 0.0848 0.7027 0.7064
vn 0.0847 0.7026 0.7065
vn -0.5777 0.5397 -0.6124
vn 0.3159 0.9456 0.0775
vn -0.2257 -0.5714 0.7890
vn -0.2180 -0.5908 -0.7768
vn -0.2186 -0.9080 -0.3572
vn -0.4143 -0.8847 -0.2134
vn 0.0044 0.0877 -0.9961
vn -0.5548 -0.8293 -0.0667
vn 0.6522 0.7165 0.2476
vn -0.2154 -0.0432 0.9756
vn -0.6903 -0.6952 -0.2003
vn -0.5018 -0.6973 0.5117
vn -0.2301 0.9028 0.3632
vn 0.6671 -0.7336 0.1295
vn -0.1113 0.3491 -0.9304
vn 0.4633 -0.6232 0.6301
vn 0.4834 -0.6086 0.6291
vn 0.4475 -0.6288 0.6358
vn 0.4920 -0.6401 -0.5900
vn 0.1256 -0.7057 -0.6973
vn 0.1425 0.5615 -0.8151
vn -0.1140 0.1858 0.9759
vn 0.0848 -0.9874 0.1338
vn -0.1113 -0.3132 0.9431
vn -0.2329 -0.8528 -0.4673
vn 0.3670 0.7920 -0.4879
vn -0.5303 -0.7819 0.3276
vn 0.6395 0.1674 0.7504
vn -0.8502 0.4964 0.1754
vn -0.1404 0.0399 0.9893
vn 0.3374 0.9090 -0.2446
vn 0.3784 0.1185 -0.9180
vn -0.0821 -0.4126 -0.9072
vn 0.2331 0.4898 -0.8401
vn -0.2763 -0.0972 -0.9561
vn -0.4074 -0.9127 0.0295
vn -0.1262 0.9825 -0.1372
vn -0.5184 -0.2102 0.8288
vn -0.0500 0.9954 0.0812
vn 0.4748 -0.2024 -0.8565
vn -0.6097 0.2842 0.7399
vn 0.4373 -0.4488 0.7793
vn -0.1901 -0.4399 0.8777
vn -0.1476 0.1646 -0.9752
vn 0.4593 0.5668 0.6840
vn -0.2873 0.1263 -0.9495
vn -0.2497 0.4001 0.8818
vn -0.2207 0.9306 0.2919
vn -0.0123 -0.9497 0.3130
vn 0.4276 -0.9037 0.0198
vn 0.2239 0.9561 0.1887
vn 0.0246 0.8564 0.5157
vn 0.1807 0.2787 0.9432
vn 0.3803 -0.4406 -0.8132
vn -0.1583 -0.7793 0.6063
vn -0.2645 0.8376 0.4779
vn 0.0506 0.0864 -0.9950
vn 0.7495 -0.0759 0.6576
vn -0.3104 -0.8656 0.3928
vn 0.4382 0.6944 -0.5708
vn -0.9920 0.1114 -0.0585
vn 0.5647 -0.7815 -0.2652
vn -0.1901 0.2950 0.9364
vn 0.3614 -0.6540 0.6645
vn 0.4605 -0.2092 -0.8626
vn -0.4184 -0.2657 -0.8685
vn 0.1210 0.5915 -0.7971
vn 0.1313 0.6155 0.7771
vn 0.0280 -0.9703 0.2403
vn 0.1554 -0.1308 -0.9791
vn -0.1750 0.9398 -0.2935
vn -0.2243 0.5492 -0.8050
vn 0.0915 -0.9940 0.0590
vn 0.2436 -0.9526 -0.1821
vn 0.0004 -0.8713 -0.4906
vn 0.0134 -0.9486 0.3160
vn -0.9983 -0.0239 0.0522
vn 0.5354 -0.7322 -0.4210
vn -0.0115 -0.9732 -0.2295
vn -0.2284 -0.6975 -0.6792
vn 0.0947 0.7805 -0.6179
vn -0.7504 0.5256 -0.4008
vn 0.1729 -0.6164 0.7682
vn 0.6777 -0.1154 -0.7262
vn -0.3743 -0.9253 0.0612
vn -0.0185 0.2033 -0.9789
vn -0.7186 0.1192 0.6850
vn 0.5385 0.5477 0.6403
vn -0.5350 0.8411 -0.0788
vn -0.8992 0.3824 0.2123
vn -0.7736 0.6307 0.0604
vn 0.0416 -0.6794 0.7325
vn -0.0329 -0.3717 0.9278
vn 0.7549 -0.6427 0.1304
vn 0.8664 -0.4327 0.2493
vn -0.0478 -0.3675 -0.9288
vn 0.0852 0.8807 -0.4659
vn -0.0261 -0.5668 0.8234
vn 0.1188 0.6931 -0.7109
vn 0.0002 -0.8900 0.4559
vn 0.0519 0.2155 -0.9751
vn -0.0109 0.8781 0.4783
vn 0.0966 0.7954 0.5983
vn 0.1692 -0.2242 0.9597
vn -0.0264 -0.0885 -0.9957
vn -0.4231 -0.6169 0.6636
vn -0.3975 -0.6316 0.6655
vn -0.4072 -0.6301 0.6611
vn -0.0081 0.2477 -0.9688
vn 0.7948 0.2683 0.5444
vn -0.2849 -0.9547 -0.0855
vn -0.3431 -0.5331 0.7733
vn -0.3497 -0.5311 0.7718
vn -0.3442 -0.5284 0.7761
vn -0.4411 -0.6616 -0.6064
vn -0.4451 -0.6537 -0.6120
vn -0.4515 -0.6585 -0.6020
vn 0.0834 0.9878 -0.1313
vn -0.0913 0.9936 -0.0657
vn -0.0349 -0.8969 0.4408
vn -0.2388 0.8234 0.5147
vn -0.3903 -0.0392 0.9199
vn 0.1332 0.9244 -0.3573
vn -0.0266 -0.9867 0.1600
vn 0.6441 -0.6630 0.3813
vn -0.0454 -0.8804 -0.4720
vn -0.3717 -0.8327 0.4103
vn -0.0811 -0.9674 0.2398
vn -0.8118 -0.0867 0.5774
vn 0.6488 0.3302 0.6855
vn 0.8261 0.2031 -0.5256
vn -0.6514 -0.2040 0.7307
vn -0.6408 -0.0702 -0.7644
vn 0.1681 0.9254 -0.3395
vn -0.4704 -0.8104 0.3492
vn -0.0262 0.9438 0.3293
vn 0.0850 0.4919 -0.8665
vn -0.1624 -0.8926 0.4206
vn 0.3632 -0.6155 -0.6994
vn 0.1559 -0.5700 0.8067
vn 0.1571 -0.5703 0.8062
vn 0.1584 -0.5657 0.8092
vn 0.4213 0.1791 -0.8890
vn 0.7270 0.6863 -0.0208
vn 0.6832 -0.6413 -0.3492
vn 0.2209 -0.8924 -0.3934
vn 0.4808 0.0180 -0.8766
vn -0.1643 -0.9005 0.4025
vn 0.2637 -0.3062 0.9147
vn -0.4215 0.4114 0.8081
vn -0.0517 0.9976 0.0455
vn -0.0271 0.8322 0.5537
vn -0.3770 -0.8589 0.3466
vn -0.1472 0.3486 0.9256
vn -0.6806 -0.7240 -0.1121
vn 0.3110 -0.2226 -0.9239
vn -0.1717 -0.3370 -0.9257
vn 0.1700 0.3021 -0.9380
vn -0.4191 0.9066 -0.0479
vn -0.9097 -0.3636 -0.2007
vn -0.3285 -0.7200 -0.6113
vn 0.5750 0.7054 -0.4143
vn 0.3481 0.6897 -0.6349
vn 0.9033 -0.0842 -0.4207
vn 0.4030 0.4393 -0.8029
vn 0.7392 0.0239 -0.6731
vn 0.8473 -0.4130 -0.3340
vn -0.1485 0.8331 -0.5328
vn -0.7875 0.5793 0.2103
vn -0.7020 -0.5629 0.4363
vn -0.8449 0.5149 -0.1446
vn -0.6060 -0.7815 -0.1484
vn -0.2190 -0.9657 0.1391
vn -0.9525 0.2788 0.1227
vn 0.0649 0.3103 0.9484
vn 0.7772 0.2713 0.5677
vn -0.5451 -0.3012 0.7824
vn 0.8800 0.4149 -0.2311
vn -0.5013 -0.8649 -0.0233
vn -0.1511 0.7732 -0.6159
vn 0.3698 -0.7937 0.4829
vn 0.0263 0.8493 -0.5272
vn -0.1033 -0.9942 0.0293
vn 0.9661 -0.0376 0.2553
vn 0.2512 -0.3417 -0.9056
vn 0.1868 0.8964 -0.4019
vn -0.1481 0.9837 -0.1015
vn -0.2441 0.1000 0.9646
vn -0.0951 -0.1047 0.9899
vn -0.6078 0.6677 0.4296
vn -0.6883 0.0675 -0.7222
vn 0.8343 -0.5343 -0.1360
vn 0.8952 0.0059 -0.4455
vn -0.9979 0.0309 -0.0568
vn -0.8988 0.1893 0.3953
vn 0.1530 -0.1110 0.9819
vn 0.1840 -0.4078 -0.8943
vn 0.6742 0.1794 0.7164
vn 0.2962 0.4632 -0.8353
vn -0.7020 0.0407 0.7110
vn 0.8893 -0.4333 0.1460
vn 0.5470 0.5429 0.6371
vn -0.7224 -0.2382 -0.6491
vn -0.4442 0.3537 0.8231
vn -0.3184 0.8736 -0.3680
vn 0.4741 -0.8277 0.3002
vn -0.0665 -0.7232 -0.6874
vn -0.3788 -0.4411 0.8135
vn -0.9558 -0.2854 -0.0701
vn -0.6134 0.3903 0.6866
vn -0.2298 0.7252 0.6489
vn -0.2412 0.7378 0.6304
vn -0.2436 0.7543 0.6096
vn -0.2040 -0.2954 0.9333
vn 0.4551 -0.8729 -0.1758
vn 0.2474 -0.5905 -0.7681
vn -0.4891 0.7743 -0.4015
vn -0.8275 0.2889 -0.4814
vn 0.9601 0.2672 0.0817
vn 0.5954 -0.7233 0.3497
vn 0.5976 0.0447 0.8005
vn -0.6766 0.0145 -0.7362
vn 0.8083 -0.3108 -0.5000
vn -0.4859 0.7898 -0.3742
vn 0.5120 -0.8010 -0.3102
vn 0.4245 -0.4129 0.8058
vn -0.5991 0.1303 0.7899
vn 0.9666 0.2545 -0.0309
vn -0.0310 0.3544 -0.9345
vn 0.3635 -0.1819 0.9137
vn -0.2610 0.9354 0.2384
vn 0.0510 0.2756 0.9599
vn 0.2996 -0.9472 0.1142
vn 0.2575 0.4557 0.8521
vn -0.6112 -0.2188 0.7606
vn 0.8010 -0.0107 -0.5985
vn 0.3083 -0.3729 -0.8751
vn 0.7927 0.5581 -0.2451
vn 0.6920 -0.1137 0.7129
vn -0.0503 -0.8845 0.4637
vn -0.4241 0.7731 0.4716
vn 0.0797 -0.9966 -0.0174
vn 0.4003 0.5023 -0.7664
vn -0.2863 0.6558 0.6986
vn -0.1612 -0.9657 0.2033
vn -0.5332 0.6776 -0.5065
vn -0.3093 0.3635 -0.8787
vn 0.7261 -0.6291 -0.2773
vn 0.3215 0.9280 0.1882
vn 0.3880 0.9114 0.1370
vn 0.3220 0.8332 -0.4496
vn 0.0262 0.7060 -0.7077
vn 0.1499 -0.7905 -0.5938
vn -0.1564 0.7812 0.6043
vn 0.1350 -0.6702 0.7297
vn -0.3626 -0.7447 -0.5602
vn -0.9311 0.2328 -0.2807
vn 0.7472 0.3363 -0.5733
vn -0.5795 0.8090 0.0980
vn 0.3337 0.2596 -0.9062
vn -0.1311 0.5100 0.8501
vn -0.0988 -0.9833 0.1526
vn -0.0983 -0.9465 0.3072
vn -0.3866 0.6424 -0.6617
vn -0.0980 0.9174 0.3856
vn -0.1165 -0.3037 0.9456
vn 0.2452 -0.4466 -0.8604
vn 0.6998 -0.6770 -0.2278
vn -0.4262 0.2502 0.8693
vn -0.9356 0.2934 0.1964
vn 0.9232 0.2295 0.3082
vn -0.3399 0.0141 0.9403
vn 0.7166 -0.1718 0.6759
vn -0.5708 0.2065 -0.7947
vn 0.3355 -0.3198 0.8861
vn 0.0893 0.9345 0.3446
vn 0.3248 0.0196 0.9456
vn -0.4718 -0.2160 0.8548
vn 0.9717 0.1674 0.1666
vn 0.5605 -0.4657 -0.6847
vn -0.7027 0.4032 0.5862
vn -0.8050 0.3301 -0.4928
vn 0.0904 0.1233 -0.9882
vn 0.3769 -0.0342 -0.9256
vn -0.6056 0.2720 0.7478
vn 0.3853 -0.8729 0.2994
vn -0.5878 -0.4884 0.6449
vn -0.8792 0.1897 0.4370
vn 0.4697 -0.8711 -0.1430
vn -0.1042 -0.9541 0.2807
vn -0.0393 -0.7081 -0.7050
vn -0.7942 -0.5984 -0.1052
vn -0.1394 0.9470 -0.2893
vn -0.9688 0.0296 -0.2458
vn 0.6794 0.2015 -0.7055
vn -0.0435 0.8045 -0.5924
vn -0.7672 0.6399 0.0430
vn 0.7466 -0.6651 0.0149
vn 0.1314 0.7077 -0.6942
vn 0.2774 0.7601 -0.5876
vn -0.7329 -0.6235 -0.2721
vn -0.0296 -0.6697 -0.7421
vn 0.0623 0.7859 -0.6151
vn 0.5434 0.8245 0.1577
vn -0.8899 -0.3918 -0.2336
vn -0.1334 -0.0978 -0.9862
vn -0.8217 -0.5578 0.1162
vn -0.3100 -0.9131 -0.2649
vn 0.2857 -0.0180 -0.9582
vn 0.4057 0.8751 0.2639
vn 0.8267 -0.3824 0.4126
vn -0.1293 0.5416 0.8306
vn 0.2415 -0.3749 0.8950
vn 0.3110 0.7501 -0.5835
vn 0.4687 -0.8610 -0.1972
vn -0.2136 0.6363 0.7412
vn -0.1086 -0.7544 0.6473
vn 0.1632 0.5536 -0.8166
vn -0.1300 0.6536 -0.7455
vn 0.9362 0.2763 0.2170
vn -0.5012 -0.8651 -0.0197
vn -0.2984 -0.1548 0.9418
vn 0.5114 -0.0758 -0.8560
vn 0.5553 -0.1601 0.8160
vn -0.9336 0.3418 -0.1077
vn 0.4382 -0.3224 -0.8391
vn 0.3662 -0.8841 0.2902
vn 0.9140 -0.2912 0.2825
vn -0.5486 0.8323 0.0789
vn -0.5851 0.1962 -0.7869
vn 0.7661 -0.4520 0.4570
vn -0.3218 -0.6483 -0.6900
vn -0.2480 -0.1605 -0.9554
vn 0.8648 0.5020 -0.0082
vn 0.0046 -0.5628 0.8266
vn 0.4439 -0.7331 -0.5152
vn 0.1343 -0.9381 0.3192
vn -0.4306 0.4811 0.7636
vn -0.5592 -0.5450 -0.6247
vn -0.1134 0.8103 -0.5749
vn 0.7400 0.5628 0.3683
vn -0.4402 0.8113 0.3847
vn 0.0113 -0.7903 0.6125
vn 0.7398 -0.6218 -0.2570
vn 0.4407 -0.7545 -0.4863
vn -0.4473 -0.3687 0.8148
vn 0.2978 0.8557 -0.4232
vn -0.4783 0.0063 0.8782
vn 0.2083 -0.9091 -0.3605
vn -0.0585 -0.9979 -0.0269
vn -0.4533 -0.7911 0.4107
vn -0.0975 -0.4665 0.8791
vn -0.2223 -0.7906 0.5705
vn 0.3092 -0.4896 -0.8153
vn 0.3222 -0.8680 0.3778
vn 0.0000 -0.6157 0.7880
vn -0.4816 0.8553 -0.1910
vn -0.4765 0.8576 -0.1935
vn -0.4712 0.8611 -0.1909
vn -0.0984 0.9892 0.1083
vn 0.1127 0.9571 -0.2670
vn 0.1085 0.9515 -0.2877
vn -0.8202 0.2698 -0.5044
vn -0.2123 0.9048 -0.3692
vn 0.9109 0.4125 0.0007
vn -0.1278 0.9559 -0.2643
vn 0.0230 0.9552 -0.2950
vn 0.0941 0.9535 -0.2863
vn 0.6972 0.2252 0.6806
vn 0.8195 0.2521 -0.5146
vn -0.4927 -0.3918 -0.7770
vn 0.6595 0.7416 0.1226
vn -0.9215 -0.3268 0.2096
vn -0.0660 -0.3839 -0.9210
vn 0.1446 0.2828 0.9482
vn -0.1903 0.9607 -0.2019
vn -0.9608 -0.2039 -0.1878
vn 0.2493 -0.1477 0.9571
vn -0.9030 0.2899 0.3171
vn 0.6486 0.7584 -0.0631
vn -0.4062 -0.2949 0.8649
vn -0.3277 0.0753 -0.9418
vn -0.8859 0.2746 0.3739
vn 0.5572 0.2221 -0.8001
vn -0.1119 -0.9567 -0.2686
vn 0.7788 0.3182 0.5405
vn 0.2514 -0.2784 0.9270
vn -0.3701 -0.5448 0.7525
vn -0.9088 -0.3813 0.1692
vn 0.5053 0.4690 0.7243
vn 0.5210 0.7967 -0.3062
vn 0.7453 0.1478 -0.6501
vn -0.5768 -0.6564 -0.4863
vn -0.2507 0.1153 0.9611
vn -0.2198 -0.8784 0.4243
vn 0.0884 -0.9710 -0.2219
vn 0.0208 -0.3066 0.9516
vn 0.6448 -0.6324 -0.4292
vn 0.9913 -0.1183 -0.0573
vn 0.7316 0.1894 0.6549
vn 0.3121 0.6282 0.7127
vn 0.7741 0.6223 -0.1160
vn 0.6415 0.1117 -0.7589
vn -0.7384 -0.1518 0.6570
vn -0.1273 -0.7612 0.6359
vn 0.2369 0.7131 -0.6598
vn -0.4040 -0.8583 0.3163
vn 0.6484 0.0073 0.7612
vn -0.5153 0.0756 -0.8536
vn 0.7456 0.5352 0.3970
vn 0.7277 -0.3870 -0.5663
vn -0.1259 -0.4471 -0.8856
vn -0.2668 0.8215 0.5039
vn -0.9693 -0.2457 0.0031
vn -0.2432 0.3205 0.9155
vn -0.6313 0.0922 0.7700
vn 0.3085 -0.1990 -0.9301
vn 0.5547 -0.2627 0.7894
vn 0.9245 0.3692 0.0949
vn 0.1346 0.9059 0.4014
vn 0.7389 -0.5047 0.4462
vn 0.4795 -0.8599 -0.1751
vn -0.0633 -0.5230 0.8500
vn -0.1392 -0.9416 0.3065
vn -0.2834 -0.0705 -0.9564
vn 0.9920 -0.1256 0.0075
vn -0.8949 0.2223 0.3869
vn -0.8925 -0.4360 -0.1150
vn -0.3806 0.8691 -0.3159
vn 0.7978 0.2045 -0.5672
vn -0.6236 0.5080 0.5942
vn 0.3030 -0.9439 -0.1310
vn -0.3651 -0.7353 0.5710
vn -0.0833 -0.7481 -0.6583
vn -0.7934 0.5929 0.1375
vn 0.6176 -0.4043 0.6746
vn -0.1683 -0.9258 0.3383
vn -0.6154 0.4256 -0.6634
vn -0.3020 0.7525 -0.5852
vn 0.1337 0.9066 -0.4002
vn -0.4659 -0.7460 -0.4758
vn 0.7186 -0.3468 0.6028
vn -0.8964 0.3479 0.2746
vn -0.4475 0.1158 -0.8867
vn 0.0862 0.0642 0.9942
vn 0.3504 0.2281 -0.9084
vn -0.8620 0.2545 0.4384
vn -0.4712 0.0720 -0.8791
vn -0.0987 -0.9546 0.2809
vn -0.1119 -0.9533 0.2805
vn 0.5232 0.5270 -0.6697
vn -0.3506 0.3919 0.8505
vn 0.8257 0.2951 0.4807
vn 0.2097 -0.4315 -0.8774
vn 0.6536 -0.6164 -0.4391
vn 0.6135 0.4036 -0.6787
vn -0.8594 -0.5019 0.0974
vn -0.3035 0.0399 0.9520
vn -0.9609 -0.2703 0.0595
vn -0.9221 -0.1885 0.3377
vn -0.7767 -0.4010 0.4856
vn -0.0840 -0.5729 -0.8153
vn -0.7913 -0.4550 0.4085
vn 0.4494 0.8917 0.0546
vn 0.9544 -0.2972 -0.0280
vn -0.6410 -0.5836 0.4985
vn 0.0501 -0.5808 0.8125
vn 0.5547 0.2694 0.7872
vn -0.2899 0.2345 -0.9279
vn -0.4662 0.8752 0.1288
vn -0.2815 -0.9243 -0.2575
vn 0.5780 0.1290 -0.8057
vn -0.2537 0.5915 0.7653
vn 0.2434 0.9449 -0.2187
vn 0.4233 0.3935 -0.8160
vn -0.1957 -0.8761 -0.4405
vn 0.4583 0.7058 0.5401
vn 0.4434 0.7089 0.5484
vn 0.4591 0.6997 0.5474
vn 0.5943 0.6227 0.5089
vn -0.7622 -0.1852 0.6202
vn -0.2640 -0.6466 -0.7157
vn -0.9098 -0.4058 0.0864
vn -0.3939 -0.2503 -0.8844
vn 0.9096 0.1823 -0.3734
vn -0.8814 -0.4639 -0.0887
vn -0.6183 0.5511 -0.5603
vn -0.6813 0.6197 -0.3895
vn 0.9483 0.3165 -0.0218
vn 0.0033 0.4720 -0.8816
vn 0.1585 -0.8431 -0.5138
vn 0.4591 0.2983 0.8368
vn 0.4357 0.8972 0.0717
vn -0.9050 0.0465 -0.4228
vn 0.7502 -0.6186 0.2335
vn 0.6056 0.7945 0.0435
vn -0.9554 -0.2951 -0.0041
vn 0.9296 -0.3502 -0.1147
vn -0.3811 0.4911 -0.7833
vn -0.8267 0.4762 -0.2996
vn 0.8589 0.4814 -0.1744
vn -0.0495 -0.9284 0.3682
vn -0.3392 -0.5251 0.7805
vn -0.9944 0.0590 -0.0870
vn 0.6933 0.6161 -0.3738
vn -0.3989 -0.0613 0.9149
vn 0.0855 -0.9486 -0.3047
vn 0.3415 0.8200 -0.4592
vn 0.1552 0.9492 0.2736
vn 0.1154 0.9536 -0.2779
vn 0.9654 0.1552 0.2095
vn -0.4643 -0.5264 -0.7122
vn 0.9552 -0.1862 0.2298
vn -0.3944 -0.6387 -0.6607
vn -0.4415 0.5386 0.7176
vn -0.8946 0.3975 0.2041
vn -0.2920 -0.8845 -0.3638
vn -0.7127 0.2277 0.6634
vn 0.2325 0.6259 0.7444
vn 0.6265 -0.7766 -0.0656
vn -0.6619 -0.5825 -0.4718
vn 0.1440 -0.7425 0.6541
vn -0.7750 -0.2527 -0.5791
vn 0.6016 0.7914 0.1080
vn -0.4275 -0.4727 0.7705
vn -0.3070 0.8596 0.4085
vn -0.6429 0.4917 -0.5873
vn 0.2531 0.8124 0.5253
vn -0.5166 0.5951 -0.6156
vn 0.1238 0.8916 -0.4355
vn 0.4321 -0.2939 0.8525
vn -0.2286 0.4353 0.8707
vn -0.2351 0.4179 0.8776
vn -0.2330 0.4349 0.8698
vn 0.4469 -0.2635 -0.8549
vn -0.1844 0.9779 -0.0986
vn 0.0392 -0.8691 0.4930
vn 0.1709 0.9815 0.0864
vn 0.8512 0.0275 0.5241
vn -0.9546 -0.0173 0.2973
vn 0.1126 0.9747 -0.1928
vn 0.5014 0.7289 -0.4660
vn 0.7591 0.4774 -0.4425
vn -0.6967 -0.7133 0.0759
vn 0.8144 -0.3741 -0.4436
vn -0.9793 -0.1982 0.0409
vn -0.3015 0.2153 0.9288
vn 0.0533 -0.9543 -0.2938
vn -0.7198 0.6699 0.1820
vn 0.5768 0.7430 0.3394
vn 0.3714 -0.9001 -0.2277
vn -0.0088 0.8910 0.4540
vn 0.1225 -0.9812 -0.1488
vn -0.4389 0.7558 -0.4858
vn 0.6685 -0.7151 -0.2040
vn -0.1015 0.3754 -0.9212
vn 0.4087 0.7311 0.5462
vn -0.3793 0.2280 0.8967
vn 0.1445 -0.4059 0.9024
vn 0.1906 0.2039 -0.9603
vn 0.9381 0.3352 0.0868
vn -0.6827 0.7099 0.1730
vn -0.7020 -0.5449 -0.4586
vn 0.6152 -0.2732 0.7395
vn -0.5634 -0.4489 -0.6935
vn 0.6489 -0.4776 0.5923
vn -0.2070 -0.6999 -0.6836
vn -0.6488 0.7353 -0.1960
vn 0.4371 -0.0801 -0.8958
vn -0.0514 0.9701 -0.2373
vn -0.3861 -0.1511 0.9100
vn -0.2835 0.0257 0.9586
vn 0.3849 -0.2112 -0.8984
vn -0.9738 -0.0825 -0.2116
vn -0.9454 0.1823 -0.2700
vn -0.2262 0.9407 -0.2528
vn 0.9721 -0.1632 -0.1686
vn -0.5904 -0.7348 0.3337
vn 0.0017 -0.7531 0.6578
vn 0.5361 -0.0625 -0.8418
vn 0.8064 0.5037 -0.3097
vn 0.8184 0.5030 0.2777
vn 0.8354 -0.4545 -0.3090
vn -0.1892 -0.9217 -0.3386
vn -0.2249 0.1666 0.9600
vn 0.2689 0.3816 0.8843
vn 0.2726 0.3762 0.8855
vn 0.2747 0.3820 0.8824
vn 0.9132 0.2500 0.3218
vn 0.2582 0.6299 -0.7324
vn -0.0785 0.2077 0.9750
vn -0.0461 0.1905 0.9806
vn -0.0642 0.2047 0.9767
vn -0.8920 -0.4202 0.1664
vn 0.2624 0.5656 -0.7818
vn -0.5553 0.7852 0.2740
vn 0.4442 -0.1340 -0.8858
vn -0.7219 0.3919 0.5704
vn -0.1748 -0.8771 -0.4472
vn -0.9114 -0.3607 0.1979
vn -0.9355 -0.2116 0.2829
vn -0.2753 0.2912 0.9162
vn 0.5662 0.5949 0.5705
vn -0.1823 0.9628 -0.1996
vn -0.0183 -0.1150 -0.9932
vn 0.4885 -0.2466 0.8369
vn 0.1019 -0.3383 -0.9355
vn 0.8279 0.5340 0.1715
vn 0.3794 -0.1801 -0.9075
vn -0.6764 -0.4756 -0.5623
vn 0.9616 0.2735 -0.0218
vn 0.4566 -0.6867 -0.5655
vn 0.2051 0.5953 0.7768
vn -0.2731 0.9259 -0.2609
vn -0.1815 -0.5072 0.8425
vn 0.2231 0.9166 -0.3317
vn -0.3899 -0.0263 0.9205
vn -0.4949 -0.0525 0.8674
vn 0.2568 -0.9017 -0.3477
vn 0.4814 0.5835 -0.6540
vn 0.6392 -0.2216 -0.7364
vn -0.6773 0.4418 -0.5882
vn -0.8322 0.3090 0.4603
vn -0.6152 -0.0365 0.7875
vn -0.4884 -0.8648 -0.1161
vn -0.7393 -0.2387 0.6296
vn -0.9327 0.3185 -0.1693
vn -0.6016 -0.2016 -0.7729
vn -0.3020 0.2923 0.9074
vn 0.1411 -0.9540 0.2643
vn 0.8105 0.4315 0.3960
vn -0.7007 0.6870 -0.1924
vn 0.9522 0.0653 -0.2984
vn -0.1755 0.2693 0.9469
vn -0.6623 0.5784 0.4761
vn 0.6960 0.0314 0.7173
vn -0.1137 0.7856 0.6081
vn -0.5834 0.7247 -0.3667
vn -0.2241 -0.7739 0.5923
vn 0.2084 0.0191 0.9778
vn -0.6590 0.3471 0.6672
vn -0.8901 0.3502 -0.2917
vn -0.5157 -0.6726 -0.5306
vn -0.3875 0.3372 -0.8579
vn 0.4613 -0.7582 0.4608
vn 0.3040 -0.8611 -0.4075
vn 0.3774 0.7184 -0.5843
vn -0.7352 0.6671 -0.1201
vn 0.1775 -0.5816 -0.7938
vn -0.6674 -0.1896 -0.7201
vn 0.5510 -0.3002 0.7786
vn 0.3607 0.9155 -0.1780
vn 0.6097 0.5636 0.5572
vn 0.0313 -0.9956 0.0883
vn -0.8019 0.1706 -0.5725
vn 0.2658 -0.1072 0.9580
vn -0.1408 0.6475 0.7489
vn 0.4645 -0.6980 0.5449
vn -0.2004 0.7717 0.6036
vn 0.4371 -0.8717 0.2212
vn 0.4242 0.7110 0.5608
vn -0.7616 0.6109 -0.2162
vn -0.0537 0.6553 0.7534
vn -0.0928 0.6348 0.7671
vn -0.0563 0.6310 0.7737
vn 0.2190 -0.9273 -0.3034
vn -0.9070 -0.4210 -0.0010
vn -0.8943 0.3997 -0.2011
vn -0.2255 0.9161 0.3314
vn 0.6421 0.6513 -0.4042
vn 0.5129 -0.7020 0.4940
vn -0.3821 0.9098 0.1616
vn -0.2063 0.4306 -0.8787
vn -0.0603 0.6673 0.7423
vn 0.1491 0.8626 0.4834
vn 0.1832 -0.4625 0.8675
vn 0.0835 0.5302 0.8437
vn -0.6925 0.3380 0.6373
vn 0.0011 0.9963 -0.0859
vn 0.2620 0.9097 -0.3221
vn 0.7338 -0.2502 0.6316
vn -0.4618 0.6609 -0.5915
vn -0.0998 -0.2655 -0.9589
vn -0.5528 -0.4803 0.6810
vn 0.4263 0.8712 0.2434
vn 0.2500 -0.7745 -0.5810
vn 0.7377 0.6365 0.2249
vn -0.1930 -0.5990 -0.7771
vn -0.7079 -0.3496 0.6137
vn -0.9530 -0.2527 0.1672
vn 0.3950 0.5206 0.7569
vn 0.2301 0.0204 0.9729
vn 0.2315 -0.7439 0.6268
vn -0.2148 -0.9766 -0.0073
vn -0.9988 0.0289 -0.0388
vn -0.7883 0.2022 -0.5810
vn -0.5961 -0.6084 -0.5239
vn -0.9438 0.1357 0.3013
vn -0.3898 0.9207 0.0189
vn 0.1400 -0.7667 0.6265
vn 0.9106 -0.2000 0.3615
vn -0.3453 -0.4505 0.8233
vn 0.6434 -0.7655 -0.0036
vn 0.2911 -0.0870 -0.9527
vn -0.9248 0.3582 -0.1282
vn 0.8096 -0.5432 0.2222
vn -0.8188 -0.4128 -0.3988
vn 0.9413 -0.3235 0.0963
vn -0.7952 -0.0573 -0.6037
vn -0.2357 0.0173 -0.9716
vn 0.1749 -0.7128 -0.6792
vn 0.3507 -0.3124 0.8828
vn 0.5982 -0.6992 0.3915
vn -0.4201 -0.3731 0.8271
vn 0.2145 -0.9432 0.2536
vn 0.2653 -0.6833 -0.6802
vn 0.1231 -0.7006 -0.7028
vn 0.4631 -0.3999 -0.7909
vn -0.2080 -0.3171 -0.9253
vn -0.4432 0.6511 -0.6161
vn -0.6830 0.6790 -0.2689
vn -0.3659 0.9145 0.1726
vn -0.6373 0.0031 0.7705
vn -0.1753 0.7621 0.6232
vn -0.2732 0.5772 -0.7695
vn -0.0358 -0.0775 0.9963
vn 0.1451 0.9853 0.0905
vn -0.5980 0.0737 0.7980
vn -0.3683 -0.9296 0.0080
vn 0.9101 0.3096 0.2755
vn 0.4597 -0.6877 0.5618
vn 0.8543 0.5190 -0.0275
vn -0.5552 -0.6554 0.5119
vn 0.4111 -0.5024 0.7606
vn 0.5502 0.7229 0.4180
vn -0.1634 0.9865 -0.0039
vn 0.9001 0.3463 -0.2644
vn -0.0010 0.2235 0.9747
vn -0.8365 -0.4366 -0.3312
vn 0.7164 0.6919 0.0893
vn -0.1032 -0.2540 -0.9617
vn -0.2533 -0.1004 0.9622
vn -0.4244 -0.7685 0.4787
vn -0.0576 0.7921 0.6076
vn 0.3520 0.2763 -0.8943
vn -0.3456 0.6572 0.6698
vn 0.5349 0.0675 0.8422
vn -0.2114 -0.7666 -0.6063
vn -0.5553 0.7566 -0.3450
vn -0.9608 0.2031 0.1884
vn 0.3911 0.8996 0.1944
vn 0.2020 -0.9117 -0.3576
vn -0.8312 0.3798 -0.4060
vn 0.7273 -0.6276 -0.2777
vn -0.5583 0.8277 0.0561
vn -0.8755 -0.1425 0.4617
vn -0.8040 0.4902 -0.3364
vn -0.5470 -0.4562 -0.7019
vn 0.6587 0.2199 0.7195
vn -0.2441 0.8565 -0.4548
vn -0.5573 -0.6803 -0.4760
vn -0.4521 0.3793 -0.8072
vn 0.2425 0.4808 -0.8426
vn -0.9002 -0.1205 -0.4184
vn 0.3803 0.9208 -0.0862
vn 0.2651 0.7801 -0.5666
vn 0.1824 -0.7725 -0.6082
vn -0.0480 0.5363 -0.8426
vn -0.0431 0.9673 -0.2499
vn 0.9955 0.0909 -0.0280
vn -0.9963 0.0476 0.0714
vn -0.9968 0.0497 0.0621
vn -0.9969 0.0470 0.0627
vn -0.6441 -0.7580 0.1027
vn 0.4519 -0.8171 0.3579
vn -0.5113 0.4936 0.7034
vn 0.1643 0.9864 -0.0069
vn 0.6362 -0.0681 0.7685
vn -0.8059 0.0765 -0.5871
vn 0.2234 -0.9539 -0.2002
vn 0.2058 0.8706 0.4469
vn 0.4685 -0.6979 -0.5417
vn -0.0992 -0.8740 0.4757
vn -0.9685 -0.2476 0.0253
vn 0.3108 -0.9504 -0.0013
vn 0.1833 0.9280 0.3244
vn -0.1274 -0.2454 0.9610
vn -0.9186 -0.0890 -0.3849
vn 0.5909 -0.5398 -0.5996
vn -0.0321 0.7495 -0.6612
vn -0.1201 0.6930 0.7108
vn 0.2408 -0.8148 -0.5274
vn -0.3241 0.9444 0.0560
vn -0.4551 0.8903 -0.0154
vn 0.8429 -0.0796 0.5321
vn -0.7803 -0.5109 -0.3606
vn -0.5872 0.2640 -0.7651
vn 0.1032 -0.9945 -0.0171
vn 0.9803 -0.0942 -0.1735
vn -0.2665 0.2741 -0.9240
vn -0.9572 0.2568 -0.1336
vn 0.5731 -0.8126 -0.1058
vn -0.6656 -0.4494 -0.5958
vn 0.0507 0.9732 0.2243
vn -0.9738 0.1954 0.1165
vn 0.9908 0.1199 0.0629
vn 0.2064 0.9199 -0.3333
vn -0.3626 0.3931 0.8450
vn 0.0273 -0.3451 0.9381
vn 0.9715 -0.2345 -0.0342
vn -0.2207 0.4953 -0.8402
vn -0.3084 -0.1426 0.9405
vn 0.0845 0.7493 0.6568
vn -0.1718 -0.9317 0.3201
vn -0.4814 0.8398 -0.2506
vn 0.0393 -0.3934 -0.9185
vn 0.7559 0.0852 -0.6490
vn -0.3230 -0.9463 0.0082
vn 0.6110 -0.0847 0.7871
vn -0.5290 -0.4110 0.7424
vn 0.8437 -0.2096 -0.4941
vn -0.6464 -0.4977 -0.5782
vn -0.5988 0.7970 -0.0788
vn 0.8067 -0.5653 0.1724
vn 0.6679 0.6985 0.2568
vn -0.4224 -0.0885 0.9021
vn -0.0259 0.8124 -0.5824
vn 0.4106 0.4949 -0.7658
vn -0.4955 -0.2740 0.8243
vn 0.0053 -0.9913 0.1313
vn -0.2605 0.9630 -0.0689
vn -0.2738 0.5907 -0.7590
vn -0.9545 0.0302 -0.2967
vn -0.0481 -0.4534 -0.8900
vn -0.5430 -0.8062 -0.2346
vn -0.0064 0.9866 0.1629
vn 0.0029 -0.2439 0.9698
vn -0.4038 0.7152 0.5704
vn 0.9613 -0.2680 -0.0635
vn -0.0617 -0.9700 0.2349
vn 0.7496 0.6496 0.1270
vn -0.0302 0.3634 -0.9311
vn 0.0156 -0.1551 0.9878
vn 0.4108 -0.4974 0.7641
vn 0.5943 0.7734 0.2207
vn -0.0507 0.3764 -0.9250
vn -0.1303 -0.8201 -0.5572
vn -0.0023 -0.7247 -0.6890
vn -0.6422 0.7541 0.1375
vn 0.9437 0.2086 -0.2566
vn -0.1415 -0.1633 -0.9763
vn -0.7285 -0.6767 0.1065
vn 0.3385 -0.6540 0.6765
vn 0.3648 -0.9304 0.0351
vn -0.0910 0.6702 0.7366
vn -0.3909 0.4465 -0.8049
vn -0.6398 0.4876 0.5940
vn -0.6672 0.1850 0.7215
vn -0.5433 -0.3277 0.7729
vn -0.5900 -0.3380 0.7332
vn -0.0246 0.8437 -0.5361
vn -0.0907 -0.7920 0.6037
vn 0.9183 0.2287 0.3230
vn -0.2418 0.6563 -0.7147
vn -0.3331 0.6817 0.6514
vn 0.7755 -0.1997 -0.5989
vn 0.0409 -0.5247 0.8502
vn 0.2408 -0.3153 0.9179
vn 0.8800 -0.4621 0.1097
vn -0.5925 -0.8020 0.0758
vn 0.3550 0.8603 0.3658
vn 0.7367 0.5068 -0.4477
vn -0.2980 0.9539 0.0354
vn -0.3445 0.1084 -0.9325
vn -0.0067 0.0996 0.9950
vn 0.4443 -0.7028 0.5555
vn 0.5820 0.8112 -0.0569
vn 0.5824 -0.8070 0.0976
vn -0.8873 -0.3160 0.3358
vn 0.9745 -0.0607 0.2160
vn 0.3564 -0.5963 0.7193
vn 0.7786 -0.6030 -0.1735
vn 0.3994 -0.1333 -0.9070
vn 0.0287 -0.6173 -0.7862
vn 0.0709 0.1009 -0.9923
vn -0.3876 0.5947 -0.7043
vn 0.2942 0.5907 0.7513
vn -0.5636 -0.5874 0.5808
vn -0.7540 0.5982 0.2714
vn 0.0279 -0.6259 -0.7794
vn -0.8538 0.4123 -0.3178
vn -0.0175 0.9735 0.2278
vn -0.6309 -0.2543 -0.7329
vn 0.1845 -0.9805 -0.0679
vn -0.9898 -0.0165 0.1413
vn -0.2546 -0.7895 0.5585
vn 0.3152 0.2280 0.9212
vn -0.1259 0.9653 -0.2287
vn 0.7072 0.5831 -0.3998
vn -0.7459 -0.5819 -0.3240
vn 0.0329 -0.1012 -0.9943
vn 0.6939 -0.1846 -0.6960
vn 0.4223 0.3172 -0.8491
vn -0.4446 0.8085 -0.3854
vn 0.6458 -0.7274 -0.2318
vn 0.9371 0.3213 0.1364
vn 0.2842 0.5801 -0.7633
vn -0.7139 0.5212 -0.4676
vn -0.4574 -0.7820 -0.4233
vn 0.2136 -0.0841 -0.9733
vn 0.4612 -0.0916 -0.8826
vn -0.5940 0.5767 -0.5607
vn 0.4208 -0.2623 0.8684
vn -0.7499 0.0332 0.6607
vn -0.8167 0.1620 0.5538
vn -0.1721 -0.6942 0.6988
vn -0.0588 0.2429 0.9683
vn 0.5844 -0.8104 0.0407
vn -0.1047 -0.9629 -0.2486
vn -0.6854 -0.0807 -0.7237
vn -0.1584 0.0642 -0.9853
vn -0.5627 0.8264 0.0219
vn -0.0493 -0.9958 0.0769
vn -0.1563 -0.5491 0.8210
vn 0.0128 -0.1551 -0.9878
vn -0.0136 0.3894 0.9210
vn 0.0880 0.1228 0.9885
vn 0.7158 -0.6974 0.0364
vn 0.4686 0.1815 -0.8646
vn -0.1776 -0.8691 -0.4616
vn -0.7989 -0.5967 0.0745
vn -0.1576 0.9475 0.2782
vn -0.9618 0.1435 -0.2332
vn -0.9838 -0.1737 0.0438
vn 0.0070 0.0579 -0.9983
vn 0.4602 0.8772 0.1370
vn -0.4633 0.8514 -0.2457
vn -0.6345 0.7667 0.0972
vn -0.8460 -0.4633 0.2636
vn 0.6854 0.6956 -0.2153
vn 0.6496 -0.6002 -0.4665
vn 0.2543 -0.8834 0.3936
vn 0.4135 0.3534 -0.8390
vn 0.5907 0.3159 0.7424
vn 0.7391 -0.5412 -0.4010
vn 0.2266 0.7618 0.6069
vn -0.1089 -0.9554 0.2744
vn -0.0449 -0.9919 0.1189
vn -0.7049 -0.6780 -0.2083
vn 0.3336 -0.3030 -0.8927
vn -0.1827 -0.2257 -0.9569
vn -0.2918 -0.9537 -0.0730
vn 0.1934 -0.0984 0.9762
vn -0.1751 0.0698 0.9821
vn 0.2254 -0.9742 0.0096
vn 0.0003 -0.8928 0.4505
vn -0.0318 -0.2527 -0.9670
vn 0.1604 0.1569 -0.9745
vn -0.0615 0.9598 0.2738
vn 0.7768 0.4257 0.4640
vn -0.6743 0.1503 -0.7229
vn -0.5468 -0.0085 0.8372
vn -0.8639 -0.3468 -0.3651
vn 0.3927 -0.6452 -0.6554
vn 0.0313 0.9783 -0.2047
vn 0.8332 -0.5416 0.1111
vn 0.8310 -0.5419 0.1254
vn 0.8298 -0.5423 0.1314
vn 0.7776 0.3777 0.5025
vn 0.5120 -0.8100 0.2858
vn 0.4570 0.7620 -0.4588
vn -0.7057 -0.7025 0.0918
vn 0.0888 0.5950 0.7988
vn 0.2171 -0.8305 -0.5130
vn -0.4119 0.2059 0.8876
vn 0.3129 0.8064 -0.5018
vn 0.3990 -0.5004 -0.7683
vn -0.0067 0.9666 0.2562
vn 0.1668 0.7262 0.6669
vn -0.6592 -0.6675 0.3461
vn -0.8056 -0.3425 0.4834
vn 0.1420 -0.5403 -0.8294
vn 0.3449 0.8890 0.3012
vn -0.8734 -0.3443 0.3442
vn 0.2220 0.6404 0.7353
vn -0.6422 0.7390 -0.2035
vn -0.0357 -0.7565 0.6530
vn -0.0160 0.0351 -0.9992
vn -0.1093 -0.3040 -0.9463
vn 0.1201 0.2255 0.9668
vn 0.8539 -0.4062 -0.3253
vn -0.7002 0.7096 -0.0784
vn 0.8262 -0.0606 0.5600
vn 0.5702 0.4919 -0.6579
vn -0.6090 0.3471 -0.7132
vn -0.2218 0.1807 -0.9582
vn 0.2955 0.4191 -0.8585
vn -0.1154 0.0913 0.9891
vn 0.5087 -0.7570 0.4101
vn 0.0066 -0.0045 -0.9999
vn 0.9796 -0.1989 0.0257
vn 0.1350 -0.0782 0.9877
vn 0.1381 0.9886 0.0605
vn 0.0015 -0.2880 -0.9576
vn -0.0775 -0.0845 -0.9934
vn 0.1526 0.0463 -0.9872
vn 0.6466 0.0000 0.7628
vn -0.8687 -0.4266 0.2517
vn -0.9239 -0.2795 0.2614
vn -0.0005 0.9786 -0.2055
vn -0.9300 -0.0409 0.3652
vn 0.7980 -0.0502 0.6005
vn -0.7636 -0.3666 -0.5315
vn 0.3242 0.0585 -0.9442
vn -0.7922 -0.5077 0.3385
vn -0.7824 -0.5186 0.3448
vn -0.7918 -0.5072 0.3403
vn 0.0930 0.9366 -0.3379
vn -0.5284 0.7806 -0.3339
vn 0.4376 -0.8712 -0.2223
vn 0.5139 0.3899 -0.7641
vn -0.7158 -0.6935 -0.0820
vn -0.3622 0.6661 -0.6520
vn 0.1291 0.8081 -0.5746
vn 0.0689 0.9635 -0.2586
vn -0.4632 0.8829 0.0771
vn 0.3882 -0.3854 0.8371
vn -0.3120 0.5754 0.7560
vn 0.0565 -0.1829 -0.9815
vn 0.5181 -0.8118 -0.2692
vn -0.4068 -0.3772 -0.8320
vn 0.6829 0.7234 0.1013
vn -0.5500 -0.7476 -0.3721
vn -0.6871 -0.5473 0.4777
vn 0.0525 0.5518 -0.8323
vn 0.2283 0.9445 -0.2360
vn -0.8492 0.2567 0.4614
vn 0.4158 -0.0440 0.9084
vn -0.0064 -0.9016 0.4324
vn -0.9129 -0.3738 -0.1639
vn 0.4352 0.4860 -0.7579
vn -0.1505 0.0566 0.9870
vn 0.1279 -0.4201 -0.8984
vn 0.6051 0.5667 0.5592
vn 0.1740 0.8330 0.5252
vn -0.0389 -0.2634 -0.9639
vn -0.0320 -0.7160 0.6973
vn 0.0263 -0.2052 0.9783
vn 0.1667 0.5860 0.7930
vn 0.0918 -0.0347 -0.9951
vn 0.0418 0.4178 0.9076
vn 0.0311 -0.9710 -0.2371
vn -0.0491 0.5339 -0.8441
vn 0.0157 0.8058 0.5919
vn -0.5553 0.8282 -0.0757
vn -0.2266 0.8921 0.3910
vn -0.3469 0.9037 -0.2507
vn -0.5383 0.7077 -0.4575
vn -0.0572 -0.2022 -0.9777
vn 0.1671 -0.3671 0.9150
vn 0.1137 -0.9920 -0.0552
vn -0.1310 0.9909 0.0292
vn -0.6989 -0.1952 0.6881
vn 0.8276 0.5563 0.0745
vn -0.3223 -0.6745 -0.6642
vn 0.5298 0.6299 0.5679
vn -0.1684 0.8130 -0.5573
vn -0.5987 0.8005 -0.0254
vn -0.4931 0.7182 -0.4909
vn -0.7709 0.2037 0.6035
vn 0.0937 -0.9786 0.1832
vn -0.1219 0.9847 -0.1246
vn 0.9956 0.0535 -0.0771
vn 0.1228 -0.5648 0.8160
vn 0.0730 0.9578 0.2779
vn 0.8443 -0.3160 0.4328
vn -0.9635 0.2671 0.0189
vn 0.8490 -0.3406 -0.4038
vn 0.4026 0.6089 0.6834
vn -0.4344 0.1504 0.8881
vn -0.5963 -0.1519 0.7882
vn 0.8303 0.2579 0.4940
vn -0.1689 -0.1117 -0.9793
vn -0.8864 -0.4373 -0.1520
vn -0.8175 0.3558 -0.4529
vn -0.2888 -0.6492 0.7037
vn 0.6741 -0.5543 -0.4882
vn 0.9003 0.4350 0.0133
vn 0.2021 -0.6661 0.7179
vn 0.7018 0.5594 0.4411
vn 0.3328 -0.9058 -0.2624
vn -0.3638 0.5571 -0.7465
vn -0.1318 -0.0731 -0.9886
vn 0.3948 -0.8342 -0.3851
vn 0.8530 -0.4991 0.1522
vn 0.9986 0.0047 -0.0521
vn 0.4386 -0.5096 0.7402
vn 0.2786 -0.9040 -0.3244
vn -0.6887 -0.5016 -0.5236
vn -0.2184 -0.1939 -0.9564
vn -0.8100 -0.1407 0.5693
vn -0.8975 0.4125 -0.1559
vn 0.2760 -0.5593 0.7816
vn 0.7392 -0.4981 -0.4532
vn -0.3788 -0.8838 -0.2744
vn 0.2036 -0.9495 0.2387
vn -0.3419 0.4076 0.8467
vn 0.1129 -0.6521 0.7496
vn -0.2017 0.7671 -0.6090
vn 0.1793 -0.0501 0.9825
vn 0.0291 -0.9095 -0.4146
vn -0.6330 0.7734 0.0334
vn 0.3580 -0.5548 0.7510
vn 0.8501 -0.3728 0.3719
vn -0.4014 0.9117 0.0869
vn -0.8511 0.4278 -0.3041
vn 0.6403 0.4909 -0.5907
vn 0.3729 0.0744 -0.9249
vn 0.3674 0.0497 0.9287
vn -0.0245 0.9703 -0.2407
vn 0.0930 -0.1552 -0.9835
vn -0.7353 -0.2035 -0.6465
vn -0.6673 0.6701 -0.3252
vn -0.0810 -0.4830 -0.8719
vn 0.5104 0.8584 -0.0522
vn 0.4987 0.8650 -0.0545
vn 0.5002 0.8640 -0.0568
vn 0.7541 0.5036 -0.4216
vn 0.4273 0.8091 0.4035
vn -0.6765 0.0240 0.7360
vn 0.4244 -0.5458 -0.7224
vn 0.4687 -0.6406 0.6082
vn 0.3141 0.2877 -0.9047
vn -0.3652 0.4081 -0.8367
vn 0.7848 0.4639 0.4108
vn 0.4760 -0.2713 -0.8365
vn -0.1955 -0.9529 -0.2318
vn -0.0616 0.2947 -0.9536
vn 0.1031 0.7844 0.6116
vn 0.1685 -0.8208 0.5458
vn 0.1155 0.9792 -0.1668
vn -0.9159 0.0347 0.3999
vn 0.3742 0.8900 0.2604
vn 0.7951 -0.2522 -0.5514
vn -0.2393 0.5601 0.7931
vn -0.3759 0.7870 -0.4892
vn 0.5951 -0.5777 0.5586
vn 0.2308 0.7086 0.6667
vn 0.1241 0.7362 0.6652
vn -0.0379 0.6269 -0.7781
vn -0.3086 0.4498 0.8381
vn -0.8824 -0.2832 0.3757
vn -0.6152 -0.6330 -0.4699
vn 0.0149 -0.2970 -0.9547
vn 0.2010 -0.2879 -0.9363
vn -0.0552 0.1549 -0.9864
vn -0.8357 0.2713 0.4775
vn -0.8392 0.2797 0.4662
vn -0.8462 0.2786 0.4541
vn -0.7353 -0.5570 -0.3862
vn -0.5026 -0.6687 -0.5479
vn -0.4320 -0.5737 0.6958
vn -0.9762 -0.0495 0.2109
vn -0.1039 -0.9931 0.0533
vn 0.4032 -0.1463 0.9033
vn 0.0936 0.5585 0.8242
vn -0.0561 -0.3810 0.9228
vn 0.6609 0.7504 -0.0039
vn 0.2423 -0.9184 -0.3127
vn 0.2195 -0.9754 -0.0214
vn 0.8873 -0.4588 -0.0464
vn 0.7291 -0.5645 -0.3870
vn 0.6270 -0.4461 0.6386
vn 0.0688 -0.2600 -0.9632
vn -0.5478 0.6942 -0.4669
vn -0.8521 0.4471 -0.2721
vn -0.4534 -0.8617 -0.2279
vn 0.2216 -0.8359 0.5021
vn 0.3786 0.1169 -0.9181
vn 0.9413 -0.1165 -0.3168
vn -0.9373 0.0010 -0.3483
vn -0.2796 0.8674 0.4116
vn -0.0505 -0.9471 0.3170
vn 0.0111 0.3646 0.9311
vn 0.5465 0.3358 -0.7672
vn 0.8880 0.3532 -0.2945
vn -0.6153 0.7239 -0.3120
vn 0.2429 -0.0381 0.9693
vn -0.6281 -0.3056 -0.7156
vn 0.3077 -0.9405 -0.1442
vn 0.0130 -0.1045 0.9944
vn 0.0088 0.0989 -0.9951
vn -0.8037 -0.4838 0.3463
vn 0.2492 -0.7225 -0.6449
vn -0.2900 0.8370 0.4641
vn 0.0856 -0.7108 0.6981
vn -0.0214 -0.5926 -0.8052
vn -0.0126 0.9316 -0.3631
vn 0.0671 0.8314 0.5515
vn 0.1538 0.4171 -0.8957
vn -0.3909 -0.0946 -0.9156
vn 0.1320 0.0634 0.9892
vn 0.9595 0.0773 0.2709
vn -0.7203 0.5286 0.4491
vn 0.8777 -0.4639 0.1200
vn 0.5824 0.6249 0.5199
vn -0.1533 -0.6928 0.7046
vn -0.7168 0.6690 0.1965
vn 0.2519 0.8326 0.4932
vn 0.5578 0.2473 0.7923
vn -0.0299 0.2475 -0.9684
vn 0.3121 -0.6053 0.7323
vn -0.0446 -0.9990 -0.0035
vn -0.5988 -0.6829 -0.4184
vn 0.1804 -0.0388 -0.9828
vn -0.2798 -0.3127 -0.9077
vn -0.5811 -0.1993 0.7890
vn -0.0526 -0.2464 0.9677
vn 0.0551 -0.6625 0.7470
vn 0.3359 -0.9408 0.0450
vn 0.7020 0.6488 0.2938
vn 0.0816 -0.9965 -0.0177
vn -0.3595 -0.0096 -0.9331
vn -0.1816 0.8361 -0.5175
vn 0.2637 0.8769 0.4019
vn 0.6626 -0.7298 -0.1682
vn -0.3779 -0.9245 -0.0494
vn -0.4819 0.8732 0.0733
vn 0.6483 0.6425 -0.4085
vn -0.1584 0.2354 -0.9589
vn 0.0780 0.5569 0.8269
vn 0.2081 -0.7191 -0.6630
vn -0.2855 0.2802 -0.9165
vn 0.7636 -0.1764 0.6211
vn 0.1111 0.9933 0.0312
vn -0.3031 -0.1579 -0.9398
vn 0.6632 0.6255 0.4108
vn -0.1973 -0.1927 0.9612
vn 0.0931 0.9190 -0.3831
vn -0.3246 -0.6097 -0.7231
vn -0.1859 0.3926 0.9007
vn 0.8634 0.4342 -0.2567
vn 0.5663 -0.7626 0.3126
vn 0.1323 -0.7512 0.6467
vn -0.2260 0.7734 -0.5923
vn 0.8969 0.4422 -0.0014
vn 0.2195 0.9672 -0.1279
vn -0.3710 0.3194 0.8720
vn -0.3925 0.1229 0.9115
vn 0.8883 0.2539 0.3827
vn 0.5074 -0.8515 0.1320
vn 0.0355 0.9410 -0.3366
vn 0.0965 -0.9612 -0.2582
vn 0.2762 -0.5195 0.8086
vn -0.6906 -0.6992 -0.1849
vn -0.5206 -0.8337 0.1843
vn 0.4179 0.9044 -0.0858
vn 0.0000 1.0000 0.0000
vn 0.4534 0.6045 -0.6549
vn 0.4201 0.6192 -0.6634
vn 0.4331 0.6114 -0.6623
vn 0.3117 0.9283 0.2029
vn 0.2752 0.9220 -0.2723
vn -0.0126 -0.9143 -0.4048
vn -0.0876 0.9932 0.0766
vn 0.2595 0.9373 -0.2324
vn 0.2358 -0.7718 -0.5904
vn 0.6994 0.3627 -0.6159
vn -0.5110 -0.2544 0.8210
vn -0.2774 -0.8958 -0.3471
vn -0.0043 0.2519 0.9677
vn -0.1891 -0.2532 -0.9487
vn 0.2189 -0.2108 0.9527
vn 0.1358 -0.9525 -0.2723
vn -0.4098 -0.7428 0.5294
vn -0.4476 -0.7195 0.5310
vn -0.4315 -0.7426 0.5121
vn 0.1556 0.9745 -0.1617
vn -0.8038 -0.4620 0.3748
vn -0.8039 -0.4587 0.3784
vn -0.8073 -0.4567 0.3735
vn 0.5500 -0.7693 0.3250
vn -0.3301 -0.9381 0.1050
vn -0.1009 -0.8396 -0.5337
vn 0.6436 0.6903 -0.3303
vn 0.5497 0.6457 0.5300
vn -0.0284 -0.5419 0.8400
vn -0.6464 0.3900 0.6557
vn 0.6059 -0.6784 -0.4155
vn -0.1435 -0.7140 -0.6853
vn 0.4290 -0.8927 0.1380
vn -0.6517 0.7576 0.0370
vn -0.0734 0.1549 0.9852
vn -0.0253 0.4774 -0.8783
vn 0.5204 -0.7233 -0.4538
vn 0.0847 -0.4545 0.8867
vn 0.0946 -0.1301 -0.9870
vn -0.9992 0.0028 0.0403
vn -0.0255 -0.9008 0.4335
vn 0.2579 -0.7081 0.6573
vn -0.0828 0.8003 -0.5938
vn -0.0007 -0.8696 -0.4937
vn -0.5357 0.6724 -0.5107
vn -0.7935 -0.4871 0.3648
vn -0.8163 -0.4501 0.3619
vn -0.8311 -0.4132 0.3723
vn 0.2806 -0.7518 -0.5966
vn -0.1611 -0.7947 0.5851
vn 0.4036 0.3293 0.8536
vn -0.7179 0.6647 -0.2067
vn -0.1232 -0.9834 -0.1330
vn 0.6630 0.6362 0.3945
vn 0.2751 0.7106 -0.6475
vn 0.3151 0.9125 0.2607
vn 0.2370 -0.8183 0.5237
vn -0.5747 0.7692 -0.2793
vn 0.6936 -0.0371 0.7194
vn -0.3190 0.8798 0.3522
vn 0.2271 -0.4987 0.8365
vn 0.0258 -0.2538 -0.9669
vn 0.2302 0.9189 0.3202
vn 0.1154 0.9894 0.0876
vn -0.8337 -0.3381 -0.4364
vn -0.4344 -0.3095 0.8458
vn -0.0985 -0.0492 0.9939
vn -0.3638 -0.0503 0.9301
vn -0.7926 0.5938 -0.1382
vn -0.0768 0.0796 0.9938
vn -0.8623 0.4133 0.2923
vn -0.4391 -0.5544 0.7070
vn -0.9193 -0.2104 -0.3325
vn -0.2928 0.7935 -0.5334
vn 0.5727 0.2160 -0.7908
vn 0.1212 0.1593 -0.9797
vn -0.1177 0.8604 -0.4957
vn 0.1856 -0.9668 -0.1754
vn 0.9173 0.0286 0.3971
vn 0.8360 0.4618 -0.2963
vn 0.7590 -0.6399 -0.1199
vn 0.0756 -0.9779 0.1950
vn -0.1423 -0.8746 0.4635
vn 0.2295 -0.0042 -0.9733
vn -0.3600 0.3112 -0.8795
vn 0.2094 -0.9221 -0.3252
vn 0.0691 -0.1964 0.9781
vn 0.9673 -0.1567 -0.1996
vn 0.5629 0.5038 0.6552
vn -0.1174 0.2309 0.9658
vn 0.6150 -0.4170 -0.6691
vn -0.5021 0.7717 -0.3902
vn 0.3128 -0.2204 0.9239
vn -0.6456 0.6233 0.4411
vn 0.0102 0.9057 -0.4237
vn 0.8151 -0.1209 0.5665
vn 0.8800 -0.1047 0.4631
vn -0.0987 0.9291 0.3563
vn -0.2460 -0.9498 0.1934
vn -0.6063 -0.7766 0.1710
vn -0.1559 -0.4892 0.8581
vn -0.3364 -0.9086 -0.2475
vn 0.8692 -0.2095 -0.4477
vn -0.1012 -0.0454 -0.9938
vn -0.5899 0.5376 0.6025
vn -0.3374 -0.5945 0.7298
vn -0.0568 0.0804 0.9951
vn -0.1949 -0.2185 -0.9561
vn -0.0468 0.3393 0.9395
vn -0.1349 0.8145 -0.5641
vn 0.2574 0.4345 0.8631
vn 0.9922 -0.0586 -0.1093
vn -0.9931 -0.1148 -0.0218
vn 0.8891 -0.2244 -0.3988
vn -0.6661 -0.0974 0.7395
vn 0.3964 0.0255 0.9177
vn 0.3466 -0.7419 0.5739
vn 0.3156 -0.8024 0.5065
vn 0.3291 -0.7698 0.5469
vn 0.1135 0.2510 -0.9613
vn 0.2085 -0.4930 0.8447
vn -0.3480 0.3838 -0.8553
vn -0.1623 -0.9767 0.1403
vn -0.7225 0.1940 0.6635
vn 0.0411 -0.1285 -0.9908
vn -0.3092 -0.9500 0.0433
vn -0.3529 -0.4990 0.7915
vn -0.1908 -0.5490 -0.8137
vn 0.9206 0.2779 0.2744
vn -0.3021 0.1848 0.9351
vn 0.0497 0.9196 0.3895
vn 0.2382 -0.9124 0.3327
vn 0.5338 0.4297 -0.7282
vn 0.8615 -0.4995 -0.0907
vn 0.4808 -0.2002 0.8537
vn 0.3615 0.9288 0.0811
vn 0.9776 0.1891 -0.0920
vn 0.1740 0.3643 0.9149
vn -0.9214 -0.3782 0.0894
vn -0.2019 0.5346 0.8206
vn -0.3893 -0.6322 -0.6699
vn 0.7384 -0.0407 -0.6731
vn 0.5435 0.7660 0.3433
vn 0.2408 -0.2188 0.9456
vn 0.0165 0.5742 -0.8185
vn 0.9284 0.3276 -0.1753
vn 0.2137 0.4669 0.8581
vn 0.2285 -0.9656 0.1240
vn -0.4291 0.9032 -0.0089
vn -0.7671 0.3737 0.5213
vn -0.1873 -0.5073 0.8411
vn -0.7897 -0.6085 -0.0772
vn 0.2896 -0.6769 -0.6766
vn 0.7068 -0.5460 0.4498
vn 0.9948 -0.0684 -0.0759
vn 0.8216 0.3354 0.4610
vn -0.4171 -0.6004 -0.6823
vn 0.6516 0.7583 -0.0196
vn 0.2026 -0.1480 0.9680
vn 0.8775 0.4792 0.0156
vn 0.0213 0.6273 -0.7784
vn 0.2293 -0.5589 -0.7968
vn 0.2387 -0.5569 -0.7956
vn 0.2374 -0.5578 -0.7953
vn -0.8869 -0.2667 -0.3772
vn 0.0607 -0.5054 0.8607
vn -0.5266 0.4623 0.7134
vn 0.7805 -0.6002 0.1745
vn -0.5650 0.0705 0.8220
vn 0.5716 -0.1369 0.8090
vn -0.8540 0.4861 -0.1852
vn 0.0249 0.0641 -0.9976
vn -0.4239 0.6044 -0.6745
vn 0.2740 0.9340 -0.2292
vn -0.6795 0.5521 -0.4830
vn -0.2611 0.7811 -0.5672
vn 0.0346 0.4187 0.9075
vn -0.7762 -0.0624 0.6273
vn -0.2498 -0.3963 -0.8835
vn -0.0325 -0.4471 -0.8939
vn 0.9347 0.2761 -0.2238
vn 0.3093 -0.7991 0.5155
vn 0.3071 -0.8029 0.5109
vn 0.3088 -0.8021 0.5111
vn 0.1315 0.4534 0.8815
vn -0.3477 0.7092 -0.6132
vn -0.0552 -0.5701 -0.8197
vn 0.2012 0.6539 -0.7293
vn 0.2274 0.6503 -0.7249
vn 0.1914 0.6519 -0.7337
vn -0.5477 0.1267 0.8270
vn -0.5248 0.8143 0.2478
vn -0.8513 -0.5178 0.0845
vn 0.4541 0.6197 0.6401
vn 0.0000 -0.8320 -0.5547
vn 0.0000 -0.9487 -0.3162
vn -0.3431 -0.4911 -0.8006
vn 0.2417 0.8714 -0.4269
vn 0.5774 0.7132 0.3973
vn 0.6430 -0.7046 0.3000
vn -0.4522 0.8080 -0.3777
vn -0.1831 -0.1130 -0.9766
vn 0.3317 0.4959 0.8025
vn 0.1949 0.9630 0.1862
vn 0.2241 -0.3299 -0.9170
vn -0.1399 0.0528 0.9887
vn -0.2703 -0.7160 -0.6436
vn 0.1268 0.9090 -0.3970
vn -0.2024 0.2239 0.9534
vn -0.1785 0.9720 -0.1529
vn -0.6942 0.4240 -0.5817
vn -0.3032 -0.0517 -0.9515
vn 0.6086 -0.1088 -0.7859
vn -0.5053 0.6412 0.5775
vn 0.7761 -0.0028 0.6306
vn 0.9329 -0.2809 0.2253
vn -0.6811 0.2127 0.7006
vn -0.3262 0.4506 -0.8310
vn 0.0682 0.9310 -0.3586
vn -0.2602 -0.6241 0.7367
vn 0.0753 -0.9142 0.3981
vn -0.0516 0.8892 -0.4546
vn -0.3030 -0.8548 0.4212
vn -0.0762 0.6609 0.7466
vn -0.9543 0.1747 -0.2424
vn -0.7476 0.6574 -0.0942
vn 0.4596 0.4741 -0.7509
vn 0.9746 -0.0620 -0.2150
vn 0.8586 0.5096 -0.0555
vn -0.7387 -0.6427 -0.2030
vn 0.0427 0.8682 -0.4943
vn 0.7505 -0.0745 0.6566
vn 0.5422 -0.6525 -0.5293
vn -0.1816 -0.2928 0.9387
vn 0.5083 -0.8529 0.1190
vn 0.1073 0.9599 0.2591
vn -0.9582 -0.1386 -0.2503
vn -0.5736 -0.6920 0.4384
vn -0.6056 -0.6396 0.4733
vn -0.6041 -0.6540 0.4554
vn -0.9126 -0.3848 -0.1381
vn -0.0702 0.9928 0.0969
vn 0.3588 0.8996 -0.2487
vn 0.0981 0.9527 -0.2876
vn 0.1044 0.9581 -0.2666
vn 0.0042 0.1174 0.9931
vn -0.3914 -0.4730 -0.7893
vn -0.2372 0.7891 0.5665
vn 0.8694 -0.3679 -0.3296
vn 0.9728 -0.2035 0.1104
vn -0.3746 0.9024 0.2130
vn 0.0516 -0.9478 0.3145
vn -0.3327 -0.1362 -0.9331
vn -0.9285 -0.1251 -0.3496
vn -0.2613 0.6709 0.6940
vn 0.0404 0.1648 -0.9855
vn 0.4730 0.8631 -0.1769
vn 0.0243 -0.7014 -0.7123
vn 0.0243 -0.7004 -0.7133
vn 0.0241 -0.7008 -0.7129
vn 0.9988 -0.0345 -0.0338
vn -0.0234 -0.9923 0.1218
vn 0.7099 -0.2655 -0.6523
vn 0.3354 -0.2511 -0.9080
vn -0.2699 -0.5507 0.7898
vn 0.8942 0.0542 0.4444
vn 0.1526 0.8895 -0.4306
vn -0.4547 -0.2851 0.8437
vn 0.3192 -0.6746 -0.6656
vn 0.0049 0.0979 0.9952
vn -0.9750 -0.1685 0.1450
vn -0.6366 -0.3453 -0.6896
vn -0.5781 -0.5724 0.5814
vn -0.6616 0.0000 0.7498
vn -0.3293 0.0000 0.9442
vn -0.3512 0.0879 0.9321
vn -0.2872 0.8755 0.3884
vn -0.5483 -0.0205 -0.8360
vn 0.5088 -0.8473 -0.1525
vn 0.9752 0.0404 -0.2174
vn -0.6627 0.6986 -0.2697
vn 0.1383 -0.6082 -0.7816
vn -0.2538 0.9530 -0.1652
vn 0.5861 0.4336 0.6844
vn -0.2194 0.6189 0.7542
vn -0.1433 0.6485 0.7476
vn 0.4077 -0.3878 0.8267
vn -0.0721 -0.4436 -0.8933
vn -0.6362 0.6057 -0.4778
vn 0.8118 0.1160 0.5723
vn 0.2445 -0.3837 -0.8904
vn 0.2216 0.8291 -0.5133
vn -0.6990 0.4976 -0.5136
vn -0.0361 0.0491 -0.9981
vn -0.1271 -0.9483 0.2907
vn -0.5743 -0.6648 0.4776
vn -0.5671 -0.6785 0.4668
vn -0.5338 -0.7156 0.4505
vn 0.1183 -0.9484 0.2942
vn 0.4276 0.8538 0.2970
vn -0.2823 0.9580 -0.0494
vn -0.2943 0.2163 0.9309
vn -0.0878 -0.9507 -0.2975
vn 0.8944 -0.0359 -0.4457
vn -0.7156 -0.5263 0.4592
vn 0.6272 -0.5001 -0.5970
vn -0.0927 -0.9635 0.2510
vn 0.6919 -0.4286 -0.5810
vn -0.6912 0.6969 -0.1911
vn -0.5094 0.0180 0.8603
vn 0.1571 0.2918 -0.9434
vn 0.5647 -0.5988 -0.5679
vn 0.0009 -0.7352 0.6778
vn -0.5784 0.0269 -0.8153
vn -0.3366 0.9062 -0.2558
vn -0.6978 0.2212 0.6812
vn 0.5060 0.5914 0.6278
vn 0.0370 -0.5998 0.7992
vn -0.4337 -0.4870 0.7580
vn 0.8825 -0.4698 0.0203
vn 0.6017 -0.7738 0.1979
vn 0.6787 0.3036 -0.6687
vn 0.0491 0.7234 -0.6886
vn 0.7837 -0.1204 -0.6094
vn 0.1086 0.9517 -0.2870
vn 0.9715 -0.2330 -0.0426
vn -0.6962 0.7166 0.0417
vn -0.6523 0.6342 0.4150
vn 0.8315 -0.2734 -0.4836
vn -0.3710 0.9264 0.0638
vn 0.3927 -0.7924 0.4666
vn 0.4416 -0.0582 -0.8953
vn 0.3452 -0.0704 0.9359
vn 0.1498 -0.6940 0.7042
vn 0.3934 -0.9127 0.1104
vn -0.7617 0.6285 0.1572
vn -0.5756 -0.5550 -0.6005
vn -0.6059 0.3320 0.7229
vn -0.6336 -0.7614 -0.1369
vn -0.2580 0.4693 -0.8445
vn -0.0824 -0.6552 -0.7509
vn -0.5813 0.6506 0.4886
vn 0.5136 -0.0445 0.8569
vn 0.7070 0.6756 -0.2090
vn -0.7836 0.1359 -0.6062
vn -0.3749 0.0932 0.9223
vn -0.8677 -0.4037 0.2899
vn 0.2563 0.5178 0.8162
vn -0.9197 -0.3133 -0.2366
vn -0.1841 -0.8627 0.4710
vn -0.9105 -0.3802 -0.1624
vn 0.4661 -0.8719 -0.1503
vn -0.5743 -0.7378 0.3547
vn 0.5579 0.7245 0.4046
vn 0.2540 -0.2665 -0.9297
vn -0.3530 -0.9294 -0.1077
vn -0.5014 0.7001 -0.5084
vn -0.5589 0.6583 -0.5042
vn -0.3254 -0.5444 -0.7731
vn 0.3598 -0.1176 -0.9256
vn -0.2400 -0.0651 0.9686
vn 0.6392 -0.5036 -0.5811
vn 0.6406 -0.4990 -0.5835
vn 0.6390 -0.4992 -0.5852
vn 0.6985 -0.0053 0.7156
vn 0.7026 0.0570 0.7093
vn 0.6987 0.0622 0.7127
vn 0.3722 0.9273 -0.0392
vn -0.3109 -0.4966 -0.8104
vn -0.8505 0.4977 -0.1700
vn 0.7454 -0.1499 0.6495
vn -0.5660 0.0430 -0.8233
vn 0.6663 -0.5453 -0.5086
vn 0.4551 0.0136 0.8903
vn -0.5999 0.2629 -0.7556
vn -0.4770 -0.6148 -0.6281
vn -0.3674 0.1473 -0.9183
vn -0.2414 -0.0165 0.9703
vn 0.7095 0.3569 -0.6076
vn -0.1369 -0.9211 -0.3645
vn 0.0334 0.4953 -0.8681
vn 0.6570 -0.7497 -0.0788
vn 0.8004 -0.4499 0.3961
vn -0.4173 0.4844 -0.7689
vn -0.4042 -0.5507 -0.7303
vn -0.9069 0.3784 0.1853
vn -0.4864 0.4227 0.7647
vn 0.4670 -0.7773 0.4215
vn 0.4423 -0.7870 0.4301
vn 0.4233 -0.7910 0.4418
vn -0.3541 -0.7702 0.5304
vn 0.2740 -0.0496 0.9604
vn 0.5332 0.4060 -0.7422
vn -0.3383 0.2177 -0.9155
vn -0.1983 -0.7560 -0.6238
vn -0.8895 -0.2567 -0.3780
vn 0.0410 0.9821 0.1834
vn -0.8837 0.2159 0.4153
vn -0.4686 -0.0327 -0.8828
vn 0.0803 0.8639 0.4971
vn 0.0948 0.8570 0.5066
vn 0.0826 0.8788 0.4698
vn -0.0586 -0.9977 0.0341
vn 0.3261 0.8847 0.3331
vn -0.0890 0.7184 -0.6899
vn 0.3632 0.9124 0.1885
vn -0.5494 -0.7249 0.4155
vn -0.4812 -0.7374 -0.4738
vn -0.4418 -0.3264 -0.8356
vn 0.5369 0.6658 -0.5182
vn 0.7914 -0.3266 -0.5167
vn -0.8179 -0.5024 0.2804
vn -0.8057 -0.4969 0.3223
vn -0.8111 -0.4866 0.3244
vn 0.5631 -0.2015 0.8014
vn 0.0150 0.4242 -0.9054
vn -0.1069 0.6277 -0.7710
vn -0.1489 0.5870 -0.7957
vn -0.1621 -0.8514 0.4988
vn -0.5711 0.7566 0.3185
vn 0.9156 -0.3250 0.2366
vn -0.5961 0.6478 -0.4744
vn 0.6510 -0.7342 -0.1926
vn 0.3345 -0.3059 -0.8913
vn 0.3113 0.0349 0.9497
vn 0.5417 -0.7512 -0.3771
vn -0.5238 -0.5703 -0.6328
vn -0.7539 0.4814 -0.4472
vn -0.8316 -0.3454 0.4349
vn 0.3071 -0.4311 0.8484
vn -0.6081 0.6458 0.4617
vn 0.2721 -0.2026 -0.9407
vn 0.1375 0.9082 -0.3952
vn 0.1193 -0.8639 0.4892
vn -0.4224 -0.8748 0.2371
vn 0.7355 -0.1733 0.6550
vn 0.6155 -0.0888 -0.7831
vn 0.0332 0.9755 0.2175
vn -0.9392 0.2472 -0.2383
vn 0.3550 0.6644 -0.6577
vn -0.0827 -0.9333 -0.3494
vn -0.3864 -0.8122 0.4371
vn 0.6436 -0.5738 -0.5065
vn -0.8392 -0.5041 -0.2040
vn -0.0042 -0.8922 0.4516
vn 0.4177 0.3761 0.8271
vn 0.8001 0.1129 -0.5891
vn -0.1669 0.7140 0.6800
vn 0.0212 -0.5961 -0.8025
vn 0.6808 0.7305 -0.0532
vn 0.1055 -0.8088 0.5785
vn -0.8361 0.5142 0.1913
vn -0.3691 0.7479 -0.5518
vn 0.0905 -0.3865 -0.9178
vn 0.9060 0.3835 0.1789
vn 0.1486 -0.8141 0.5614
vn -0.1871 -0.3943 0.8997
vn 0.9040 0.2652 0.3352
vn -0.2104 0.9776 0.0064
vn -0.7255 -0.3187 0.6099
vn 0.2641 -0.4321 -0.8623
vn 0.4180 0.5018 0.7573
vn -0.8022 -0.4129 0.4311
vn -0.6527 -0.4803 -0.5859
vn -0.0273 -0.9771 -0.2111
vn -0.3715 -0.8513 0.3705
vn -0.3920 0.7240 0.5675
vn -0.6390 -0.7340 -0.2300
vn -0.2127 0.9702 -0.1155
vn 0.0504 0.8711 -0.4885
vn 0.0408 0.9395 -0.3401
vn -0.4843 0.7087 -0.5130
vn -0.4760 -0.5181 -0.7106
vn 0.9026 -0.3282 -0.2784
vn 0.5965 0.1156 0.7942
vn -0.3022 0.0085 -0.9532
vn -0.6159 0.2448 0.7488
vn -0.0274 0.9104 0.4127
vn -0.3454 0.4043 0.8469
vn -0.1531 -0.9845 -0.0852
vn 0.2103 -0.3346 0.9186
vn 0.9360 0.0246 -0.3510
vn -0.9372 0.0390 -0.3466
vn 0.3555 -0.0396 -0.9338
vn 0.7241 0.1549 -0.6720
vn -0.3198 0.3487 0.8809
vn 0.7202 0.4365 0.5392
vn 0.7057 -0.0436 0.7072
vn 0.9058 -0.3435 -0.2480
vn 0.1864 0.9538 -0.2354
vn -0.3653 0.8815 0.2991
vn 0.2149 -0.3521 0.9109
vn -0.5766 0.2633 0.7734
vn -0.5932 0.5741 -0.5642
vn 0.3538 -0.4521 0.8188
vn 0.0030 0.9623 0.2720
vn 0.3828 -0.6055 -0.6977
vn -0.4779 0.0396 0.8775
vn 0.8474 0.5287 -0.0488
vn -0.1358 0.2433 -0.9604
vn -0.0190 0.0021 -0.9998
vn -0.0153 0.0896 -0.9958
vn -0.7760 -0.4269 -0.4643
vn 0.6196 0.1785 -0.7643
vn 0.3070 0.1520 0.9395
vn -0.8925 -0.2433 0.3797
vn 0.4857 0.2987 -0.8215
vn 0.4417 0.4317 -0.7864
vn -0.2781 0.8141 0.5098
vn -0.0268 -0.9326 0.3598
vn -0.6034 0.7868 0.1297
vn -0.2492 0.1528 -0.9563
vn -0.3594 0.0502 0.9318
vn 0.9073 -0.2825 0.3115
vn -0.2401 -0.2868 -0.9274
vn 0.1401 -0.0858 0.9864
vn 0.6233 0.6905 -0.3670
vn -0.8572 0.4459 0.2574
vn -0.4142 -0.7837 0.4628
vn 0.4439 0.0072 0.8960
vn -0.5199 0.3048 0.7980
vn -0.3862 0.7182 -0.5788
vn 0.1585 -0.0696 0.9849
vn 0.3481 0.9257 0.1482
vn -0.8822 -0.2260 -0.4130
vn 0.6136 0.0598 -0.7873
vn 0.2121 -0.7873 0.5789
vn -0.7696 -0.6122 0.1811
vn 0.4880 0.7097 0.5081
vn 0.3605 0.0243 -0.9324
vn 0.2656 0.3260 -0.9073
vn -0.3848 -0.9207 0.0642
vn -0.7326 0.6805 0.0129
vn -0.7295 -0.6774 0.0942
vn -0.7849 -0.0309 0.6188
vn 0.0089 -0.9612 -0.2757
vn -0.6243 -0.7536 0.2056
vn 0.2170 0.9762 0.0004
vn 0.8971 -0.3019 0.3224
vn 0.9666 0.1318 0.2197
vn 0.9541 0.1339 0.2678
vn 0.9526 0.1361 0.2722
vn 0.3335 0.3104 -0.8902
vn -0.3091 0.8877 0.3413
vn 0.0183 -0.2681 0.9632
vn -0.3936 0.8697 -0.2979
vn 0.6461 -0.5009 -0.5758
vn -0.3525 0.2323 0.9065
vn 0.8966 -0.3519 -0.2687
vn 0.4582 0.8831 -0.1012
vn -0.7790 0.2394 -0.5794
vn -0.5309 0.6252 -0.5720
vn -0.4985 0.4088 0.7644
vn 0.5965 0.5875 -0.5468
vn -0.4008 -0.1417 -0.9051
vn -0.0026 0.7926 -0.6097
vn 0.7378 -0.4216 0.5270
vn 0.6965 -0.3980 0.5970
vn 0.7454 -0.2981 0.5963
vn 0.2117 -0.9380 -0.2745
vn 0.2821 -0.9252 -0.2535
vn -0.3428 -0.6900 -0.6374
vn 0.4938 -0.2694 -0.8267
vn -0.3131 0.1700 0.9344
vn -0.7612 -0.5703 0.3087
vn -0.3764 -0.8905 0.2554
vn 0.4099 0.3666 -0.8352
vn 0.3157 0.0661 -0.9466
vn 0.6392 -0.6083 0.4705
vn -0.6884 -0.7185 -0.0996
vn 0.2676 -0.0837 -0.9599
vn 0.2451 0.8793 -0.4082
vn -0.3658 0.3864 0.8466
vn -0.9329 -0.1323 -0.3350
vn 0.8768 0.0863 0.4730
vn -0.4563 0.3074 0.8350
vn -0.1069 -0.9415 0.3196
vn -0.0116 -0.7628 -0.6465
vn 0.7737 -0.4089 0.4839
vn 0.0801 0.9433 -0.3220
vn 0.1059 -0.3323 -0.9372
vn -0.9853 0.1549 0.0717
vn 0.0837 0.9586 -0.2723
vn -0.3659 0.4180 -0.8314
vn 0.4389 -0.1519 -0.8856
vn 0.3857 0.3755 0.8428
vn -0.3948 0.8983 -0.1928
vn -0.8292 0.4888 0.2710
vn 0.7064 0.0762 0.7036
vn -0.0349 0.5971 0.8014
vn 0.0368 -0.4111 -0.9108
vn -0.5752 0.5272 -0.6254
vn 0.3166 -0.9332 0.1699
vn -0.2298 0.8803 0.4150
vn 0.1888 0.2915 -0.9377
vn 0.5369 -0.0970 0.8380
vn 0.8712 0.4888 -0.0463
vn -0.6477 0.1303 0.7506
vn 0.3136 0.1671 0.9347
vn -0.0602 0.9832 -0.1721
vn 0.9243 0.1964 0.3273
vn -0.7891 0.3421 0.5101
vn -0.5297 0.1066 -0.8414
vn -0.3171 0.8586 -0.4028
vn -0.9757 0.0397 -0.2154
vn 0.8951 0.3336 -0.2958
vn -0.2891 0.5650 -0.7728
vn -0.1780 -0.0931 0.9796
vn 0.4035 -0.8382 -0.3667
vn -0.5131 -0.4502 -0.7307
vn 0.2601 0.9552 0.1413
vn 0.6286 0.7289 0.2711
vn 0.0377 -0.5512 0.8335
vn -0.8391 0.1892 0.5100
vn -0.8766 -0.2192 -0.4283
vn -0.1422 -0.7168 -0.6826
vn -0.6878 -0.6448 0.3335
vn -0.7441 -0.6289 -0.2251
vn -0.0699 -0.5905 -0.8039
vn 0.6231 0.3179 -0.7146
vn -0.0571 -0.3319 -0.9416
vn -0.0571 -0.3324 -0.9414
vn -0.0572 -0.3321 -0.9415
vn 0.4779 -0.0958 -0.8731
vn 0.9927 0.0380 0.1144
vn -0.9142 0.3444 -0.2135
vn -0.1611 0.4848 -0.8596
vn 0.5207 -0.8485 0.0940
vn 0.8480 0.5165 -0.1186
vn 0.0593 0.6475 0.7598
vn -0.1613 0.5700 -0.8057
vn 0.5192 -0.5796 0.6280
vn 0.2192 -0.7488 -0.6254
vn -0.8910 -0.3847 0.2411
vn -0.3716 0.1218 -0.9203
vn -0.3023 -0.4591 -0.8354
vn -0.8837 0.4174 0.2115
vn 0.0281 0.9985 0.0466
vn 0.8126 0.2212 -0.5392
vn -0.5477 0.3184 0.7737
vn -0.1922 -0.2297 0.9541
vn 0.9172 -0.3941 0.0575
vn 0.4027 -0.8938 0.1974
vn -0.0309 -0.8571 0.5141
vn 0.0132 -0.0091 -0.9998
vn -0.5540 0.4448 -0.7036
vn -0.4345 0.8877 0.1524
vn 0.7937 0.5742 0.2008
vn 0.6288 -0.2286 0.7432
vn 0.6193 -0.1970 0.7600
vn 0.6289 -0.2162 0.7468
vn 0.3334 -0.6557 0.6774
vn -0.3316 0.9302 0.1572
vn -0.0929 -0.1580 -0.9830
vn -0.7557 0.5857 0.2930
vn 0.3020 -0.1842 -0.9353
vn 0.3454 -0.8814 -0.3221
vn 0.1939 -0.2678 -0.9438
vn -0.6411 0.7600 0.1068
vn 0.9387 0.3420 -0.0423
vn -0.3227 0.9152 0.2412
vn -0.2738 0.9289 0.2494
vn -0.3658 0.9082 0.2033
vn 0.3309 -0.1115 0.9370
vn -0.3022 0.4613 -0.8342
vn 0.8624 0.4897 -0.1286
vn -0.5888 0.6096 0.5306
vn 0.6027 0.7973 0.0328
vn 0.0233 -0.9821 -0.1865
vn 0.0264 -0.9825 -0.1846
vn 0.0280 -0.9802 -0.1960
vn -0.6845 0.0699 0.7256
vn 0.1857 -0.7312 0.6563
vn 0.7344 -0.6412 0.2226
vn -0.4151 0.3460 -0.8414
vn -0.2506 -0.8177 -0.5181
vn 0.6041 0.5767 -0.5499
vn -0.2011 0.8095 0.5515
vn 0.7455 -0.6146 0.2579
vn -0.0391 0.2933 0.9552
vn -0.7384 0.0957 0.6675
vn -0.3178 0.6040 0.7309
vn -0.5218 -0.8479 -0.0934
vn 0.1959 -0.4214 -0.8855
vn 0.1043 0.9482 -0.3000
vn 0.1472 0.9412 -0.3041
vn 0.1035 -0.6213 -0.7767
vn 0.1135 -0.6435 -0.7570
vn -0.8464 0.4108 -0.3389
vn 0.0602 0.4152 0.9077
vn 0.3868 -0.9093 0.1534
vn -0.5257 0.5780 -0.6241
vn -0.4730 0.6878 -0.5506
vn 0.2242 -0.7909 0.5693
vn -0.8671 -0.2235 -0.4452
vn 0.0596 0.4648 0.8834
vn -0.3567 0.3985 -0.8449
vn -0.3034 0.9269 0.2208
vn -0.3081 0.9255 0.2203
vn -0.3082 0.9255 0.2199
vn -0.2872 0.5240 0.8018
vn 0.7024 -0.5051 0.5014
vn 0.6196 -0.4225 -0.6615
vn 0.9483 -0.0800 -0.3070
vn -0.7743 -0.1426 -0.6165
vn 0.7074 -0.6940 0.1335
vn 0.6961 -0.7033 0.1442
vn 0.7121 -0.6940 0.1056
vn 0.2804 -0.7729 -0.5691
vn 0.3200 0.4563 0.8303
vn -0.3581 0.8420 0.4035
vn -0.0752 0.1613 0.9840
vn 0.1373 -0.7609 0.6341
vn -0.2094 0.3407 0.9165
vn -0.1517 0.1734 -0.9731
vn 0.2569 0.1526 -0.9543
vn 0.1671 -0.9856 -0.0245
vn -0.6842 -0.3697 0.6286
vn 0.2286 0.7505 -0.6201
vn 0.2684 0.1629 0.9494
vn -0.6898 -0.1471 -0.7088
vn -0.9063 0.4122 0.0931
vn 0.3626 0.3167 0.8765
vn 0.1517 -0.2726 -0.9501
vn 0.6751 0.2617 0.6897
vn -0.9876 0.0107 -0.1567
vn 0.7853 0.2011 -0.5855
vn 0.5369 -0.2907 0.7919
vn 0.6550 0.2012 0.7283
vn 0.9592 -0.2457 -0.1399
vn -0.2385 0.0115 0.9711
vn -0.8871 -0.3074 0.3442
vn -0.6045 0.0533 -0.7948
vn -0.4704 0.2503 -0.8462
vn 0.3113 0.4031 0.8605
vn 0.8010 -0.0662 0.5949
vn -0.5229 -0.1069 -0.8456
vn -0.5282 0.3941 -0.7521
vn 0.3309 0.8302 0.4485
vn 0.5766 0.7748 0.2589
vn -0.7152 0.4801 0.5079
vn 0.3426 0.8957 -0.2833
vn 0.7485 -0.0018 -0.6631
vn -0.1344 0.7656 0.6290
vn -0.7054 0.1023 0.7013
vn 0.0000 0.4472 -0.8944
vn 0.0000 0.3714 -0.9285
vn 0.2023 0.1010 0.9741
vn 0.7821 0.2228 0.5820
vn 0.7820 0.2204 0.5830
vn 0.7748 0.2220 0.5920
vn 0.0628 -0.9919 -0.1098
vn -0.2074 -0.9764 0.0591
vn 0.6518 0.5560 0.5156
vn -0.3295 -0.7869 -0.5217
vn 0.9767 0.2096 -0.0455
vn -0.1099 0.9920 -0.0619
vn -0.7666 0.5493 0.3325
vn 0.3547 -0.8022 0.4803
vn 0.6198 0.3336 0.7103
vn 0.8347 0.0112 -0.5506
vn 0.8802 0.2912 0.3748
vn -0.7536 0.4797 -0.4493
vn 0.9324 0.0537 0.3573
vn -0.7378 -0.1823 -0.6499
vn 0.3062 -0.3005 -0.9033
vn -0.3338 0.3847 0.8605
vn -0.6956 0.6692 0.2612
vn -0.8766 -0.4424 -0.1895
vn 0.5307 0.8433 0.0851
vn 0.5355 -0.8308 -0.1514
vn -0.1178 0.6189 -0.7765
vn -0.7577 -0.6338 -0.1554
vn -0.4922 -0.8056 0.3297
vn -0.5535 -0.7682 0.3218
vn -0.5310 -0.7815 0.3276
vn -0.7654 -0.6370 0.0915
vn -0.5729 0.7584 0.3108
vn -0.0691 -0.9924 0.1018
vn 0.5221 0.3456 0.7797
vn -0.0329 -0.9619 -0.2714
vn -0.2325 0.2093 -0.9498
vn 0.4506 0.0134 0.8926
vn 0.9260 -0.3294 0.1842
vn -0.3135 -0.2615 -0.9128
vn 0.6381 -0.6836 -0.3541
vn -0.4613 0.4634 0.7566
vn -0.7638 -0.5199 -0.3825
vn -0.4527 -0.6427 -0.6180
vn -0.1285 -0.2833 -0.9503
vn 0.9945 -0.0916 0.0512
vn -0.1833 0.4205 0.8885
vn -0.3868 0.4967 0.7769
vn 0.8456 -0.3995 -0.3540
vn -0.2289 -0.8127 0.5358
vn 0.8662 -0.4965 -0.0561
vn -0.9539 0.2113 0.2129
vn 0.0045 -0.1338 -0.9910
vn 0.0121 0.5443 0.8388
vn -0.6276 -0.7691 0.1209
vn -0.4033 0.7420 -0.5356
vn 0.3543 0.0435 0.9341
vn -0.0921 0.8326 0.5461
vn -0.4294 0.6108 -0.6652
vn 0.4984 0.8289 -0.2538
vn 0.9605 -0.0823 0.2657
vn -0.4251 0.1968 -0.8834
vn 0.9480 -0.2539 -0.1920
vn 0.3630 -0.8367 -0.4100
vn -0.2481 0.7573 0.6041
vn -0.3719 0.3748 0.8492
vn -0.6170 0.7862 -0.0330
vn 0.7945 -0.5883 0.1504
vn 0.4426 -0.1592 -0.8824
vn -0.5709 0.6216 0.5363
vn 0.9866 -0.0737 0.1452
vn -0.9428 -0.2829 0.1761
vn -0.2556 -0.0845 -0.9631
vn -0.9703 -0.0530 -0.2360
vn -0.2760 0.8193 0.5025
vn 0.4497 0.3762 -0.8101
vn 0.8408 0.2564 0.4767
vn 0.3439 0.2322 0.9098
vn 0.3786 0.3702 0.8483
vn -0.3426 0.2040 -0.9171
vn -0.0003 0.4408 0.8976
vn 0.5207 -0.8530 0.0344
vn 0.6682 -0.3465 -0.6583
vn -0.5518 0.8339 -0.0070
vn -0.9919 -0.0657 -0.1081
vn 0.0576 0.2152 0.9749
vn 0.6226 0.3891 0.6789
vn 0.9825 -0.0214 0.1851
vn 0.9875 -0.0696 -0.1416
vn -0.4680 0.3432 -0.8143
vn 0.2604 -0.3584 0.8965
vn 0.3845 -0.1617 0.9088
vn 0.1152 0.5440 0.8311
vn -0.7329 0.5747 -0.3641
vn -0.3382 -0.1280 -0.9323
vn 0.2300 -0.8354 0.4992
vn -0.2164 -0.9701 0.1095
vn -0.9482 0.1265 0.2912
vn 0.0064 0.2260 0.9741
vn -0.6540 -0.0206 0.7562
vn -0.0398 -0.9992 0.0038
vn 0.2017 -0.2039 -0.9580
vn -0.9728 0.1911 -0.1304
vn 0.0000 -0.2184 0.9759
vn 0.0000 -0.2197 0.9755
vn 0.0000 -0.2236 0.9747
vn -0.3299 0.9403 0.0838
vn -0.6659 -0.0816 -0.7415
vn -0.4071 -0.8464 0.3433
vn -0.4046 -0.8646 0.2977
vn -0.4535 -0.8343 0.3134
vn -0.5861 0.1884 0.7880
vn -0.6540 -0.3434 -0.6741
vn 0.0727 0.9914 -0.1084
vn -0.6138 -0.6917 -0.3804
vn 0.3236 -0.0499 0.9449
vn -0.0219 0.2792 0.9600
vn 0.2156 0.0023 0.9765
vn -0.8022 -0.3648 -0.4725
vn 0.8788 0.1255 0.4603
vn -0.2540 0.0483 -0.9660
vn -0.7535 -0.0200 -0.6571
vn -0.2391 0.0498 0.9697
vn -0.8881 0.1918 0.4176
vn 0.6180 0.2025 0.7597
vn 0.9674 -0.2496 0.0424
vn 0.3084 -0.0480 0.9500
vn 0.5997 -0.0006 0.8002
vn 0.0874 0.8310 0.5492
vn -0.3081 -0.0975 -0.9463
vn -0.0458 0.9899 0.1339
vn 0.6002 -0.1609 -0.7834
vn -0.8964 0.1925 -0.3992
vn 0.5186 -0.7413 -0.4259
vn 0.4268 0.1276 0.8953
vn 0.6184 -0.5411 -0.5699
vn -0.9808 0.1949 0.0000
vn 0.1761 0.9844 0.0000
vn 0.9131 -0.4078 0.0000
vn 0.9238 -0.3829 0.0000
vn -0.4140 0.5469 0.7277
vn -0.2739 0.4073 0.8712
vn -0.4126 0.1565 -0.8973
vn -0.1480 0.7120 0.6864
vn -0.5480 -0.7829 0.2945
vn 0.8189 -0.5694 -0.0720
vn -0.2105 0.0110 -0.9775
vn -0.3056 0.5275 -0.7927
vn -0.6341 -0.0797 -0.7691
vn 0.5773 -0.6313 -0.5178
vn -0.7757 0.3953 -0.4920
vn -0.8986 0.3840 -0.2121
vn -0.8111 -0.5835 0.0415
vn 0.1016 -0.5598 0.8224
vn 0.8070 -0.3348 -0.4864
vn -0.5771 0.2620 -0.7735
vn 0.3559 -0.9336 -0.0419
vn 0.9598 0.0738 -0.2707
vn 0.7861 -0.5805 0.2122
vn 0.1651 -0.2143 -0.9627
vn -0.5951 0.3587 0.7191
vn 1.0000 0.0000 0.0000
vn 0.8837 -0.3884 0.2611
vn -0.7147 0.2822 0.6400
vn -0.1506 -0.5508 0.8209
vn 0.3115 0.0080 -0.9502
vn -0.4704 -0.5886 -0.6574
vn -0.1734 -0.9073 -0.3831
vn 0.4386 0.8838 0.1630
vn 0.4389 0.0297 0.8980
vn -0.7022 -0.2063 0.6814
vn 0.3828 0.0401 0.9229
vn 0.8905 -0.1982 0.4096
vn 0.6720 -0.4344 0.5997
vn 0.2822 -0.1022 0.9539
vn -0.8578 0.4768 0.1918
vn 0.3097 -0.2909 -0.9052
vn 0.9815 -0.1517 -0.1169
vn -0.9283 0.3562 -0.1068
vn 0.7638 -0.1237 0.6334
vn 0.9519 -0.3055 -0.0237
vn 0.3059 -0.7888 0.5330
vn 0.9080 -0.2659 -0.3238
vn -0.5944 0.4769 -0.6475
vn -0.5304 0.0349 -0.8470
vn 0.5051 -0.8420 0.1892
vn -0.3204 0.1633 0.9330
vn 0.2686 -0.8073 -0.5254
vn -0.1616 -0.3096 0.9370
vn -0.0742 -0.9355 0.3455
vn 0.6986 0.4768 0.5334
vn 0.8056 0.5820 0.1106
vn -0.5195 0.8539 0.0288
vn 0.6870 0.7203 -0.0960
vn -0.8870 -0.4591 0.0496
vn 0.3266 -0.9450 0.0122
vn 0.4184 0.7812 0.4632
vn -0.0422 0.9413 0.3349
vn -0.0732 -0.0083 0.9973
vn 0.9764 0.1074 -0.1870
vn -0.2100 -0.0885 -0.9737
vn -0.9634 -0.0332 -0.2658
vn -0.9556 -0.0184 -0.2940
vn -0.9485 -0.0197 -0.3161
vn -0.3211 0.3152 -0.8930
vn -0.5554 0.5549 -0.6193
vn 0.9658 -0.2562 -0.0399
vn -0.2918 0.9305 0.2213
vn 0.6904 -0.4135 0.5936
vn 0.4811 -0.5948 -0.6440
vn -0.1247 0.6672 -0.7344
vn 0.0815 -0.1103 0.9905
vn -0.8361 -0.0964 -0.5400
vn -0.7373 -0.6050 0.3005
vn -0.1519 -0.1042 0.9829
vn -0.5641 0.4885 0.6656
vn 0.7624 -0.4793 0.4346
vn 0.2279 0.1481 0.9623
vn 0.8399 0.1137 -0.5306
vn 0.2524 0.9463 0.2018
vn 0.9992 0.0359 0.0165
vn -0.7203 0.0356 0.6927
vn -0.9339 -0.2741 -0.2293
vn -0.4970 0.0308 -0.8672
vn 0.5148 -0.6178 0.5943
vn -0.4992 -0.6089 0.6164
vn 0.5341 -0.6746 -0.5095
vn -0.1777 -0.9140 -0.3647
vn 0.4131 -0.1052 0.9045
vn -0.0819 0.8993 0.4294
vn 0.7382 -0.0218 0.6742
vn 0.5166 0.8562 0.0080
vn 0.2994 -0.2803 0.9120
vn 0.0201 -0.5426 -0.8397
vn -0.9326 -0.1791 -0.3135
vn -0.7927 -0.4418 0.4199
vn -0.3198 -0.1359 0.9377
vn -0.2746 -0.1139 -0.9548
vn -0.4765 -0.0032 0.8791
vn -0.8268 0.0044 0.5624
vn 0.5902 0.1827 0.7863
vn -0.0112 0.0088 0.9999
vn 0.8438 0.0060 0.5366
vn 0.9020 -0.2902 -0.3197
vn 0.7070 -0.0367 0.7062
vn 0.2472 -0.4860 -0.8383
vn -0.2512 0.0494 -0.9666
vn 0.4853 -0.5391 0.6883
vn 0.8248 0.0046 -0.5654
vn 0.8014 0.5981 -0.0005
vn 0.9409 -0.0115 0.3385
vn -0.0593 0.1677 -0.9840
vn -0.2225 -0.0205 -0.9747
vn -0.4231 -0.0084 0.9060
vn 0.0253 -0.1254 0.9918
vn -0.9494 -0.2691 -0.1621
vn -0.4002 -0.0208 -0.9162
vn 0.0203 -0.0203 -0.9996
vn -0.1834 -0.0306 -0.9825
vn 0.0056 0.0009 -1.0000
vn -0.4733 -0.1610 -0.8661
vn -0.1356 0.0153 -0.9906
vn -0.5155 0.0972 -0.8513
vn -0.4055 0.0125 -0.9140
vn -0.8742 -0.1576 0.4592
vn 0.4417 -0.0383 0.8963
vn -0.1904 0.9421 0.2759
vn -0.1309 -0.3933 -0.9100
vn -0.2845 -0.4161 0.8636
vn -0.2030 -0.3239 -0.9240
vn -0.9593 0.0246 -0.2814
vn -0.0624 -0.0027 -0.9980
vn 0.2553 0.9559 -0.1453
vn -0.7681 0.5607 -0.3092
vn -0.3657 -0.0114 -0.9306
vn -0.4861 -0.0284 -0.8734
vn 0.5697 -0.7346 0.3684
vn 0.5361 -0.8301 -0.1531
vn 0.2401 -0.3640 -0.8999
vn -0.1391 0.9084 -0.3941
vn -0.1286 0.4507 -0.8834
vn -0.0483 0.9676 0.2477
vn 0.2300 0.0187 0.9730
vn 0.0648 -0.9976 0.0234
vn -0.3367 0.0395 -0.9408
vn -0.0160 -0.3487 -0.9371
vn -0.6674 0.6025 0.4376
vn -0.4730 -0.1156 0.8734
vn 0.1814 0.0139 0.9833
vn 0.4157 0.1475 0.8975
vn 0.2922 -0.8305 -0.4742
vn -0.6199 0.0000 -0.7847
vn -0.8721 0.3871 0.2991
vn -0.1400 0.1085 -0.9842
vn 0.0266 0.0555 0.9981
vn -0.4524 0.3257 0.8302
vn 0.1843 -0.1123 0.9764
vn -0.4047 0.2599 -0.8767
vn -0.3501 0.5642 0.7477
vn -0.1959 0.0103 -0.9806
vn -0.5022 -0.3532 -0.7893
vn 0.7796 -0.3232 0.5364
vn -0.2609 -0.7747 0.5759
vn 0.3190 -0.9452 0.0687
vn -0.1979 -0.3192 0.9268
vn -0.8705 -0.4892 -0.0530
vn -0.3825 -0.9058 0.1824
vn -0.5831 0.7210 0.3743
vn -0.1108 0.8018 0.5871
vn 0.1845 0.3892 0.9024
vn 0.7891 -0.4247 -0.4438
vn -0.9398 0.1004 0.3267
vn -0.2563 0.6284 0.7344
vn -0.5261 0.8268 -0.1989
vn -0.6591 0.3158 0.6825
vn -0.5855 0.0866 -0.8060
vn -0.0093 0.4218 0.9066
vn 0.5106 -0.2861 0.8108
vn -0.3492 0.0456 -0.9359
vn 0.3767 -0.4086 -0.8314
vn -0.6069 0.0038 -0.7947
vn -0.4963 0.6340 -0.5931
vn 0.6576 -0.7365 0.1585
vn 0.8104 0.5337 -0.2417
vn -0.0345 0.4300 0.9021
vn -0.9053 0.3652 -0.2169
vn 0.2878 -0.2296 0.9297
vn 0.0315 -0.6224 -0.7820
vn 0.7216 -0.5150 -0.4626
vn 0.1964 -0.1940 -0.9611
vn 0.2268 0.0528 0.9725
vn -0.9579 0.2796 -0.0649
vn 0.5962 -0.6279 -0.5002
vn -0.0598 0.0992 0.9933
vn -0.7135 0.6703 -0.2041
vn -0.8049 0.5309 -0.2651
vn -0.8107 0.5854 0.0008
vn 0.2873 -0.1857 -0.9396
vn 0.1854 -0.2866 0.9399
vn 0.1874 -0.2756 0.9428
vn 0.1944 -0.2809 0.9398
vn 0.3115 -0.1449 0.9391
vn 0.5694 -0.6412 0.5144
vn 0.7498 -0.6208 0.2288
vn 0.9900 -0.0611 0.1273
vn 0.4328 0.7830 0.4468
vn 0.7665 0.5141 0.3849
vn -0.3553 0.7106 0.6073
vn 0.2986 0.4204 0.8568
vn 0.1902 0.7680 0.6116
vn -0.1390 0.9717 0.1908
vn -0.6657 0.4718 0.5781
vn -0.3958 0.1317 -0.9088
vn -0.2037 -0.0551 -0.9775
vn 0.2771 -0.0970 0.9559
vn -0.5161 0.8409 0.1626
vn 0.8266 -0.5158 0.2250
vn -0.8042 -0.5721 -0.1607
vn -0.0154 -0.3799 -0.9249
vn -0.7489 0.6624 0.0195
vn -0.8248 0.4130 0.3862
vn 0.5019 -0.4242 -0.7537
vn -0.8405 0.5248 -0.1345
vn -0.8127 0.5580 -0.1677
vn 0.0042 -0.9994 -0.0336
vn 0.0078 -0.9995 -0.0314
vn 0.0074 -0.9995 -0.0299
vn 0.4461 -0.2897 0.8468
vn 0.4295 -0.8873 0.1680
vn 0.3367 -0.2301 0.9130
vn -0.2732 0.6915 0.6687
vn 0.4460 -0.7714 0.4539
vn -0.1605 -0.4535 -0.8767
vn -0.4075 0.5506 -0.7286
vn -0.3715 0.6377 -0.6748
vn -0.1899 -0.1874 0.9637
vn -0.2588 0.9494 -0.1780
vn 0.1102 0.6224 0.7749
vn 0.2382 -0.7246 -0.6467
vn -0.4364 -0.0829 -0.8959
vn 0.2760 0.9592 -0.0610
vn 0.7877 0.2379 -0.5683
vn -0.0285 -0.2420 0.9698
vn 0.3222 -0.1115 0.9401
vn 0.9413 -0.2763 -0.1939
vn -0.4758 0.8670 0.1477
vn -0.7952 0.5896 -0.1410
vn -0.3715 0.5514 0.7469
vn -0.3981 0.9061 -0.1428
vn -0.3991 0.4774 -0.7828
vn 0.0343 -0.6265 -0.7786
vn -0.4791 0.7082 0.5186
vn -0.3574 -0.0147 0.9338
vn -0.7992 -0.5112 -0.3162
vn 0.2573 -0.0373 0.9656
vn -0.2256 0.9386 0.2611
vn -0.1628 0.9845 0.0652
vn -0.8216 -0.1505 0.5498
vn 0.8628 -0.3309 0.3820
vn -0.6934 0.5151 0.5038
vn -0.3988 -0.0496 -0.9157
vn -0.1407 0.3946 -0.9080
vn 0.1756 0.5568 -0.8119
vn 0.7247 -0.4589 0.5140
vn 0.6424 -0.2151 0.7356
vn -0.4416 0.5798 0.6846
vn -0.8644 0.4976 -0.0717
vn 0.0935 0.0495 0.9944
vn -0.8516 0.5238 0.0175
vn -0.1286 0.1485 -0.9805
vn -0.0326 0.5332 0.8453
vn 0.0164 -0.9761 0.2166
vn 0.0225 0.7123 -0.7015
vn 0.2738 0.1603 0.9483
vn -0.7495 0.2203 -0.6242
vn -0.0671 0.8681 0.4918
vn 0.2017 0.0415 0.9785
vn -0.1409 0.1601 0.9770
vn -0.1258 -0.3684 -0.9211
vn 0.1172 -0.0238 -0.9928
vn -0.3497 -0.0065 -0.9368
vn -0.2194 0.2627 -0.9396
vn -0.3592 0.3186 -0.8772
vn -0.8250 0.4916 -0.2788
vn 0.2563 -0.1179 0.9593
vn -0.1562 -0.9514 0.2655
vn 0.1248 -0.9744 -0.1868
vn -0.3229 0.2416 0.9151
vn -0.8588 0.4827 0.1717
vn -0.5589 -0.0658 -0.8266
vn -0.0972 -0.5769 0.8110
vn -0.6610 0.5260 0.5351
vn -0.2725 -0.0147 -0.9620
vn 0.6437 -0.3689 0.6704
vn 0.6346 -0.7485 -0.1922
vn -0.3895 0.8884 0.2427
vn 0.2641 0.8616 -0.4334
vn 0.5605 0.6563 0.5051
vn 0.0413 0.6861 -0.7263
vn 0.2844 0.1476 -0.9473
vn 0.9900 -0.1386 0.0254
vn -0.3327 -0.6733 0.6602
vn 0.7559 0.3466 -0.5555
vn 0.8325 -0.4992 -0.2403
vn -0.0545 0.9061 0.4196
vn -0.9199 -0.2562 0.2968
vn 0.6266 -0.7761 -0.0700
vn 0.5090 0.4775 -0.7162
vn -0.4505 0.8734 0.1849
vn -0.0222 0.7995 0.6002
vn 0.8546 -0.5193 0.0034
vn 0.8551 -0.5184 0.0034
vn 0.8545 -0.5195 0.0034
vn 0.3563 -0.4695 0.8078
vn -0.3210 -0.0107 -0.9470
vn 0.9476 0.3128 -0.0641
vn 0.4053 -0.0581 0.9123
vn -0.0131 -0.2666 0.9637
vn -0.0362 -0.1979 0.9796
vn -0.7510 -0.5857 -0.3048
vn 0.0027 0.1753 0.9845
vn 0.1681 0.0025 0.9857
vn 0.5675 0.3946 -0.7226
vn 0.0500 -0.7403 0.6703
vn 0.0498 -0.7421 0.6684
vn 0.0497 -0.7431 0.6673
vn -0.0359 -0.9655 0.2579
vn -0.7479 0.4336 -0.5026
vn 0.2582 0.8251 -0.5024
vn 0.5820 0.2975 -0.7568
vn 0.7379 0.2498 0.6270
vn -0.3052 0.4704 0.8280
vn 0.3475 -0.9322 -0.1011
vn -0.2795 0.1082 -0.9540
vn -0.1922 0.1023 0.9760
vn 0.0698 -0.9483 -0.3094
vn 0.1988 0.0239 0.9797
vn -0.0715 0.1976 -0.9776
vn 0.1618 0.0295 0.9864
vn 0.5276 -0.0754 0.8461
vn 0.9949 -0.0455 -0.0898
vn 0.5199 -0.4585 -0.7207
vn -0.1596 -0.9872 0.0056
vn 0.1442 0.2689 0.9523
vn 0.5273 0.7059 0.4729
vn -0.5179 -0.6330 0.5754
vn -0.4915 -0.6554 0.5734
vn -0.5426 -0.6412 0.5426
vn 0.4060 -0.5305 0.7442
vn -0.2272 0.8287 0.5115
vn -0.3776 0.2000 -0.9041
vn -0.9040 -0.2186 0.3673
vn -0.0405 -0.8124 0.5816
vn 0.7194 0.6582 -0.2221
vn -0.1936 -0.5607 0.8050
vn 0.0594 0.9495 -0.3081
vn -0.4604 -0.4623 -0.7578
vn -0.9528 -0.0579 -0.2978
vn 0.7105 0.5015 0.4936
vn 0.0845 0.3444 -0.9350
vn 0.0143 0.2012 0.9794
vn -0.3469 -0.5430 0.7647
vn 0.1440 0.4931 -0.8580
vn 0.1631 -0.2646 0.9504
vn -0.7835 -0.6204 0.0338
vn 0.7431 0.6664 0.0603
vn -0.6420 0.1208 -0.7571
vn 0.1289 0.9411 -0.3126
vn -0.1591 -0.9850 0.0671
vn -0.3441 0.8922 -0.2923
vn -0.5298 0.4255 0.7336
vn 0.4342 -0.7311 0.5262
vn 0.0596 -0.6272 -0.7765
vn -0.5734 0.2835 -0.7686
vn 0.9559 -0.2559 -0.1438
vn 0.6122 -0.5720 -0.5459
vn -0.0039 -0.0875 -0.9962
vn -0.4717 0.0148 -0.8816
vn -0.1166 0.4624 0.8790
vn 0.2060 0.7053 -0.6782
vn -0.8672 -0.4176 -0.2713
vn -0.2963 0.0381 -0.9543
vn -0.2875 0.0730 -0.9550
vn -0.3558 0.2671 -0.8956
vn -0.3027 -0.0149 -0.9529
vn -0.3020 0.0680 -0.9509
vn 0.5723 -0.4431 -0.6900
vn -0.3406 0.5417 0.7684
vn 0.5583 0.7411 0.3728
vn -0.5263 -0.4831 0.6997
vn -0.3137 -0.3001 -0.9008
vn -0.2351 -0.1956 0.9521
vn 0.0167 -0.9963 -0.0845
vn 0.5611 -0.8190 0.1200
vn -0.0146 0.3478 0.9374
vn -0.3586 -0.8376 -0.4120
vn 0.2243 -0.1813 0.9575
vn -0.8794 0.3921 -0.2701
vn 0.0293 0.8863 -0.4621
vn 0.3594 -0.0330 -0.9326
vn -0.9707 -0.2315 0.0643
vn -0.8949 -0.4289 -0.1230
vn 0.1130 -0.2270 0.9673
vn -0.8064 -0.0048 0.5914
vn 0.9832 -0.0446 0.1768
vn -0.9549 0.1769 0.2383
vn 0.2792 0.9310 -0.2351
vn -0.1278 -0.9468 -0.2952
vn 0.3319 -0.5564 0.7617
vn 0.3995 -0.0670 0.9142
vn 0.2928 -0.0349 0.9555
vn -0.5737 -0.8119 -0.1075
vn 0.2163 -0.9436 -0.2504
vn 0.8487 0.3404 -0.4048
vn 0.3699 -0.2139 0.9041
vn 0.5909 0.0848 0.8022
vn 0.4595 -0.0849 0.8841
vn -0.8266 0.3097 0.4698
vn 0.5763 0.0215 0.8169
vn -0.8458 0.5331 -0.0225
vn -0.3878 -0.0467 -0.9205
vn -0.0722 -0.3309 -0.9409
vn -0.3017 -0.0006 -0.9534
vn -0.1904 -0.0468 -0.9806
vn -0.3361 0.1043 0.9360
vn 0.8121 -0.4187 -0.4064
vn 0.1374 0.0660 -0.9883
vn 0.7894 0.0144 0.6137
vn -0.5870 0.2277 -0.7768
vn -0.5907 -0.0619 -0.8045
vn 0.6722 -0.5932 -0.4429
vn -0.9316 0.2053 0.2999
vn -0.0686 0.1948 0.9784
vn -0.6990 0.6836 -0.2098
vn 0.2795 0.7665 -0.5781
vn -0.5011 0.0873 -0.8610
vn 0.3121 -0.0210 0.9498
vn 0.1529 0.0805 0.9849
vn 0.4615 0.0804 0.8835
vn -0.2141 -0.9650 0.1512
vn -0.8031 -0.3527 -0.4802
vn 0.8420 -0.5294 -0.1036
vn 0.1584 0.0743 0.9846
vn -0.3175 0.4084 -0.8558
vn 0.6607 0.7074 -0.2511
vn 0.2700 -0.2594 -0.9272
vn 0.2835 0.0450 0.9579
vn 0.9932 0.0231 -0.1140
vn -0.0809 0.9926 0.0900
vn -0.4576 0.1792 0.8709
vn -0.5842 0.2376 -0.7761
vn -0.8736 0.0909 0.4781
vn 0.3830 0.1832 0.9054
vn -0.2423 -0.0782 -0.9670
vn -0.2772 -0.0084 -0.9608
vn 0.0553 0.9188 -0.3909
vn 0.8202 -0.5368 -0.1976
vn 0.2110 -0.0035 0.9775
vn 0.9714 -0.0121 0.2370
vn -0.4826 0.5351 0.6934
vn -0.4111 -0.8977 -0.1586
vn 0.2071 -0.0907 0.9741
vn 0.3328 -0.0619 0.9409
vn 0.9977 -0.0378 -0.0569
vn -0.3359 -0.0055 -0.9419
vn -0.5591 0.4346 -0.7060
vn -0.1520 0.5881 0.7944
vn 0.7851 -0.1291 -0.6058
vn -0.7764 0.4908 -0.3954
vn 0.3243 -0.0465 0.9448
vn -0.0864 0.0659 -0.9940
vn -0.1874 -0.5958 -0.7809
vn 0.5895 -0.7041 -0.3958
vn -0.0882 0.8430 -0.5306
vn -0.5147 0.0456 0.8561
vn -0.0071 -0.8660 0.5000
vn -0.7294 0.6637 0.1654
vn 0.6715 0.1769 -0.7195
vn 0.8352 -0.4870 -0.2554
vn 0.8616 0.2004 0.4664
vn -0.6837 0.7213 -0.1106
vn 0.6173 0.3689 -0.6948
vn -0.6446 -0.1780 0.7435
vn -0.3362 0.0373 -0.9410
vn -0.5236 0.4068 0.7486
vn 0.2953 0.9428 -0.1546
vn -0.3871 -0.0343 -0.9214
vn 0.3122 0.0113 0.9499
vn 0.3271 0.0042 0.9449
vn 0.3540 0.0016 0.9352
vn 0.6085 -0.3234 -0.7246
vn -0.0072 -0.5294 -0.8484
vn 0.6135 -0.2491 0.7494
vn 0.3354 0.0456 0.9409
vn 0.9017 -0.1625 -0.4005
vn -0.2904 0.0414 -0.9560
vn 0.4099 -0.7778 0.4764
vn -0.8644 0.2298 0.4471
vn -0.6082 0.7010 0.3724
vn -0.5073 0.8559 0.0999
vn 0.0333 -0.4949 0.8683
vn 0.2114 0.3374 0.9173
vn 0.5097 -0.6441 0.5704
vn -0.3085 -0.4508 -0.8376
vn -0.0574 0.6038 -0.7951
vn -0.8950 -0.4059 0.1849
vn 0.1137 -0.9738 -0.1971
vn 0.2768 -0.1839 0.9431
vn -0.3665 0.0590 -0.9285
vn -0.1998 0.0670 -0.9775
vn -0.7725 0.3891 0.5017
vn -0.7411 -0.6275 0.2389
vn -0.3254 -0.5644 -0.7586
vn 0.2033 0.8720 -0.4452
vn 0.9965 0.0384 -0.0746
vn -0.3804 0.0854 -0.9209
vn 0.4348 -0.3684 -0.8217
vn 0.3851 -0.0011 0.9228
vn 0.4532 0.3744 0.8090
vn -0.6421 0.0553 -0.7646
vn -0.0566 -0.0483 0.9972
vn 0.4528 0.7748 -0.4412
vn 0.6634 0.0333 0.7476
vn 0.2150 -0.9689 -0.1224
vn -0.3330 -0.0251 -0.9426
vn -0.1856 -0.9336 -0.3063
vn 0.6772 -0.7259 0.1199
vn -0.6905 0.7083 -0.1464
vn 0.7806 -0.0079 -0.6250
vn -0.0823 0.3881 0.9179
vn 0.2182 -0.0536 0.9744
vn 0.8047 0.5212 0.2841
vn 0.0527 -0.3488 0.9357
vn 0.9015 0.2751 -0.3342
vn -0.3651 -0.6250 0.6899
vn -0.6701 0.7422 0.0125
vn 0.4792 0.6456 -0.5946
vn 0.0999 0.1775 -0.9790
vn 0.0823 -0.0222 -0.9963
vn -0.9081 0.4080 0.0942
vn -0.7459 -0.1442 -0.6502
vn -0.5244 -0.6577 -0.5407
vn 0.9172 0.1549 0.3670
vn -0.3984 0.9172 0.0039
vn 0.5670 -0.5154 0.6425
vn 0.3367 0.8716 0.3562
vn -0.6315 0.0004 -0.7754
vn 0.3610 -0.2532 0.8975
vn 0.8925 -0.2918 -0.3440
vn -0.1599 -0.9067 0.3901
vn 0.2399 0.8719 -0.4269
vn 0.3791 0.0278 0.9249
vn -0.0001 -0.0038 1.0000
vn 0.4441 -0.1167 0.8883
vn 0.8384 -0.4673 0.2805
vn -0.1609 -0.6241 -0.7645
vn 0.4118 0.0916 0.9066
vn -0.9688 -0.1115 -0.2214
vn 0.4529 0.4088 -0.7923
vn 0.2156 -0.9153 -0.3400
vn 0.3494 0.0144 0.9369
vn 0.3455 0.0724 0.9356
vn -0.0237 -0.9669 0.2541
vn -0.9885 -0.0658 -0.1361
vn 0.2640 -0.3113 0.9129
vn -0.6493 -0.0441 -0.7592
vn -0.8374 0.1931 0.5113
vn -0.1932 0.0294 -0.9807
vn -0.4415 0.0537 0.8956
vn 0.1644 0.2185 0.9619
vn 0.3377 0.0154 0.9411
vn -0.6179 0.0587 -0.7841
vn 0.2560 -0.7291 -0.6347
vn 0.6176 -0.5057 0.6023
vn -0.7974 0.1285 -0.5896
vn -0.1074 -0.0174 -0.9940
vn -0.2863 -0.5007 -0.8168
vn 0.4419 -0.0159 0.8969
vn -0.1464 0.0921 -0.9849
vn 0.7955 0.5373 0.2800
vn -0.5478 -0.0124 -0.8365
vn -0.6975 -0.0009 -0.7165
vn -0.4697 -0.0046 -0.8828
vn 0.9072 -0.4189 -0.0388
vn 0.9149 -0.4016 -0.0402
vn 0.9037 -0.4264 -0.0391
vn -0.4446 0.0153 -0.8956
vn -0.3968 0.0157 -0.9178
vn 0.7430 0.4767 -0.4698
vn -0.0541 0.9294 0.3650
vn -0.2161 0.9760 0.0260
vn 0.4172 0.1763 0.8915
vn 0.3820 0.0746 0.9211
vn 0.8341 -0.1005 -0.5423
vn -0.5083 0.3230 -0.7982
vn 0.3586 -0.4738 -0.8043
vn -0.1332 0.1761 -0.9753
vn 0.8297 0.5298 -0.1759
vn -0.8837 -0.3859 0.2648
vn -0.7488 0.2167 0.6263
vn -0.9808 -0.0213 -0.1937
vn -0.7597 0.3688 0.5355
vn 0.0592 0.9958 -0.0703
vn 0.0529 0.9960 -0.0721
vn 0.0560 0.9957 -0.0735
vn 0.8206 0.5467 0.1661
vn 0.9759 -0.2046 0.0761
vn -0.8200 0.2086 -0.5330
vn 0.3012 0.0605 0.9516
vn 0.1477 0.2716 0.9510
vn -0.0896 -0.0890 -0.9920
vn -0.3388 0.8772 0.3402
vn 0.2366 -0.3235 0.9161
vn -0.4011 0.8787 -0.2587
vn -0.3285 0.4883 0.8085
vn -0.1541 -0.8130 0.5614
vn -0.6915 0.7082 -0.1421
vn 0.1017 0.6705 -0.7349
vn -0.5383 0.1940 0.8201
vn 0.2396 -0.9227 0.3020
vn 0.0414 -0.3449 0.9377
vn 0.0547 0.0373 -0.9978
vn 0.4808 -0.8765 0.0243
vn 0.9927 -0.1083 -0.0530
vn 0.9943 -0.0868 -0.0623
vn 0.9919 -0.1174 -0.0493
vn 0.2266 -0.7345 0.6396
vn 0.2435 -0.9562 -0.1624
vn -0.7435 0.4716 -0.4741
vn 0.2440 0.0568 0.9681
vn 0.4184 0.0314 0.9077
vn 0.5859 0.6838 -0.4348
vn -0.5471 0.2400 0.8019
vn -0.5670 0.6795 0.4656
vn -0.2859 0.7179 0.6347
vn 0.2538 0.3468 0.9029
vn -0.8987 0.0258 -0.4377
vn -0.1979 0.8094 -0.5528
vn 0.2956 0.9457 0.1347
vn 0.2240 0.9175 0.3285
vn 0.3736 0.0832 0.9238
vn -0.2414 -0.1016 -0.9651
vn 0.4490 -0.8077 -0.3821
vn -0.2882 0.9119 -0.2922
vn -0.4758 0.1652 0.8639
vn 0.0656 -0.2650 -0.9620
vn 0.7734 -0.1497 0.6160
vn 0.9909 -0.0280 -0.1315
vn 0.5193 0.5797 -0.6279
vn 0.5221 -0.4244 0.7398
vn 0.2309 -0.5184 -0.8233
vn 0.4849 -0.0699 0.8717
vn -0.3456 -0.0261 -0.9380
vn -0.4494 0.0470 -0.8921
vn 0.1916 -0.2804 -0.9405
vn -0.0308 0.9543 -0.2973
vn -0.1021 0.7792 -0.6184
vn -0.6969 0.7150 0.0551
vn -0.2324 0.0681 -0.9702
vn -0.3182 0.0913 -0.9436
vn 0.4701 0.4185 -0.7770
vn -0.5666 0.7608 -0.3164
vn 0.2442 0.6434 -0.7255
vn -0.7069 0.1254 -0.6961
vn 0.2599 -0.6308 -0.7311
vn 0.9398 -0.0121 -0.3414
vn -0.2831 0.0287 -0.9586
vn 0.1786 -0.1602 -0.9708
vn -0.2727 0.0445 -0.9611
vn -0.3683 0.1397 -0.9191
vn -0.9948 -0.0990 0.0227
vn 0.2609 -0.9281 0.2657
vn -0.7668 0.6346 0.0959
vn -0.2801 0.9543 0.1034
vn 0.3730 0.8697 -0.3232
vn -0.2854 0.5767 0.7654
vn -0.3839 0.9168 0.1096
vn -0.9003 -0.3587 -0.2464
vn 0.8036 0.4031 -0.4378
vn 0.2560 -0.9387 -0.2310
vn -0.1291 -0.7013 0.7010
vn 0.9124 -0.0070 0.4093
vn -0.7639 0.6164 -0.1906
vn -0.9943 0.0660 -0.0835
vn 0.9906 0.0350 0.1322
vn -0.7128 0.5920 0.3760
vn 0.9103 -0.2935 0.2917
vn -0.1071 -0.8344 -0.5406
vn -0.5505 -0.0477 -0.8335
vn -0.0611 0.2430 -0.9681
vn 0.3963 -0.6796 0.6172
vn 0.1419 -0.5748 -0.8059
vn 0.3204 0.3535 0.8789
vn -0.3336 0.9402 0.0684
vn 0.2700 0.0074 0.9628
vn 0.9525 0.2491 -0.1753
vn 0.2637 -0.2993 -0.9170
vn 0.6855 -0.2708 0.6758
vn 0.1999 0.9372 0.2857
vn -0.8119 0.0148 0.5836
vn -0.6139 0.7804 0.1184
vn 0.7082 -0.4328 -0.5577
vn 0.8010 -0.2175 -0.5577
vn -0.7450 -0.6142 0.2601
vn -0.3598 0.2553 -0.8974
vn -0.2224 -0.3532 -0.9087
vn 0.5898 -0.4868 0.6442
vn -0.2137 -0.9263 -0.3102
vn 0.1084 -0.9764 -0.1864
vn -0.2055 -0.8644 -0.4588
vn -0.2901 0.0321 -0.9565
vn -0.2069 -0.8083 -0.5512
vn 0.9752 -0.1906 0.1126
vn 0.8817 -0.4158 -0.2229
vn 0.0946 -0.7472 -0.6578
vn 0.3687 -0.7642 -0.5292
vn -0.4472 0.0000 0.8944
vn -1.0000 0.0000 0.0000
vn -0.5300 0.0000 0.8480
vn -0.0003 0.1028 0.9947
vn 0.8198 -0.5580 0.1285
vn 0.1473 -0.4769 -0.8665
vn 0.9562 -0.0890 -0.2788
vn 0.2929 0.2299 0.9281
vn 0.6036 -0.6816 -0.4136
vn -0.4779 0.0630 -0.8761
vn 0.7910 0.2058 0.5761
vn 0.3867 0.0134 0.9221
vn 0.1213 -0.0164 0.9925
vn 0.4923 -0.8616 0.1237
vn -0.1778 0.8436 0.5066
vn -0.2481 0.9091 0.3347
vn 0.3872 -0.1912 0.9019
vn -0.3028 -0.6972 -0.6498
vn 0.9520 -0.2387 -0.1916
vn -0.5428 -0.6879 0.4818
vn 0.4039 -0.8026 0.4390
vn -0.1865 -0.2249 -0.9563
vn -0.3608 0.8890 0.2817
vn 0.4488 -0.2846 0.8471
vn -0.2982 0.9159 0.2687
vn 0.6114 -0.6524 0.4478
vn -0.0160 -0.5355 -0.8444
vn 0.0805 0.2415 0.9670
vn 0.3258 -0.9005 0.2879
vn -0.5649 0.8169 -0.1159
vn 0.9036 -0.3011 -0.3047
vn 0.4173 -0.7549 0.5058
vn 0.3478 -0.1050 0.9317
vn -0.1349 -0.9889 0.0618
vn 0.9251 -0.2283 -0.3034
vn 0.4017 -0.0866 0.9116
vn -0.9572 0.2750 -0.0907
vn 0.3981 -0.8169 -0.4172
vn -0.3969 0.0195 -0.9176
vn -0.2648 -0.0227 -0.9640
vn -0.4928 0.3105 -0.8128
vn -0.7553 0.1281 0.6427
vn -0.2392 0.9104 -0.3376
vn -0.4056 0.2464 0.8802
vn -0.8233 0.0366 -0.5664
vn -0.0412 0.9621 -0.2694
vn 0.2029 0.2211 0.9539
vn -0.3479 -0.1232 -0.9294
vn -0.0628 0.9695 0.2369
vn -0.7529 -0.1791 0.6332
vn -0.2183 -0.9473 -0.2344
vn -0.7793 0.0042 -0.6266
vn -0.2863 0.8491 0.4440
vn 0.9373 0.3466 -0.0350
vn 0.2596 0.2311 0.9376
vn -0.5027 -0.4897 0.7123
vn 0.2537 0.9568 -0.1420
vn -0.3825 -0.1118 -0.9171
vn -0.8780 -0.2706 -0.3949
vn 0.7126 0.0633 0.6987
vn 0.6102 -0.5626 0.5578
vn 0.9878 0.0897 -0.1274
vn -0.4110 0.8884 0.2045
vn -0.8871 0.0224 -0.4610
vn -0.4566 0.0389 -0.8888
vn -0.2325 -0.0019 -0.9726
vn 0.1578 -0.8748 -0.4581
vn -0.0193 -0.9640 -0.2650
vn 0.1903 -0.8140 -0.5487
vn 0.1516 -0.8679 0.4729
vn -0.1373 0.7627 0.6319
vn 0.0673 0.8721 0.4846
vn -0.5658 0.4741 -0.6745
vn 0.9567 0.1639 -0.2403
vn 0.2747 -0.4060 -0.8716
vn -0.5043 -0.6145 -0.6067
vn 0.4885 -0.5975 -0.6359
vn -0.7030 -0.5416 0.4610
vn 0.6539 0.6022 0.4580
vn 0.9225 -0.0581 -0.3815
vn -0.0154 0.0708 0.9973
vn -0.3931 -0.3692 0.8421
vn -0.5645 0.8145 -0.1340
vn 0.1102 0.5724 -0.8125
vn 0.1400 0.1971 -0.9703
vn 0.7364 -0.4579 0.4981
vn 0.4413 0.8475 0.2948
vn 0.4378 0.8972 -0.0589
vn -0.6479 0.4995 -0.5751
vn -0.9528 0.1841 0.2415
vn -0.8360 -0.1712 0.5214
vn 0.6235 0.5395 0.5658
vn -0.0730 0.3486 -0.9344
vn 0.9047 0.2115 -0.3697
vn -0.7549 0.4394 -0.4869
vn -0.3490 0.3558 -0.8669
vn -0.0385 0.3345 0.9416
vn -0.7802 0.0801 -0.6204
vn 0.6316 -0.4226 -0.6500
vn -0.1711 0.9262 0.3359
vn -0.1092 0.9285 0.3549
vn -0.3690 0.9148 0.1643
vn -0.6728 0.7123 0.1997
vn -0.5399 0.8321 0.1266
vn 0.0548 0.9655 0.2545
vn 0.5753 -0.4805 0.6619
vn -0.8271 -0.5202 -0.2127
vn -0.2880 0.4908 0.8223
vn -0.6431 -0.5880 -0.4905
vn -0.9911 -0.0006 0.1329
vn -0.7850 -0.0028 -0.6194
vn 0.7169 0.0009 0.6971
vn 0.6959 -0.6363 0.3329
vn 0.7277 -0.6063 -0.3207
vn 0.6201 0.6379 -0.4566
vn -0.0031 -0.5785 0.8156
vn -0.6991 -0.6305 0.3373
vn -0.9005 -0.1832 -0.3943
vn 0.2691 -0.0060 -0.9631
vn 0.1317 -0.0838 -0.9877
vn -0.1591 -0.1644 -0.9734
vn -0.6278 0.4751 -0.6164
vn -0.6698 -0.3809 0.6373
vn -0.0739 -0.3569 0.9312
vn 0.3325 0.4298 -0.8395
vn 0.5304 -0.6503 0.5439
vn -0.0247 -0.4765 0.8788
vn 0.9656 -0.0738 -0.2492
vn 0.2461 0.3520 -0.9030
vn -0.5063 0.7906 -0.3443
vn 0.7246 -0.6850 0.0746
vn 0.1768 -0.6456 -0.7429
vn 0.9232 0.3806 0.0529
vn -0.0846 0.3428 -0.9355
vn 0.6153 0.1906 0.7649
vn 0.3748 -0.9271 0.0000
vn -0.4615 -0.8826 -0.0891
vn 0.4870 0.7898 -0.3729
vn 0.9539 0.1776 0.2418
vn 0.1045 0.9363 -0.3352
vn -0.4078 -0.6023 0.6862
vn -0.1628 -0.9836 -0.0772
vn 0.1705 0.2528 0.9524
vn -0.8889 -0.4362 -0.1399
vn 0.7525 -0.4199 0.5074
vn 0.1944 -0.7098 -0.6770
vn 0.0000 0.9052 -0.4249
vn 0.0000 0.9072 -0.4207
vn 0.0000 0.9070 -0.4211
vn 0.8860 -0.4562 -0.0823
vn 0.8761 -0.4753 -0.0805
vn 0.8602 -0.5035 -0.0802
vn -0.5485 0.8330 0.0724
vn -0.9267 -0.0720 0.3689
vn -0.2097 -0.5733 0.7920
vn 0.7378 0.6359 0.2266
vn -0.9711 0.0032 0.2385
vn -0.9769 0.0027 0.2135
vn -0.9707 0.0028 0.2402
vn 0.9297 -0.3585 -0.0839
vn 0.9303 -0.3570 -0.0840
vn 0.9303 -0.3570 -0.0837
vn 0.0821 -0.9959 -0.0372
vn -0.8384 -0.2061 0.5046
vn -0.4206 -0.0698 -0.9045
vn 0.0542 0.9983 -0.0220
vn -0.1480 0.9583 0.2442
vn -0.1589 0.9557 0.2477
vn 0.9320 -0.3518 -0.0870
vn 0.9327 -0.3499 -0.0877
vn 0.9340 -0.3465 -0.0867
vn -0.8014 0.5981 0.0000
vn -0.6943 0.6701 -0.2624
vn 0.3022 0.4266 0.8524
vn -0.2172 -0.3527 0.9102
vn 0.6161 0.0848 0.7831
vn 0.6557 0.1863 -0.7317
vn 0.7846 0.6199 -0.0083
vn -0.2207 -0.7593 0.6121
vn -0.1836 -0.4213 -0.8881
vn -0.3948 -0.5871 0.7067
vn 0.2394 0.6822 0.6909
vn -0.0520 0.8654 0.4984
vn -0.9070 0.2382 0.3472
vn -0.2551 -0.0330 0.9663
vn 0.0074 -0.9999 -0.0123
vn -0.9088 -0.3397 0.2421
vn -0.2210 -0.2870 -0.9321
vn 0.1119 -0.6355 -0.7639
vn -0.4582 0.8422 0.2839
vn 0.1747 -0.9128 -0.3690
vn -0.9756 -0.2180 -0.0261
vn 0.0993 0.8979 0.4288
vn -0.0746 -0.8549 0.5135
vn -0.0803 0.3464 -0.9346
vn -0.1183 -0.5693 0.8136
vn 0.4935 0.0840 0.8657
vn -0.9513 -0.0245 0.3073
vn 0.7769 -0.1739 -0.6050
vn 0.6981 -0.6959 -0.1680
vn -0.8216 0.4926 -0.2867
vn 0.6053 0.7946 0.0471
vn 0.3748 0.0295 -0.9266
vn -0.8589 -0.4414 -0.2596
vn 0.3276 0.4631 -0.8235
vn -0.0983 0.8343 -0.5424
vn 0.3226 -0.9453 0.0487
vn -0.4967 0.2463 0.8322
vn -0.1014 -0.9451 -0.3106
vn -0.5474 -0.8086 0.2154
vn -0.7947 -0.5685 0.2126
vn 0.1615 -0.9763 -0.1435
vn -0.8668 -0.3230 -0.3799
vn -0.7998 -0.0724 -0.5958
vn -0.8837 0.4522 -0.1208
vn -0.7354 -0.6770 -0.0289
vn 0.2432 -0.0239 -0.9697
vn 0.9944 -0.0016 -0.1053
vn 0.0550 -0.9198 -0.3885
vn 0.4968 -0.5999 -0.6272
vn -0.3981 0.8880 -0.2300
vn -0.3870 0.8907 -0.2387
vn -0.3912 0.8878 -0.2426
vn 0.3023 -0.8139 -0.4961
vn 0.2937 -0.7485 0.5945
vn -0.4039 -0.1829 -0.8963
vn 0.9755 -0.1676 -0.1426
vn 0.9751 -0.1651 -0.1479
vn 0.9757 -0.1661 -0.1426
vn 0.9148 0.3770 -0.1451
vn -0.8655 0.2203 -0.4498
vn -0.1030 0.7967 0.5955
vn 0.6649 0.1866 0.7232
vn 0.6653 0.1851 0.7232
vn 0.6670 0.1861 0.7213
vn -0.8640 -0.1493 0.4808
vn -0.6954 -0.7083 -0.1212
vn 0.0417 -0.8419 0.5381
vn 0.5622 -0.3202 -0.7624
vn -0.4259 -0.2611 -0.8663
vn -0.1698 -0.2773 -0.9456
vn -0.4112 -0.2597 -0.8737
vn -0.9155 -0.3396 0.2157
vn 0.9760 -0.1554 -0.1526
vn 0.9759 -0.1564 -0.1524
vn 0.9757 -0.1565 -0.1530
vn 0.9429 0.2403 0.2307
vn 0.4582 0.3892 0.7991
vn -0.7986 -0.4009 0.4488
vn 0.6319 0.7418 0.2245
vn -0.5538 -0.2047 -0.8071
vn 0.6952 0.6921 -0.1940
vn -0.1034 -0.5234 -0.8458
vn -0.2367 0.2300 0.9439
vn -0.5218 -0.7226 0.4533
vn 0.3690 0.5983 -0.7113
vn -0.1386 0.7807 0.6094
vn -0.4995 0.8640 -0.0632
vn -0.3945 -0.9166 0.0639
vn 0.8915 0.4508 -0.0429
vn 0.5575 -0.8302 -0.0043
vn -0.5997 -0.7812 -0.1733
vn 0.0216 0.9769 0.2126
vn 0.2605 0.5654 0.7825
vn -0.5711 0.7060 -0.4188
vn -0.9995 -0.0058 0.0295
vn 0.1229 -0.3383 0.9330
vn 0.2707 -0.6064 -0.7476
vn 0.3589 -0.7814 -0.5104
vn -0.6993 0.5015 0.5093
vn -0.3931 -0.9172 -0.0649
vn 0.7358 -0.1571 0.6587
vn -0.9901 0.1404 0.0008
vn 0.7608 -0.2626 0.5935
vn -0.3790 -0.8810 -0.2831
vn -0.9203 0.1614 0.3563
vn -0.1169 0.4224 -0.8988
vn 0.3567 -0.7659 0.5349
vn -0.5008 0.5003 0.7063
vn -0.1307 -0.7121 0.6897
vn 0.5508 -0.5906 -0.5898
vn 0.2206 0.5725 -0.7896
vn -0.7241 0.2876 -0.6269
vn -0.3346 0.2062 0.9195
vn -0.5208 0.8424 -0.1382
vn 0.2795 0.0347 0.9595
vn -0.2029 -0.4914 -0.8469
vn 0.9077 0.2939 0.2993
vn -0.7839 -0.5424 -0.3019
vn -0.7061 0.7080 -0.0098
vn 0.6505 0.1739 0.7393
vn 0.4121 0.7574 0.5063
vn -0.3555 0.2375 0.9040
vn 0.5834 -0.3871 0.7140
vn 0.3357 0.3234 -0.8847
vn -0.9994 0.0351 -0.0044
vn 0.6647 0.3129 0.6784
vn -0.0305 0.9984 0.0469
vn -0.8480 -0.5265 0.0603
vn -0.3941 0.8748 -0.2818
vn -0.4611 -0.4753 -0.7493
vn 0.1265 -0.9777 0.1676
vn 0.0332 -0.2916 0.9560
vn 0.7258 0.0688 0.6844
vn -0.1568 -0.8978 -0.4115
vn -0.8589 0.0367 -0.5109
vn 0.9198 -0.3870 -0.0644
vn -0.1837 0.7762 0.6031
vn -0.9982 -0.0584 0.0159
vn 0.1202 -0.5675 0.8145
vn 0.5972 0.5962 -0.5364
vn -0.0891 0.8477 -0.5228
vn 0.3605 -0.8284 -0.4287
vn -0.3966 -0.5679 0.7212
vn -0.0842 0.9896 -0.1166
vn -0.3719 0.8427 0.3891
vn -0.4995 0.8560 0.1333
vn -0.1466 0.9417 0.3027
vn -0.1642 0.9267 0.3379
vn 0.5196 0.7408 0.4256
vn 0.5710 0.7448 0.3453
vn 0.2155 -0.6741 -0.7065
vn 0.1334 -0.3031 -0.9435
vn 0.2584 -0.6506 -0.7141
vn -0.5700 -0.8214 -0.0174
vn -0.3302 -0.2190 0.9181
vn -0.0233 -0.1901 -0.9815
vn -0.2281 0.3803 0.8963
vn -0.4542 0.0829 0.8870
vn -0.3466 0.8779 -0.3303
vn 0.3462 0.9145 -0.2094
vn -0.2920 -0.8509 -0.4367
vn 0.1697 -0.9243 -0.3418
vn -0.1883 -0.9059 -0.3792
vn -0.9794 0.1267 -0.1570
vn -0.2234 0.9254 0.3060
vn 0.2994 0.8644 -0.4038
vn 0.6194 0.5415 -0.5685
vn 0.2467 0.1285 0.9605
vn 0.0219 0.9727 0.2310
vn -0.1721 0.9217 0.3476
vn -0.2269 0.2369 -0.9447
vn 0.8759 0.4635 -0.1336
vn -0.8901 -0.4443 -0.1013
vn -0.9011 -0.4099 0.1416
vn -0.3172 -0.5656 0.7612
vn 0.0936 -0.9950 0.0354
vn 0.9283 -0.3579 0.1005
vn -0.2288 -0.9009 -0.3688
vn 0.1566 -0.9096 -0.3849
vn 0.1769 -0.9199 -0.3500
vn 0.7569 0.4364 0.4864
vn 0.8179 -0.4127 -0.4008
vn 0.3834 0.2159 -0.8980
vn -0.8700 0.1610 0.4660
vn -0.6874 -0.6939 0.2145
vn 0.0042 0.9033 -0.4290
vn 0.1507 -0.3499 0.9246
vn 0.0529 0.2667 0.9623
vn 0.5667 -0.8227 0.0454
vn -0.5525 0.2290 -0.8014
vn 0.7578 -0.5860 -0.2867
vn -0.8895 0.4365 0.1347
vn -0.3771 0.1919 0.9060
vn -0.4005 -0.6607 0.6349
vn -0.0858 -0.1956 0.9769
vn -0.8113 0.5493 -0.2000
vn 0.3178 -0.8235 -0.4698
vn 0.6389 -0.7688 0.0252
vn -0.6878 -0.6488 -0.3255
vn 0.8265 0.4993 0.2600
vn 0.2556 0.8852 -0.3886
vn 0.5031 0.8602 -0.0831
vn 0.1304 0.2723 -0.9533
vn -0.8970 -0.2972 -0.3271
vn -0.2936 -0.6363 0.7133
vn 0.5367 -0.7747 0.3342
vn 0.0905 0.4570 -0.8849
vn 0.3687 0.5057 0.7800
vn -0.8197 -0.3994 0.4105
vn 0.7993 0.4074 0.4418
vn -0.3305 -0.8712 0.3630
vn -0.7327 -0.1328 0.6675
vn -0.7797 0.4322 0.4531
vn -0.3939 -0.8649 0.3110
vn 0.7249 -0.6637 0.1845
vn -0.1511 0.6830 -0.7146
vn -0.5378 -0.4895 -0.6863
vn -0.3617 -0.0428 -0.9313
vn -0.3167 0.9171 -0.2421
vn -0.0322 -0.5659 0.8238
vn 0.2661 0.2382 -0.9340
vn 0.0139 0.9747 0.2231
vn 0.8768 0.1552 0.4550
vn -0.9090 -0.0003 0.4167
vn -0.9375 -0.3471 -0.0240
vn 0.0991 0.6811 0.7255
vn 0.5042 0.6413 -0.5784
vn -0.3106 -0.9002 -0.3052
vn -0.3702 0.4332 0.8217
vn 0.9890 -0.0985 -0.1098
vn -0.3917 0.7820 0.4848
vn 0.6557 0.6064 0.4498
vn 0.7454 -0.6489 0.1527
vn 0.0200 -0.0453 0.9987
vn 0.6124 0.7569 0.2282
vn -0.9514 0.3054 -0.0374
vn -0.5226 -0.6735 0.5228
vn 0.9004 -0.2734 -0.3383
vn 0.8033 -0.5955 -0.0058
vn -0.9426 0.3282 -0.0612
vn 0.0762 0.9690 0.2350
vn 0.3584 -0.3600 0.8613
vn -0.5507 0.7936 -0.2587
vn 0.0915 -0.3956 -0.9138
vn -0.7739 -0.5446 -0.3230
vn 0.0647 -0.9791 -0.1928
vn 0.5582 -0.2792 0.7813
vn 0.9163 -0.3654 -0.1640
vn -0.7364 0.6330 0.2388
vn 0.3324 -0.9431 -0.0081
vn 0.9218 -0.3489 -0.1689
vn 0.6208 0.6822 -0.3861
vn -0.0950 0.4508 0.8876
vn -0.3608 -0.9301 0.0677
vn -0.1003 0.6427 0.7595
vn -0.6153 -0.6120 0.4968
vn 0.6601 0.7494 -0.0524
vn 0.1141 0.2881 0.9508
vn -0.5849 -0.7164 -0.3802
vn -0.6523 -0.2228 0.7244
vn -0.6210 -0.2475 -0.7437
vn 0.5870 0.3353 -0.7368
vn 0.6980 0.6851 -0.2083
vn 0.1774 -0.7676 0.6159
vn 0.5652 -0.3608 -0.7418
vn 0.4675 -0.0054 -0.8840
vn 0.1121 -0.9269 -0.3580
vn 0.4067 -0.5640 -0.7186
vn 0.6913 0.4589 -0.5581
vn -0.6986 -0.6555 -0.2867
vn 0.4197 -0.1762 -0.8904
vn -0.3368 -0.9204 -0.1985
vn -0.5222 -0.8337 0.1796
vn 0.4052 -0.3823 -0.8304
vn 0.9649 -0.1988 0.1716
vn -0.3244 0.6327 0.7031
vn -0.5076 -0.6892 -0.5170
vn 0.5677 -0.0867 -0.8186
vn -0.3367 0.9390 -0.0697
vn -0.3628 -0.7363 -0.5711
vn 0.3769 0.2500 0.8919
vn 0.8740 0.0473 0.4835
vn 0.4652 0.7337 -0.4953
vn 0.4374 -0.8189 0.3715
vn 0.8822 0.4528 0.1293
vn 0.0157 -0.4325 -0.9015
vn 0.9784 0.0869 0.1873
vn 0.4620 -0.8494 -0.2549
vn -0.6937 0.6327 -0.3442
vn -0.0943 0.5167 -0.8509
vn 0.2378 -0.2697 0.9331
vn -0.7757 -0.0738 -0.6267
vn -0.4125 0.5265 0.7434
vn 0.3006 -0.0368 0.9530
vn -0.8416 -0.0815 -0.5339
vn 0.7558 0.0199 0.6545
vn 0.7307 0.0515 0.6807
vn 0.9179 0.3392 0.2058
vn -0.8990 0.1512 -0.4110
vn -0.5206 0.2973 -0.8003
vn 0.0610 -0.1148 -0.9915
vn -0.5697 0.2165 -0.7928
vn -0.3478 -0.4148 0.8408
vn 0.2209 -0.8779 -0.4248
vn -0.3948 -0.0270 0.9183
vn 0.4436 0.4805 0.7565
vn -0.6352 -0.6979 -0.3309
vn 0.9303 0.0039 0.3666
vn 0.7069 0.4168 -0.5714
vn -0.6102 0.5872 -0.5317
vn -0.1901 -0.9663 0.1734
vn 0.0415 -0.8066 0.5896
vn 0.0381 0.9956 0.0856
vn 0.5522 -0.5638 -0.6140
vn -0.6768 0.6333 -0.3753
vn 0.0141 -0.9215 -0.3881
vn 0.4993 -0.2935 0.8152
vn 0.4080 -0.5901 0.6966
vn 0.8180 -0.1222 -0.5619
vn 0.6146 -0.2375 -0.7523
vn -0.5198 0.8530 0.0472
vn -0.9861 0.1379 0.0920
vn 0.1997 0.8666 -0.4573
vn 0.9555 -0.2256 -0.1899
vn -0.1525 0.4814 0.8631
vn -0.6973 -0.4756 -0.5363
vn 0.9544 -0.2564 -0.1525
vn -0.7859 0.2772 0.5528
vn 0.3463 -0.7100 0.6131
vn -0.0785 -0.9964 -0.0317
vn -0.4443 0.5745 0.6873
vn 0.8257 -0.2640 0.4985
vn 0.9961 0.0202 -0.0859
vn 0.4984 0.4441 0.7445
vn -0.9077 0.1132 -0.4041
vn 0.4779 0.3213 -0.8176
vn -0.7663 -0.4158 0.4898
vn 0.3533 -0.4361 -0.8276
vn 0.4859 0.8633 0.1358
vn -0.4310 0.6420 0.6340
vn 0.5044 0.7121 -0.4883
vn -0.3639 0.5287 0.7668
vn -0.2300 -0.4380 0.8690
vn 0.3466 -0.4566 -0.8193
vn 0.3198 0.5606 -0.7638
vn -0.4227 -0.7688 -0.4799
vn -0.3126 -0.6114 0.7269
vn -0.7426 -0.6420 0.1905
vn 0.1919 0.9617 0.1954
vn 0.5242 0.0651 0.8491
vn 0.7202 -0.6857 0.1052
vn -0.5226 0.6862 0.5059
vn 0.0167 -0.7274 0.6859
vn 0.0380 0.9292 -0.3677
vn -0.8242 0.5651 -0.0361
vn -0.4838 0.5161 0.7067
vn -0.2600 0.8496 -0.4588
vn 0.2551 -0.0979 -0.9619
vn 0.1655 -0.3815 0.9094
vn 0.1364 -0.9387 0.3166
vn -0.4486 -0.8317 0.3270
vn -0.7378 -0.0848 0.6696
vn -0.4939 0.1409 -0.8580
vn -0.9297 0.1826 0.3197
vn 0.4082 -0.1077 0.9065
vn 0.2082 0.4991 0.8411
vn 0.0127 -0.4363 -0.8997
vn 0.4460 0.3870 -0.8070
vn 0.2727 -0.9435 0.1880
vn -0.5172 0.6417 0.5663
vn 0.6311 0.1653 -0.7578
vn 0.6833 -0.6846 0.2537
vn 0.1057 0.9843 -0.1415
vn -0.0114 -0.7155 -0.6985
vn 0.1856 0.5687 -0.8014
vn -0.2553 -0.3092 0.9161
vn 0.1938 -0.9790 -0.0632
vn -0.6696 0.6952 0.2613
vn 0.8679 0.4320 0.2452
vn 0.7451 -0.0756 0.6626
vn 0.6875 -0.0488 -0.7245
vn 0.3158 -0.7149 0.6238
vn 0.8333 0.5349 -0.1393
vn -0.6269 -0.1760 0.7590
vn 0.2625 0.8934 0.3646
vn -0.9256 -0.2281 0.3019
vn 0.5032 -0.7744 0.3834
vn -0.6070 -0.0853 0.7901
vn 0.7566 0.4547 -0.4699
vn 0.6669 0.3028 0.6808
vn 0.3771 0.3930 0.8386
vn -0.2534 -0.5856 0.7699
vn -0.7254 0.5696 -0.3863
vn 0.5673 -0.2497 -0.7848
vn 0.5099 -0.5149 0.6890
vn -0.8299 0.5050 0.2372
vn 0.0189 0.2694 -0.9628
vn 0.4179 -0.8537 -0.3107
vn -0.9379 -0.3397 0.0701
vn 0.2424 -0.0032 -0.9702
vn -0.3063 0.9463 0.1035
vn -0.4474 -0.4166 -0.7913
vn -0.2104 0.2405 0.9475
vn 0.8479 -0.1905 -0.4947
vn 0.1008 0.9931 -0.0601
vn -0.3909 -0.5147 0.7631
vn -0.8262 0.1112 -0.5522
vn 0.1620 -0.9689 0.1870
vn 0.9735 -0.0184 0.2279
vn -0.2759 -0.3865 0.8800
vn -0.9690 0.2091 -0.1317
vn 0.3715 -0.5865 0.7196
vn -0.9237 0.3724 0.0900
vn 0.3726 0.2549 -0.8923
vn -0.3268 -0.8936 -0.3076
vn -0.8243 -0.4710 -0.3140
vn -0.8437 -0.4466 -0.2978
vn -0.8049 -0.4360 -0.4024
vn 0.4514 -0.8859 -0.1070
vn 0.3123 -0.8961 -0.3155
vn 0.8484 -0.4648 0.2534
vn -0.2162 0.8012 0.5580
vn -0.7167 -0.4086 0.5651
vn 0.6242 0.6104 0.4876
vn 0.5830 0.1788 -0.7926
vn -0.3763 -0.9021 -0.2110
vn 0.2833 0.8963 -0.3410
vn 0.2359 0.4894 -0.8395
vn 0.2074 0.5432 -0.8136
vn 0.2108 0.5236 -0.8255
vn 0.3600 0.7255 0.5865
vn -0.7339 -0.5214 0.4352
vn 0.2321 -0.1951 -0.9529
vn 0.9424 -0.3114 -0.1216
vn 0.2649 -0.8808 -0.3924
vn -0.5967 0.7470 -0.2930
vn 0.0168 0.7674 0.6409
vn 0.5051 -0.8630 -0.0103
vn 0.6800 0.2204 -0.6992
vn -0.0601 -0.1430 0.9879
vn 0.0981 0.1232 0.9875
vn 0.3196 -0.3719 -0.8715
vn -0.9504 0.3049 -0.0614
vn -0.9167 -0.2560 -0.3068
vn 0.2740 0.9604 0.0510
vn -0.4781 -0.8170 -0.3223
vn 0.5219 0.2777 -0.8065
vn -0.4808 -0.1098 0.8699
vn -0.5567 -0.6293 -0.5422
vn -0.1253 0.1921 -0.9733
vn -0.2197 -0.9238 -0.3134
vn -0.9728 -0.0349 -0.2289
vn 0.1128 -0.0710 0.9911
vn 0.8953 0.1773 -0.4086
vn -0.3693 0.7090 0.6007
vn -0.8267 -0.5576 0.0751
vn -0.7642 0.2649 -0.5880
vn 0.2574 -0.0675 0.9639
vn 0.8440 0.2472 -0.4760
vn 0.9099 -0.1221 -0.3963
vn 0.4845 -0.2698 -0.8321
vn -0.6308 -0.0931 0.7703
vn -0.1742 0.3314 0.9272
vn -0.8466 -0.5292 -0.0561
vn -0.4350 0.8173 -0.3779
vn 0.3249 -0.3922 -0.8606
vn 0.3705 0.8671 -0.3328
vn -0.7702 -0.5348 0.3475
vn 0.4697 0.4648 0.7505
vn 0.4932 0.5697 -0.6573
vn 0.6045 -0.7775 -0.1733
vn 0.0558 0.5057 0.8609
vn 0.6227 0.6697 0.4046
vn -0.2034 -0.8546 -0.4777
vn 0.5208 0.2793 0.8067
vn 0.0822 -0.3758 -0.9230
vn -0.9187 -0.0758 -0.3876
vn 0.7009 0.0317 0.7125
vn 0.9734 -0.2265 -0.0347
vn 0.5712 0.6715 -0.4720
vn -0.1096 0.9934 -0.0322
vn -0.4618 0.0275 0.8865
vn 0.6037 -0.3287 -0.7262
vn -0.4002 0.0047 0.9164
vn -0.4861 -0.7897 -0.3743
vn -0.6865 0.5893 -0.4260
vn -0.8117 -0.0970 -0.5759
vn 0.4577 -0.8712 -0.1778
vn 0.5522 0.6712 0.4945
vn -0.6010 -0.0222 -0.7989
vn 0.9432 -0.0977 0.3174
vn 0.3563 -0.5148 -0.7797
vn -0.9700 0.1878 -0.1542
vn -0.0971 -0.8211 0.5624
vn 0.9282 -0.3434 -0.1432
vn 0.8183 -0.1153 0.5630
vn -0.4762 -0.1527 0.8659
vn -0.2655 -0.9248 -0.2725
vn 0.6233 0.5472 -0.5586
vn 0.3162 0.9487 0.0000
vn 0.4472 0.8944 0.0000
vn 0.2425 0.9701 0.0000
vn -0.1262 0.9324 0.3385
vn -0.2133 0.9293 0.3012
vn 0.8509 0.4860 0.1990
vn 0.0065 0.6924 0.7214
vn -0.1689 -0.4071 0.8976
vn 0.6471 0.3879 0.6563
vn -0.4054 -0.6918 -0.5975
vn -0.9931 -0.1008 0.0594
vn -0.2317 -0.3253 0.9167
vn -0.2895 0.3032 0.9079
vn 0.9678 0.2475 -0.0459
vn 0.1664 -0.3976 -0.9023
vn -0.7659 0.6350 -0.1005
vn 0.1035 -0.1304 0.9860
vn 0.0864 0.7492 0.6566
vn 0.2312 -0.9570 -0.1752
vn -0.5485 0.7959 -0.2561
vn 0.4453 0.7791 -0.4411
vn 0.1659 0.1768 0.9702
vn -0.9067 0.3188 0.2762
vn -0.9862 -0.1342 -0.0969
vn 0.9704 -0.0009 -0.2413
vn 0.2585 0.8592 -0.4415
vn -0.4436 0.8949 -0.0479
vn 0.3498 -0.8225 0.4484
vn 0.2266 -0.7772 -0.5870
vn -0.1788 -0.7932 -0.5821
vn 0.7375 0.6741 0.0407
vn -0.9368 -0.3487 0.0282
vn -0.1545 -0.3436 0.9263
vn -0.0365 0.9988 0.0332
vn -0.9967 0.0266 -0.0758
vn 0.8059 0.4600 -0.3726
vn 0.1680 -0.8446 -0.5083
vn -0.5109 0.8508 -0.1226
vn -0.7945 -0.3193 -0.5165
vn -0.1058 -0.7236 -0.6820
vn 0.3338 0.5625 0.7565
vn -0.8822 -0.4707 0.0052
vn -0.4642 0.8436 -0.2699
vn -0.5435 -0.4893 -0.6820
vn 0.3617 0.1473 0.9206
vn -0.2549 -0.7190 0.6465
vn -0.4755 -0.4287 -0.7682
vn -0.4223 -0.6631 0.6180
vn 0.2195 0.9727 -0.0745
vn -0.8740 0.2455 -0.4192
vn -0.5176 -0.5090 -0.6877
vn -0.5972 -0.4274 -0.6787
vn -0.2774 -0.1616 -0.9471
vn -0.2748 -0.1394 -0.9513
vn -0.2806 -0.1522 -0.9477
vn -0.2366 0.9694 0.0651
vn -0.7066 -0.5221 0.4775
vn 0.4531 0.8812 -0.1346
vn -0.2354 0.9077 0.3475
vn -0.2562 0.8468 0.4661
vn -0.2337 0.8923 0.3861
vn 0.0839 0.7037 0.7055
vn -0.1640 0.9476 0.2740
vn -0.1167 0.9712 0.2079
vn 0.1619 0.7768 -0.6085
vn 0.2654 -0.4176 -0.8690
vn 0.3039 -0.4342 -0.8480
vn 0.2994 -0.5072 -0.8082
vn 0.3068 0.8263 -0.4723
vn -0.0715 0.9790 0.1910
vn -0.1382 0.8715 0.4705
vn 0.4407 0.6290 -0.6404
vn 0.0305 0.8386 0.5439
vn 0.1531 0.1842 -0.9709
vn -0.8113 0.3168 -0.4912
vn -0.9993 -0.0362 0.0120
vn -0.9029 0.2467 -0.3521
vn -0.0754 0.9919 -0.1019
vn -0.0764 -0.8233 -0.5624
vn -0.7910 -0.0310 -0.6110
vn -0.8936 0.4022 0.1993
vn 0.0089 0.4534 -0.8912
vn -0.0160 0.4442 -0.8957
vn 0.0132 0.4323 -0.9016
vn 0.8444 0.1510 0.5140
vn 0.3844 -0.7508 0.5370
vn 0.1638 -0.9383 0.3046
vn -0.2281 -0.8859 0.4039
vn 0.5995 0.5789 0.5527
vn 0.8665 0.4838 0.1228
vn 0.0469 0.9350 -0.3515
vn 0.4906 -0.5404 -0.6835
vn -0.6495 0.4771 -0.5920
vn -0.8348 -0.4147 0.3620
vn 0.4050 -0.8380 -0.3656
vn 0.8341 -0.3167 0.4516
vn 0.0970 0.8585 -0.5035
vn -0.2192 -0.8732 -0.4353
vn -0.6282 -0.7750 -0.0681
vn 0.3245 0.0574 -0.9441
vn -0.4859 -0.2235 -0.8449
vn 0.8989 -0.1396 -0.4153
vn -0.7437 -0.4052 0.5317
vn -0.9433 0.2988 0.1446
vn -0.3812 -0.2489 -0.8903
vn -0.5917 0.8046 -0.0498
vn -0.1336 -0.2986 -0.9449
vn 0.8815 -0.4704 -0.0401
vn 0.0353 0.1197 -0.9922
vn 0.2092 0.8679 0.4505
vn -0.7080 0.6439 0.2901
vn -0.1268 -0.9011 0.4147
vn -0.0698 0.9763 0.2045
vn -0.6605 0.6572 0.3629
vn 0.2277 -0.9143 -0.3349
vn 0.1432 -0.9871 -0.0716
vn -0.1919 -0.8394 -0.5084
vn -0.9877 0.1408 0.0672
vn -0.9258 -0.0892 -0.3672
vn -0.6719 0.2398 -0.7007
vn -0.8149 -0.3472 0.4640
vn -0.3931 0.6502 -0.6501
vn 0.6399 0.7553 -0.1416
vn -0.7642 0.4100 -0.4977
vn 0.3212 0.7478 -0.5811
vn 0.7317 -0.3185 0.6026
vn 0.9744 -0.2195 0.0478
vn -0.3828 0.2672 0.8843
vn 0.8826 -0.0883 -0.4617
vn 0.3181 0.4407 -0.8394
vn -0.2893 -0.6447 -0.7076
vn 0.5293 0.5438 -0.6513
vn -0.2844 -0.5821 0.7617
vn -0.2351 -0.4614 0.8554
vn -0.1617 0.9028 0.3984
vn -0.2677 0.8448 0.4632
vn -0.3000 0.8614 0.4098
vn -0.3415 0.7865 0.5145
vn -0.7476 0.1131 -0.6544
vn 0.7458 0.2487 0.6179
vn 0.6933 0.3625 -0.6228
vn -0.5743 -0.6561 -0.4895
vn 0.3256 0.9032 -0.2795
vn 0.0510 -0.4314 -0.9007
vn -0.5570 0.4900 0.6705
vn -0.8725 0.1239 0.4725
vn 0.2785 -0.8163 0.5060
vn 0.4277 0.4038 0.8087
vn 0.0335 -0.9792 0.1998
vn 0.7318 -0.3098 0.6070
vn 0.4941 -0.7056 -0.5080
vn -0.5355 -0.4185 0.7335
vn -0.6338 -0.5153 -0.5768
vn 0.8694 0.0667 -0.4896
vn 0.2876 0.5283 0.7989
vn -0.7675 -0.2831 -0.5752
vn -0.5034 -0.4383 0.7446
vn 0.5029 -0.7871 -0.3571
vn 0.3530 0.7425 -0.5693
vn 0.3838 -0.6308 -0.6744
vn 0.7853 -0.5757 0.2277
vn 0.4465 0.8787 -0.1686
vn -0.5704 -0.7106 -0.4119
vn 0.6012 -0.7722 -0.2055
vn 0.3504 0.5978 0.7210
vn 0.4632 0.1560 -0.8724
vn -0.6582 0.7497 -0.0684
vn 0.3790 0.3060 0.8733
vn -0.1227 -0.9924 0.0056
vn 0.9652 -0.2590 -0.0344
vn -0.4256 0.8861 0.1834
vn -0.1217 0.4896 0.8634
vn 0.3471 0.8234 -0.4488
vn 0.2594 -0.8277 -0.4976
vn -0.3523 -0.5337 -0.7688
vn -0.4362 0.7869 0.4364
vn -0.3128 -0.5102 0.8011
vn 0.9958 0.0182 0.0897
vn -0.0140 -0.1345 0.9908
vn -0.2952 0.9212 0.2532
vn -0.4490 -0.8405 -0.3031
vn -0.2345 -0.2025 -0.9508
vn -0.1712 -0.2759 -0.9458
vn -0.1979 -0.2578 -0.9457
vn -0.4566 -0.7402 0.4935
vn -0.8612 0.2917 0.4162
vn 0.6489 0.0170 0.7607
vn 0.9271 0.3220 -0.1916
vn 0.6727 0.5873 0.4500
vn 0.4210 0.4642 -0.7793
vn 0.1874 0.9738 0.1289
vn -0.7601 -0.1814 -0.6240
vn -0.1241 -0.0585 0.9905
vn -0.8727 -0.4316 0.2282
vn -0.4159 -0.0225 -0.9091
vn -0.6566 0.7530 0.0422
vn -0.1612 -0.2423 0.9567
vn -0.2143 -0.1310 -0.9679
vn 0.1221 -0.6455 -0.7539
vn 0.5705 -0.7969 0.1987
vn -0.4732 -0.7301 0.4929
vn 0.1174 0.6135 0.7809
vn 0.8782 -0.1718 0.4463
vn -0.6456 0.3607 0.6731
vn 0.4542 -0.6104 -0.6489
vn 0.5950 -0.8002 0.0747
vn 0.2025 0.6414 0.7400
vn 0.2223 0.8180 -0.5304
vn -0.7660 -0.5559 0.3229
vn -0.2519 -0.3479 -0.9030
vn -0.2883 0.9203 -0.2644
vn -0.3063 -0.8419 -0.4441
vn -0.5687 -0.6028 -0.5596
vn -0.1778 0.9191 0.3515
vn 0.0836 0.6082 -0.7894
vn 0.2290 0.9479 0.2213
vn 0.7429 -0.6682 -0.0397
vn -0.6081 0.6782 -0.4125
vn 0.4570 -0.2666 0.8485
vn -0.3591 0.2472 0.8999
vn 0.3696 -0.7956 -0.4801
vn -0.3803 -0.6296 0.6774
vn -0.5962 0.6319 -0.4951
vn 0.3589 -0.4508 -0.8173
vn 0.8351 -0.2019 -0.5116
vn 0.6364 -0.5073 -0.5810
vn 0.6130 0.7375 -0.2834
vn 0.1193 -0.4513 -0.8843
vn 0.3130 0.6904 -0.6522
vn 0.6513 0.6617 0.3715
vn -0.0989 -0.8339 -0.5429
vn -0.3965 -0.7363 -0.5483
vn 0.6583 0.7522 -0.0295
vn -0.2517 0.0066 -0.9678
vn -0.6948 -0.7190 0.0164
vn 0.0971 -0.1235 -0.9876
vn -0.0075 -0.1115 0.9937
vn -0.9983 -0.0398 -0.0424
vn -0.8896 0.1922 0.4144
vn 0.3923 -0.8217 0.4134
vn 0.7839 -0.5279 -0.3269
vn 0.7255 0.5025 0.4701
vn -0.1252 0.9920 0.0175
vn -0.1859 0.7928 0.5803
vn -0.0483 -0.8349 0.5482
vn 0.3233 0.0300 -0.9458
vn 0.2358 -0.0742 -0.9689
vn 0.6284 -0.2592 -0.7334
vn -0.6546 -0.1399 0.7429
vn 0.7630 0.5878 0.2688
vn 0.2871 0.9452 -0.1555
vn -0.2056 -0.0959 -0.9739
vn -0.1883 -0.0695 -0.9796
vn -0.2030 -0.0764 -0.9762
vn 0.0870 -0.4592 -0.8840
vn 0.6270 -0.3699 -0.6855
vn -0.4389 -0.2568 0.8610
vn -0.3544 -0.6707 0.6515
vn -0.4256 -0.5179 -0.7420
vn 0.9426 -0.0447 0.3308
vn -0.1859 -0.7761 0.6026
vn 0.4035 0.1210 -0.9069
vn 0.1342 0.8189 -0.5579
vn 0.1893 0.8302 -0.5242
vn 0.2015 -0.9722 -0.1187
vn -0.0618 -0.8644 0.4990
vn 0.1128 0.6455 0.7553
vn -0.4229 0.2656 0.8663
vn -0.3907 0.9098 0.1402
vn 0.8662 -0.3616 0.3448
vn 0.5015 0.1669 -0.8489
vn -0.1264 -0.7176 0.6848
vn 0.5475 0.7474 0.3761
vn 0.2021 0.7017 -0.6832
vn -0.6578 -0.7529 0.0180
vn 0.8093 0.5584 0.1821
vn -0.2337 0.5998 -0.7653
vn -0.2787 -0.8988 0.3383
vn -0.7713 -0.5934 -0.2303
vn 0.3135 -0.4852 -0.8163
vn 0.6172 0.6242 0.4790
vn -0.3133 0.5566 0.7694
vn -0.3258 -0.1295 0.9365
vn -0.2466 -0.9469 -0.2061
vn 0.7887 -0.1585 -0.5939
vn -0.2717 0.6509 -0.7089
vn -0.3904 0.5415 0.7445
vn -0.5879 0.5265 -0.6140
vn -0.5611 0.3744 0.7382
vn -0.0296 0.9246 -0.3798
vn 0.0083 0.3494 0.9369
vn -0.2199 -0.3197 0.9216
vn -0.8659 0.0180 0.4998
vn -0.8910 -0.3267 -0.3152
vn -0.8384 -0.4975 -0.2225
vn 0.4187 0.8068 0.4167
vn 0.8142 0.1657 -0.5564
vn 0.6755 -0.7318 -0.0898
vn -0.0252 -0.4445 -0.8954
vn -0.5908 0.5220 0.6152
vn -0.0790 -0.8190 0.5683
vn -0.0132 0.0952 -0.9954
vn -0.1308 -0.9024 0.4104
vn 0.5737 0.1891 -0.7969
vn -0.4433 0.8912 -0.0962
vn -0.9209 0.0561 -0.3858
vn -0.5026 0.3859 0.7736
vn 0.8242 0.1020 -0.5570
vn 0.7197 -0.1844 0.6694
vn -0.9157 0.3854 -0.1134
vn -0.0037 0.5459 0.8379
vn 0.6696 0.3529 0.6535
vn 0.4946 -0.6400 0.5879
vn 0.6894 0.3143 -0.6525
vn -0.8595 0.0581 0.5078
vn -0.3675 -0.3686 -0.8538
vn -0.8600 -0.5094 0.0291
vn 0.5301 0.2412 -0.8129
vn -0.3518 0.3166 0.8809
vn 0.5989 -0.7204 -0.3497
vn -0.0229 -0.0915 0.9955
vn -0.0180 -0.0722 0.9972
vn -0.0234 -0.0937 0.9953
vn -0.3943 0.9169 0.0622
vn 0.5843 0.7377 -0.3381
vn -0.5874 -0.8050 0.0829
vn 0.3039 -0.0112 -0.9526
vn 0.5018 0.8508 0.1561
vn 0.4022 0.6801 -0.6129
vn -0.5937 -0.2514 0.7644
vn 0.3681 -0.6353 -0.6789
vn -0.1655 -0.5859 0.7933
vn -0.2901 0.1680 -0.9421
vn -0.0359 -0.9439 -0.3283
vn -0.0359 -0.9327 -0.3587
vn -0.0354 -0.9339 -0.3558
vn -0.0547 -0.9940 0.0939
vn -0.4992 0.8623 -0.0847
vn -0.8332 -0.4722 -0.2877
vn 0.8478 0.5009 -0.1740
vn -0.9501 -0.1921 -0.2455
vn -0.9528 -0.1881 -0.2382
vn -0.9519 -0.1904 -0.2400
vn -0.9507 0.2951 0.0957
vn 0.2318 0.0360 0.9721
vn 0.2860 -0.0203 -0.9580
vn 0.9883 0.0726 0.1341
vn -0.5350 0.7677 -0.3526
vn -0.2008 -0.8644 0.4609
vn -0.1954 -0.3363 -0.9212
vn 0.3981 0.9008 0.1735
vn 0.7966 0.1230 0.5918
vn 0.4139 0.2537 -0.8742
vn 0.2764 0.9523 -0.1292
vn -0.0161 -0.7714 -0.6361
vn 0.4761 -0.8762 -0.0750
vn -0.5020 -0.0912 0.8600
vn 0.2757 -0.9406 0.1978
vn -0.5582 0.7314 -0.3915
vn 0.2119 -0.7681 0.6042
vn 0.8127 -0.0345 -0.5816
vn -0.3401 0.0343 0.9398
vn 0.3459 0.5557 -0.7560
vn 0.3342 0.5501 -0.7653
vn 0.3388 0.5419 -0.7691
vn 0.3933 -0.7715 -0.5001
vn -0.5351 0.2133 0.8174
vn 0.2052 -0.1909 0.9599
vn -0.9788 -0.1803 0.0973
vn 0.1003 -0.9485 -0.3003
vn 0.7125 0.5539 0.4306
vn 0.7006 0.6999 0.1390
vn -0.2416 0.4115 0.8787
vn -0.1292 -0.9680 0.2152
vn 0.9466 -0.0383 0.3201
vn 0.0720 -0.3708 -0.9259
vn -0.0247 0.2020 -0.9791
vn 0.3849 0.7025 0.5986
vn 0.3900 0.8755 0.2850
vn -0.7443 0.5776 0.3352
vn 0.1644 -0.2879 0.9434
vn 0.6308 0.1653 -0.7581
vn 0.7281 0.4735 -0.4956
vn 0.5644 0.5039 -0.6539
vn -0.0514 -0.8177 -0.5734
vn -0.1035 0.2422 -0.9647
vn -0.4999 -0.8511 0.1603
vn -0.1137 -0.8641 0.4902
vn -0.8688 0.2829 0.4064
vn 0.1801 -0.9823 -0.0510
vn -0.5437 -0.5869 0.6000
vn 0.0407 -0.8540 -0.5187
vn -0.4584 0.7714 -0.4413
vn 0.3742 -0.4545 -0.8083
vn 0.0486 0.7499 0.6597
vn 0.0231 0.5478 0.8362
vn -0.3151 -0.8889 0.3324
vn -0.4931 -0.6509 0.5772
vn 0.5752 0.7754 -0.2607
vn 0.4085 0.6312 -0.6593
vn -0.9364 0.3239 0.1350
vn 0.3239 -0.8019 0.5021
vn 0.2550 0.6361 -0.7282
vn -0.1024 -0.5047 0.8572
vn -0.9584 0.1950 -0.2084
vn 0.6826 0.5197 0.5136
vn -0.3731 0.4550 -0.8085
vn -0.7201 -0.5947 0.3573
vn 0.4105 -0.2124 0.8867
vn -0.7850 0.5501 -0.2848
vn -0.9226 0.2214 0.3159
vn 0.2939 -0.0796 0.9525
vn 0.4194 0.7815 -0.4620
vn 0.6071 0.4689 -0.6415
vn -0.7348 -0.5184 0.4375
vn 0.9502 -0.1021 0.2943
vn 0.6204 0.5904 0.5163
vn -0.5872 -0.7863 0.1922
vn 0.4782 0.2659 -0.8370
vn -0.4547 0.8604 -0.2299
vn 0.1337 -0.8571 0.4975
vn 0.0217 0.9581 0.2856
vn -0.1958 0.9641 0.1791
vn -0.9995 -0.0153 -0.0289
vn 0.6632 0.0885 0.7432
vn -0.1190 0.9920 0.0418
vn -0.6832 -0.4409 -0.5821
vn -0.8086 0.1498 -0.5689
vn 0.9247 0.0904 -0.3697
vn -0.8756 0.4720 -0.1020
vn -0.5473 0.2414 0.8013
vn 0.1568 0.2923 -0.9434
vn 0.7053 -0.7086 0.0184
vn 0.2956 -0.5391 0.7886
vn 0.3560 -0.1221 -0.9265
vn -0.0504 -0.9064 0.4193
vn -0.2119 0.9698 0.1209
vn 0.6144 -0.7786 0.1274
vn -0.1532 0.9128 -0.3786
vn -0.3956 0.1136 0.9114
vn -0.7704 0.3893 0.5048
vn -0.8544 0.2300 -0.4659
vn 0.3221 0.4597 -0.8276
vn -0.9391 0.3415 -0.0379
vn -0.1220 -0.4247 0.8971
vn 0.2981 -0.5963 -0.7454
vn 0.2636 -0.6026 -0.7532
vn -0.4830 0.0514 0.8741
vn -0.3022 -0.8914 -0.3377
vn 0.9709 -0.0927 -0.2208
vn -0.1444 -0.8540 -0.4997
vn 0.8688 0.3777 0.3202
vn -0.8237 -0.4405 0.3569
vn -0.5601 0.1138 -0.8205
vn -0.1166 -0.2310 0.9659
vn 0.1223 0.9520 -0.2805
vn 0.5813 -0.6284 0.5169
vn -0.4287 -0.8582 -0.2822
vn 0.9087 0.1857 -0.3739
vn 0.8686 0.4462 -0.2154
vn -0.6190 0.2868 -0.7311
vn 0.8158 0.4551 -0.3567
vn 0.2630 -0.2941 0.9189
vn 0.8322 0.4923 0.2549
vn -0.1125 -0.0804 0.9904
vn -0.8746 -0.4837 -0.0331
vn 0.2370 -0.9153 0.3258
vn 0.0044 0.4007 -0.9162
vn -0.2027 0.9107 0.3598
vn 0.7627 -0.4427 -0.4714
vn -0.5635 -0.7289 -0.3887
vn -0.7082 -0.3514 0.6124
vn 0.6684 0.7112 0.2178
vn 0.7978 -0.4876 0.3546
vn 0.8148 -0.4527 0.3621
vn 0.7682 -0.5121 0.3841
vn 0.0487 -0.1455 -0.9881
vn -0.0163 0.5764 0.8169
vn 0.4308 0.6968 0.5734
vn 0.0015 -0.7443 0.6678
vn -0.3521 0.9310 0.0963
vn 0.3235 0.1246 -0.9380
vn 0.4937 0.5332 0.6869
vn 0.7071 -0.6945 0.1326
vn -0.2667 0.9488 0.1691
vn 0.9865 0.1003 -0.1292
vn -0.8876 0.4606 0.0088
vn -0.2202 -0.2860 0.9326
vn -0.0171 -0.1241 0.9921
vn 0.8035 0.3264 -0.4979
vn 0.8021 -0.5932 -0.0682
vn -0.1826 -0.9734 0.1379
vn 0.5985 0.7998 -0.0458
vn -0.1739 -0.9493 -0.2618
vn -0.2657 -0.3463 0.8997
vn 0.1279 -0.0428 0.9908
vn 0.0685 0.9969 0.0381
vn -0.9272 -0.0737 -0.3671
vn 0.0616 0.1174 0.9911
vn -0.1317 -0.1125 -0.9849
vn -0.9922 0.1045 0.0675
vn 0.6415 -0.3286 0.6931
vn -0.6296 0.0876 -0.7720
vn -0.4022 0.7341 0.5471
vn 0.4014 -0.5826 0.7067
vn 0.3534 -0.8668 -0.3518
vn 0.2469 -0.9495 -0.1936
vn -0.3377 0.8845 -0.3218
vn 0.8638 0.1613 0.4773
vn 0.0888 0.8907 -0.4459
vn -0.2992 -0.4693 0.8308
vn 0.3917 -0.8799 -0.2689
vn -0.9125 0.3911 0.1195
vn -0.9171 0.3833 0.1095
vn -0.9098 0.4003 0.1092
vn 0.5245 -0.0410 0.8504
vn -0.4670 0.7180 -0.5161
vn -0.1592 0.9523 0.2603
vn -0.8144 -0.3627 -0.4529
vn 0.5444 -0.0529 0.8371
vn -0.3403 -0.8515 -0.3990
vn -0.0965 -0.9460 -0.3093
vn 0.4085 0.6709 0.6188
vn -0.1404 -0.0796 -0.9869
vn -0.3566 0.6106 -0.7071
vn 0.6666 0.6537 -0.3581
vn -0.8997 -0.2059 0.3847
vn 0.0277 0.0247 0.9993
vn 0.0269 0.0319 0.9991
vn 0.0268 0.0451 0.9986
vn 0.1993 0.9438 0.2637
vn 0.2080 0.9780 -0.0132
vn 0.2275 0.6603 -0.7157
vn -0.7924 -0.4695 -0.3893
vn 0.0213 0.9873 0.1570
vn 0.0368 -0.9307 -0.3640
vn 0.1502 -0.7708 -0.6191
vn -0.0125 -0.7154 -0.6985
vn 0.5363 0.7835 -0.3136
vn -0.5151 -0.8417 0.1620
vn -0.0875 -0.0005 -0.9962
vn 0.7713 0.2003 -0.6041
vn -0.5649 0.1016 -0.8189
vn -0.6911 -0.3286 0.6437
vn -0.6946 -0.3271 0.6407
vn -0.6982 -0.3295 0.6355
vn -0.6318 -0.6049 -0.4847
vn -0.3093 0.1136 -0.9442
vn -0.2951 0.9490 0.1103
vn -0.6856 -0.1655 0.7089
vn -0.6231 -0.2328 -0.7467
vn -0.6930 -0.5785 -0.4302
vn -0.6938 0.3209 0.6447
vn 0.7827 -0.4992 -0.3716
vn 0.6549 0.1135 0.7471
vn -0.9084 0.4176 -0.0203
vn -0.2960 -0.8943 0.3356
vn 0.6748 0.5095 0.5338
vn -0.0226 -0.9931 0.1153
vn 0.1550 0.7496 -0.6434
vn -0.6811 -0.1630 -0.7137
vn 0.4186 0.3464 0.8395
vn 0.8480 -0.3861 -0.3629
vn -0.7318 -0.6805 0.0365
vn 0.2672 -0.0985 0.9586
vn -0.8690 -0.4535 -0.1977
vn -0.4957 0.0387 0.8676
vn -0.5541 0.0462 0.8311
vn -0.5296 0.0397 0.8473
vn -0.7896 -0.0761 0.6088
vn -0.7901 -0.0797 0.6077
vn -0.7821 -0.0773 0.6184
vn 0.6278 -0.6952 0.3501
vn -0.0107 0.8009 0.5987
vn -0.5177 0.6555 -0.5498
vn 0.0594 -0.7940 0.6050
vn 0.7971 0.4122 0.4411
vn 0.4588 0.1082 -0.8819
vn -0.8103 -0.0543 0.5835
vn -0.4280 -0.6684 -0.6083
vn 0.7465 0.4643 0.4766
vn -0.9951 0.0987 0.0000
vn -0.9842 0.1755 0.0219
vn -0.9953 0.0967 0.0000
vn 0.1176 0.7945 -0.5957
vn -0.0087 -0.7647 -0.6442
vn 0.2841 -0.4851 0.8270
vn 0.8717 0.3487 -0.3442
vn -0.9094 -0.1101 -0.4011
vn -0.4082 -0.1686 0.8972
vn 0.1367 0.4329 -0.8910
vn 0.1359 0.4330 -0.8911
vn 0.1365 0.4329 -0.8910
vn -0.9942 0.0672 -0.0840
vn 0.0349 -0.3750 0.9263
vn -0.6906 -0.5410 -0.4800
vn 0.5953 -0.7677 -0.2370
vn 0.0596 -0.9846 0.1645
vn -0.9487 -0.3071 0.0747
vn 0.6966 -0.5321 -0.4812
vn 0.4365 0.0686 0.8971
vn -0.8512 -0.4945 -0.1757
vn 0.9522 -0.0966 -0.2896
vn 0.8304 -0.1765 0.5285
vn 0.6865 0.7191 0.1071
vn -0.8599 0.5104 0.0044
vn -0.9294 -0.3677 -0.0312
vn 0.2308 0.1322 -0.9640
vn 0.6023 0.7851 0.1440
vn 0.4296 -0.3338 0.8390
vn -0.0934 0.4749 0.8750
vn -0.1123 -0.9282 -0.3547
vn 0.2616 0.5763 -0.7743
vn 0.2504 -0.9108 0.3281
vn 0.4762 -0.1500 -0.8664
vn -0.3996 0.2967 -0.8673
vn 0.2669 0.2316 -0.9355
vn -0.2644 -0.9403 0.2143
vn 0.1799 0.7484 0.6383
vn 0.7072 0.6980 0.1123
vn -0.6328 -0.7721 -0.0576
vn -0.0985 0.3500 0.9315
vn -0.9445 -0.3083 -0.1137
vn -0.9095 0.4155 0.0023
vn 0.8358 0.1420 0.5303
vn -0.1076 -0.6643 -0.7396
vn -0.7525 0.6572 0.0427
vn 0.6954 0.6147 -0.3721
vn -0.1128 -0.1467 0.9827
vn -0.7113 -0.5352 -0.4556
vn -0.4850 -0.8605 0.1554
vn 0.4555 -0.2494 -0.8545
vn 0.3421 0.0564 -0.9380
vn 0.0175 0.5134 -0.8579
vn 0.0015 0.5181 -0.8553
vn 0.0002 0.5241 -0.8516
vn -0.0745 0.1285 -0.9889
vn -0.6457 -0.7631 0.0262
vn -0.0068 -0.1621 -0.9867
vn 0.0279 0.3096 0.9504
vn 0.3288 -0.4949 -0.8043
vn 0.0054 0.1443 0.9895
vn 0.0055 0.1454 0.9893
vn 0.0055 0.1471 0.9891
vn 0.3783 0.8076 0.4524
vn -0.2271 -0.9140 0.3361
vn -0.0239 0.9260 -0.3768
vn 0.7060 -0.0150 0.7080
vn -0.6752 0.5918 0.4403
vn -0.0922 0.5651 -0.8198
vn 0.8727 -0.3606 -0.3291
vn -0.0382 -0.8722 0.4876
vn -0.9628 -0.2571 0.0831
vn 0.5021 0.6412 0.5803
vn 0.7452 0.5490 -0.3786
vn -0.5797 -0.8000 0.1545
vn -0.1395 -0.8416 -0.5217
vn -0.8946 -0.2862 -0.3432
vn -0.3632 -0.3781 -0.8515
vn 0.0373 0.4247 0.9045
vn 0.1116 -0.7338 0.6701
vn -0.1255 -0.3633 -0.9232
vn 0.1067 0.0328 -0.9937
vn 0.5280 -0.6880 0.4978
vn 0.1602 0.1942 -0.9678
vn 0.3771 0.7858 -0.4902
vn -0.1629 0.9861 -0.0340
vn 0.3424 -0.5867 0.7338
vn -0.4458 -0.0834 -0.8912
vn -0.5065 0.7069 -0.4937
vn 0.2996 -0.8833 0.3605
vn 0.8432 -0.5336 -0.0654
vn 0.2747 0.2141 0.9373
vn -0.4622 0.2448 0.8523
vn -0.1010 -0.2236 -0.9694
vn -0.0275 0.0377 -0.9989
vn -0.0291 0.0441 -0.9986
vn -0.0373 0.0476 -0.9982
vn 0.8245 0.5655 -0.0162
vn 0.6642 0.7209 -0.1976
vn 0.7469 -0.6377 -0.1878
vn 0.1054 0.9521 -0.2868
vn 0.2708 0.6532 0.7071
usemtl tripo_mat_38e8ea85-fddb-4f5d-bebf-ecb04fd09bd0
s 1
f 10/1/1 9/2/2 2/3/3
f 10/1/1 2/3/3 3/4/4
f 3/4/4 2/3/3 4/5/5
f 4/5/5 2/3/3 8/6/6
f 5/7/7 4/5/5 8/6/6
f 5/7/7 8/6/6 3/4/4
f 3/4/4 7/8/8 5/7/7
f 3/4/4 4/5/5 7/8/8
f 5/7/7 7/8/8 6/9/9
f 4/5/5 297/10/10 7/8/8
f 4/5/5 5/7/7 6/9/9
f 4/5/5 6/9/9 297/10/10
f 2/3/3 9/2/2 1/11/11
f 8/6/6 2/3/3 1/11/11
f 3/12/4 8/6/6 1/11/11
f 3/12/4 1/11/11 10/13/1
f 1/14/11 11/15/12 10/16/1
f 9/17/2 10/16/1 11/15/12
f 12/18/13 11/15/12 1/14/11
f 1/14/11 9/17/2 12/18/13
f 36/19/14 9/17/2 11/15/12
f 36/19/14 12/18/13 9/17/2
f 13/20/15 14/21/16 15/22/17
f 15/23/17 14/24/16 17/25/18
f 14/26/16 13/27/15 17/28/18
f 13/27/15 15/23/17 16/29/19
f 15/30/17 17/28/18 16/31/19
f 16/29/19 17/28/18 13/27/15
f 19/32/20 22/33/21 18/34/22
f 19/32/20 73/35/23 22/33/21
f 19/32/20 20/36/24 73/35/23
f 73/35/23 21/37/25 22/33/21
f 22/33/21 24/38/26 18/34/22
f 24/39/26 23/40/27 42/41/28
f 18/42/22 24/39/26 42/43/28
f 24/39/26 171/44/29 19/45/20
f 19/45/20 171/44/29 25/46/30
f 19/45/20 18/47/22 23/40/27
f 23/40/27 24/39/26 19/45/20
f 26/48/31 27/49/32 43/50/33
f 29/51/34 35/52/35 28/53/36
f 29/51/34 28/53/36 26/48/31
f 26/48/31 28/53/36 27/49/32
f 28/53/36 30/54/37 27/49/32
f 28/53/36 31/55/38 30/54/37
f 31/55/38 28/53/36 33/56/39
f 32/57/40 272/58/41 273/59/42
f 31/55/38 33/56/39 272/58/41
f 272/58/41 32/57/40 31/55/38
f 33/56/39 28/53/36 34/60/43
f 34/60/43 28/53/36 35/52/35
f 271/61/44 35/52/35 32/62/40
f 12/18/13 53/63/45 11/15/12
f 53/63/45 12/18/13 36/19/14
f 22/64/21 21/65/25 29/66/34
f 43/67/33 68/68/46 22/64/21
f 856/69/47 22/64/21 68/68/46
f 68/68/46 67/70/48 37/71/49
f 67/70/48 29/72/34 37/73/49
f 29/72/34 21/74/25 37/73/49
f 29/66/34 43/67/33 22/64/21
f 39/75/50 38/76/51 40/77/52
f 41/78/53 38/76/51 39/79/50
f 40/77/52 38/76/51 41/78/53
f 18/80/22 42/81/28 23/82/27
f 43/83/33 29/84/34 26/85/31
f 27/86/32 30/87/37 44/88/54
f 35/89/35 30/87/37 31/90/38
f 27/86/32 44/88/54 43/83/33
f 30/87/37 35/89/35 67/91/48
f 31/90/38 32/92/40 35/89/35
f 46/93/55 45/94/56 47/95/57
f 51/96/58 48/97/59 69/98/60
f 48/97/59 49/99/61 69/98/60
f 49/99/61 48/97/59 52/100/62
f 49/99/61 52/100/62 50/101/63
f 51/96/58 50/102/63 52/103/62
f 58/104/64 48/97/59 51/96/58
f 58/104/64 52/100/62 48/97/59
f 53/105/45 36/106/14 54/107/65
f 36/106/14 11/108/12 55/109/66
f 36/106/14 55/109/66 54/107/65
f 53/105/45 55/109/66 11/108/12
f 20/36/24 19/32/20 25/110/30
f 20/36/24 25/110/30 56/111/67
f 267/112/68 56/111/67 25/110/30
f 267/112/68 57/113/69 56/111/67
f 267/112/68 628/114/70 57/113/69
f 58/115/64 51/116/58 66/117/71
f 51/118/58 52/119/62 66/120/71
f 52/119/62 58/115/64 60/121/72
f 60/121/72 58/115/64 59/122/73
f 59/122/73 58/115/64 66/117/71
f 52/119/62 60/121/72 62/123/74
f 63/124/75 62/123/74 834/125/76
f 63/124/75 61/126/77 62/123/74
f 61/126/77 60/121/72 59/127/73
f 61/126/77 59/127/73 62/123/74
f 59/127/73 52/119/62 62/123/74
f 66/120/71 65/128/78 59/129/73
f 52/130/62 59/129/73 64/131/79
f 59/129/73 65/128/78 64/131/79
f 50/132/63 66/120/71 64/133/79
f 52/119/62 64/133/79 66/120/71
f 67/91/48 44/88/54 30/87/37
f 43/83/33 44/88/54 68/134/46
f 50/102/63 51/96/58 260/135/80
f 50/101/63 64/136/79 49/99/61
f 51/96/58 69/98/60 260/135/80
f 260/135/80 69/98/60 49/99/61
f 68/68/46 37/137/49 90/138/81
f 856/69/47 854/139/82 629/140/83
f 629/140/83 70/141/84 71/142/85
f 629/140/83 71/142/85 72/143/86
f 856/69/47 629/140/83 72/143/86
f 22/64/21 72/143/86 24/144/26
f 72/143/86 22/64/21 856/69/47
f 74/145/87 73/35/23 20/36/24
f 74/145/87 20/36/24 56/111/67
f 455/146/88 21/37/25 73/35/23
f 455/146/88 73/35/23 74/145/87
f 74/145/87 56/111/67 460/147/89
f 46/148/55 47/95/57 45/149/56
f 75/150/90 81/151/91 76/152/92
f 80/153/93 78/154/94 79/155/95
f 81/156/91 75/157/90 76/158/92
f 84/159/96 82/160/96 83/161/96
f 83/161/96 82/160/96 84/162/96
f 77/163/97 85/164/98 355/165/99
f 355/165/99 86/166/100 77/163/97
f 86/166/100 85/164/98 77/163/97
f 78/167/94 80/168/93 79/169/95
f 29/170/34 67/91/48 35/89/35
f 44/88/54 67/91/48 68/134/46
f 41/171/53 114/172/101 87/173/102
f 40/174/52 87/173/102 116/175/103
f 332/176/104 1183/177/105 91/178/106
f 91/178/106 1183/177/105 37/179/49
f 93/180/107 94/181/108 95/182/109
f 96/183/110 95/182/109 94/181/108
f 97/184/111 96/183/110 94/181/108
f 94/181/108 99/185/112 98/186/113
f 93/180/107 99/185/112 94/181/108
f 96/183/110 99/185/112 93/180/107
f 99/185/112 96/183/110 97/184/111
f 95/182/109 100/187/114 93/180/107
f 93/180/107 100/187/114 101/188/115
f 100/187/114 104/189/116 102/190/117
f 101/188/115 100/187/114 102/190/117
f 101/188/115 102/190/117 103/191/118
f 101/188/115 103/191/118 104/189/116
f 104/189/116 105/192/119 102/190/117
f 104/189/116 103/191/118 105/192/119
f 103/191/118 102/190/117 107/193/120
f 103/191/118 107/193/120 105/192/119
f 102/190/117 105/192/119 106/194/121
f 102/190/117 106/194/121 107/193/120
f 107/193/120 106/194/121 108/195/122
f 107/193/120 108/195/122 105/192/119
f 105/192/119 108/195/122 109/196/123
f 105/192/119 109/196/123 110/197/124
f 109/196/123 108/195/122 295/198/125
f 295/198/125 108/195/122 110/199/124
f 110/199/124 108/195/122 106/194/121
f 112/200/126 111/201/127 113/202/128
f 41/203/53 39/204/50 114/205/101
f 114/205/101 39/204/50 40/206/52
f 41/207/53 87/208/102 40/206/52
f 40/206/52 116/209/103 114/205/101
f 87/208/102 359/210/129 116/209/103
f 116/209/103 115/211/130 114/205/101
f 114/205/101 115/211/130 87/212/102
f 87/212/102 115/211/130 359/213/129
f 118/214/131 117/215/132 120/216/133
f 117/215/132 118/214/131 119/217/134
f 120/216/133 119/217/134 362/218/135
f 120/216/133 363/219/136 118/214/131
f 363/219/136 120/216/133 362/218/135
f 363/219/136 361/220/137 119/217/134
f 363/219/136 119/217/134 118/214/131
f 121/221/138 122/222/139 123/223/140
f 121/221/138 123/223/140 125/224/141
f 122/222/139 121/221/138 124/225/142
f 125/224/141 124/225/142 121/221/138
f 125/224/141 122/226/139 126/227/143
f 122/226/139 125/224/141 123/223/140
f 127/228/144 88/229/145 89/230/146
f 127/228/144 283/231/147 88/229/145
f 282/232/148 127/233/144 89/234/146
f 282/232/148 89/234/146 88/229/145
f 282/232/148 88/229/145 283/231/147
f 130/235/149 128/236/150 129/237/151
f 131/238/152 129/237/151 128/236/150
f 129/237/151 131/238/152 179/239/153
f 132/240/154 131/238/152 128/236/150
f 128/236/150 130/235/149 133/241/155
f 130/235/149 131/238/152 133/241/155
f 134/242/156 138/243/157 136/244/158
f 136/244/158 138/243/157 135/245/159
f 137/246/160 135/245/159 134/242/156
f 136/244/158 137/246/160 134/242/156
f 135/247/159 138/248/157 134/249/156
f 97/250/111 94/251/108 98/252/113
f 139/253/161 97/250/111 230/254/162
f 99/255/112 97/250/111 139/253/161
f 98/252/113 99/255/112 139/253/161
f 229/256/163 98/252/113 139/253/161
f 229/256/163 139/253/161 140/257/164
f 141/258/165 140/257/164 139/253/161
f 141/258/165 139/253/161 230/259/162
f 113/260/128 111/261/127 112/262/126
f 144/263/166 201/264/167 145/265/168
f 201/264/167 144/263/166 490/266/169
f 201/264/167 490/266/169 145/265/168
f 147/267/170 146/268/171 148/269/172
f 146/268/171 149/270/173 254/271/174
f 148/269/172 254/272/174 149/270/173
f 148/269/172 149/270/173 147/267/170
f 146/268/171 147/267/170 432/273/175
f 146/268/171 432/273/175 278/274/176
f 149/270/173 432/273/175 147/267/170
f 120/216/133 117/215/132 119/217/134
f 151/275/177 150/276/178 152/277/179
f 152/277/179 150/276/178 162/278/180
f 153/279/181 162/278/180 151/280/177
f 153/279/181 152/277/179 162/278/180
f 150/281/178 151/282/177 154/283/182
f 162/284/180 154/283/182 151/282/177
f 150/281/178 156/285/183 155/286/184
f 162/287/180 150/281/178 155/286/184
f 154/283/182 162/287/180 155/286/184
f 150/281/178 154/283/182 156/285/183
f 156/285/183 159/288/185 155/286/184
f 155/286/184 159/288/185 157/289/186
f 154/283/182 155/286/184 157/289/186
f 154/283/182 157/289/186 158/290/187
f 154/283/182 158/290/187 159/291/185
f 159/291/185 158/290/187 161/292/188
f 160/293/189 158/290/187 157/289/186
f 160/293/189 157/289/186 159/288/185
f 160/293/189 159/288/185 161/294/188
f 156/285/183 154/295/182 159/288/185
f 164/296/190 168/297/191 163/298/192
f 165/299/193 163/298/192 168/297/191
f 164/296/190 166/300/194 168/297/191
f 166/301/194 164/302/190 165/303/193
f 167/304/195 166/301/194 165/303/193
f 167/304/195 165/303/193 168/305/191
f 167/304/195 168/305/191 170/306/196
f 168/305/191 166/301/194 170/306/196
f 166/301/194 167/304/195 447/307/197
f 166/301/194 447/307/197 169/308/198
f 169/308/198 170/306/196 166/301/194
f 24/309/26 72/310/86 264/311/199
f 72/310/86 71/312/85 172/313/200
f 24/309/26 264/311/199 171/314/29
f 173/315/201 175/316/202 174/317/203
f 176/318/204 173/315/201 177/319/205
f 176/318/204 178/320/206 174/317/203
f 178/320/206 176/318/204 177/319/205
f 173/315/201 174/317/203 178/320/206
f 132/240/154 128/236/150 133/241/155
f 129/321/151 179/322/153 130/323/149
f 131/324/152 130/323/149 179/322/153
f 96/183/110 93/180/107 101/188/115
f 95/182/109 96/183/110 104/189/116
f 95/182/109 104/189/116 100/187/114
f 96/183/110 101/188/115 104/189/116
f 182/325/207 180/326/208 181/327/209
f 182/328/207 181/329/209 180/330/208
f 186/331/210 188/332/211 183/333/212
f 183/333/212 188/332/211 187/334/213
f 187/334/213 186/331/210 185/335/214
f 185/335/214 186/331/210 183/333/212
f 187/334/213 185/335/214 184/336/215
f 187/334/213 184/336/215 183/333/212
f 184/336/215 185/335/214 189/337/216
f 189/337/216 185/335/214 183/333/212
f 183/333/212 184/336/215 190/338/217
f 183/333/212 190/338/217 189/337/216
f 190/338/217 191/339/218 189/337/216
f 191/339/218 184/336/215 189/337/216
f 192/340/219 193/341/220 194/342/221
f 195/343/222 194/342/221 193/341/220
f 197/344/223 193/341/220 192/340/219
f 197/344/223 192/340/219 195/343/222
f 193/341/220 196/345/224 195/343/222
f 196/345/224 193/341/220 197/344/223
f 195/343/222 196/345/224 398/346/225
f 197/344/223 195/343/222 398/346/225
f 425/347/226 199/348/227 200/349/228
f 206/350/229 205/351/230 280/352/231
f 208/353/232 207/354/233 126/355/143
f 122/356/139 208/353/232 126/355/143
f 124/357/142 126/355/143 207/354/233
f 122/356/139 124/357/142 208/353/232
f 208/358/232 124/357/142 207/354/233
f 210/359/234 261/360/235 209/361/234
f 213/362/236 211/363/237 214/364/238
f 211/363/237 213/362/236 212/365/239
f 211/363/237 212/365/239 214/364/238
f 214/364/238 212/365/239 215/366/240
f 213/362/236 214/364/238 215/366/240
f 509/367/241 213/362/236 215/366/240
f 213/362/236 509/367/241 212/365/239
f 216/368/242 439/369/243 285/370/244
f 439/369/243 216/368/242 217/371/245
f 439/369/243 217/371/245 366/372/246
f 439/369/243 218/373/247 285/370/244
f 218/373/247 366/374/246 285/370/244
f 285/370/244 366/374/246 217/375/245
f 219/376/248 220/377/249 223/378/250
f 225/379/251 223/378/250 220/377/249
f 221/380/252 220/377/249 219/376/248
f 221/380/252 219/376/248 222/381/253
f 223/382/250 224/383/254 219/384/248
f 222/385/253 219/384/248 224/383/254
f 314/386/255 323/387/256 225/388/251
f 225/388/251 323/387/256 224/383/254
f 225/388/251 313/389/257 314/386/255
f 223/382/250 225/388/251 226/390/258
f 223/382/250 226/390/258 224/383/254
f 227/391/259 229/392/163 140/393/164
f 228/394/260 227/391/259 230/395/162
f 228/394/260 98/396/113 229/397/163
f 98/396/113 228/394/260 230/395/162
f 186/398/210 187/399/213 233/400/261
f 186/398/210 233/400/261 236/401/262
f 233/400/261 188/402/211 234/403/263
f 233/400/261 234/403/263 235/404/264
f 236/401/262 384/405/265 188/406/211
f 188/406/211 384/405/265 234/407/263
f 236/401/262 188/406/211 186/398/210
f 188/406/211 233/408/261 187/399/213
f 192/340/219 194/342/221 237/409/266
f 237/409/266 322/410/267 192/340/219
f 192/340/219 322/410/267 195/343/222
f 322/410/267 194/342/221 195/343/222
f 239/411/268 241/412/269 240/413/270
f 241/412/269 238/414/271 240/413/270
f 242/415/272 244/416/273 243/417/274
f 243/417/274 244/418/273 242/415/272
f 246/419/275 248/420/276 249/421/277
f 246/419/275 249/421/277 247/422/278
f 247/422/278 480/423/279 245/424/280
f 246/419/275 245/424/280 248/425/276
f 245/426/280 250/427/281 247/428/278
f 245/426/280 246/429/275 250/427/281
f 250/427/281 246/429/275 252/430/282
f 246/429/275 247/428/278 251/431/283
f 246/429/275 251/431/283 252/430/282
f 247/428/278 250/427/281 251/431/283
f 251/432/283 484/433/284 485/434/285
f 251/432/283 485/434/285 252/430/282
f 252/430/282 485/434/285 250/427/281
f 146/435/171 255/436/286 148/437/172
f 148/437/172 255/436/286 257/438/287
f 254/439/174 255/436/286 146/435/171
f 255/436/286 794/440/288 257/438/287
f 794/440/288 255/436/286 254/439/174
f 254/439/174 256/441/289 794/440/288
f 254/442/174 257/438/287 256/443/289
f 254/442/174 148/437/172 257/438/287
f 203/444/290 204/445/291 202/446/292
f 202/447/292 204/445/291 203/444/290
f 65/448/78 66/449/71 50/450/63
f 64/136/79 310/451/293 49/99/61
f 310/451/293 259/452/294 49/99/61
f 259/452/294 260/135/80 49/99/61
f 258/453/295 64/136/79 65/448/78
f 260/454/80 259/455/294 50/450/63
f 50/450/63 259/455/294 65/448/78
f 258/453/295 65/448/78 308/456/296
f 65/448/78 259/455/294 308/456/296
f 151/457/177 152/458/179 153/459/181
f 171/460/29 264/461/199 265/462/297
f 264/461/199 263/463/298 265/462/297
f 55/464/66 25/465/30 171/460/29
f 55/464/66 171/460/29 265/462/297
f 263/463/298 264/461/199 266/466/299
f 344/467/300 266/466/299 55/468/66
f 267/469/68 55/468/66 266/466/299
f 267/469/68 266/466/299 264/461/199
f 25/470/30 55/468/66 267/469/68
f 268/471/301 262/472/302 269/473/303
f 177/474/205 173/475/201 270/476/304
f 173/475/201 178/477/206 270/476/304
f 178/477/206 177/474/205 270/476/304
f 32/57/40 273/59/42 271/478/44
f 35/52/35 271/61/44 34/60/43
f 277/479/305 271/61/44 274/480/306
f 271/61/44 272/58/41 34/60/43
f 271/478/44 273/59/42 274/481/306
f 272/58/41 277/479/305 273/59/42
f 273/59/42 277/479/305 904/482/307
f 276/483/308 273/59/42 904/482/307
f 274/481/306 275/484/309 277/485/305
f 276/483/308 275/484/309 274/481/306
f 277/486/305 275/484/309 904/487/307
f 97/488/111 98/396/113 230/395/162
f 227/391/259 140/393/164 230/395/162
f 238/489/271 241/490/269 239/491/268
f 432/492/175 149/493/173 279/494/310
f 149/493/173 146/495/171 278/496/176
f 149/493/173 278/496/176 279/494/310
f 280/497/231 205/498/230 206/499/229
f 209/500/234 261/501/235 210/502/234
f 127/233/144 282/232/148 284/503/311
f 283/231/147 127/233/144 284/503/311
f 217/375/245 220/504/249 285/370/244
f 225/505/251 220/504/249 217/375/245
f 225/505/251 217/375/245 221/506/252
f 221/506/252 217/375/245 216/507/242
f 221/506/252 216/507/242 220/508/249
f 220/508/249 216/507/242 285/509/244
f 286/510/312 288/511/313 287/512/314
f 287/512/314 288/511/313 446/513/315
f 446/513/315 286/510/312 287/512/314
f 163/514/192 289/515/316 164/516/190
f 289/515/316 163/514/192 165/517/193
f 289/515/316 165/517/193 164/516/190
f 262/518/302 268/519/301 269/520/303
f 55/109/66 53/105/45 344/521/300
f 344/521/300 53/105/45 54/107/65
f 174/522/203 175/523/202 291/524/317
f 174/522/203 291/524/317 176/525/204
f 176/525/204 175/523/202 173/526/201
f 292/527/318 176/525/204 291/524/317
f 175/523/202 176/525/204 292/527/318
f 292/527/318 293/528/319 175/523/202
f 291/524/317 175/523/202 293/528/319
f 110/529/124 294/530/320 295/531/125
f 294/530/320 110/529/124 376/532/321
f 296/533/322 6/9/9 7/8/8
f 296/533/322 7/8/8 297/10/10
f 297/10/10 6/534/9 298/535/323
f 297/10/10 298/535/323 296/533/322
f 296/533/322 299/536/324 6/9/9
f 281/537/325 301/538/326 300/539/327
f 281/537/325 300/539/327 728/540/328
f 281/537/325 728/540/328 301/538/326
f 302/541/329 126/542/143 124/543/142
f 126/542/143 302/541/329 125/544/141
f 302/541/329 124/543/142 303/545/330
f 304/546/331 302/541/329 852/547/332
f 303/545/330 124/548/142 304/546/331
f 302/541/329 304/546/331 125/544/141
f 304/546/331 124/548/142 125/544/141
f 371/549/333 290/550/334 370/551/335
f 290/550/334 371/549/333 570/552/336
f 290/550/334 306/553/337 370/554/335
f 272/58/41 33/56/39 34/60/43
f 143/555/338 142/556/339 198/557/340
f 198/557/340 142/558/339 307/559/341
f 307/559/341 142/560/339 143/561/338
f 310/562/293 64/563/79 258/564/295
f 259/565/294 312/566/342 308/567/296
f 309/568/343 312/566/342 259/565/294
f 310/562/293 539/569/344 309/568/343
f 258/564/295 311/570/345 310/562/293
f 311/570/345 258/564/295 308/571/296
f 259/565/294 310/562/293 309/568/343
f 225/572/251 365/573/346 313/574/257
f 365/573/346 225/572/251 221/575/252
f 367/576/347 365/573/346 221/575/252
f 367/576/347 221/575/252 343/577/348
f 222/578/253 343/577/348 221/575/252
f 323/579/256 222/580/253 224/581/254
f 315/582/349 226/583/258 225/584/251
f 315/582/349 225/584/251 224/585/254
f 224/585/254 226/583/258 315/582/349
f 317/586/350 316/587/351 318/588/352
f 317/586/350 318/589/352 346/590/353
f 194/591/221 319/592/354 237/593/266
f 237/593/266 319/592/354 321/594/355
f 322/595/267 321/594/355 320/596/356
f 237/593/266 321/594/355 322/595/267
f 322/595/267 320/596/356 319/592/354
f 319/592/354 194/597/221 322/595/267
f 313/598/257 681/599/357 323/600/256
f 681/599/357 222/601/253 323/600/256
f 313/598/257 682/602/358 681/599/357
f 325/603/359 343/604/348 326/605/360
f 222/601/253 326/605/360 343/604/348
f 222/601/253 324/606/361 326/605/360
f 327/607/362 330/608/363 328/609/364
f 374/610/365 328/609/364 329/611/366
f 329/611/366 328/609/364 330/608/363
f 91/178/106 37/179/49 21/612/25
f 91/178/106 21/612/25 331/613/367
f 333/614/368 91/178/106 334/615/369
f 331/613/367 334/615/369 91/178/106
f 137/616/160 335/617/370 135/618/159
f 336/619/371 337/620/372 137/616/160
f 337/620/372 336/619/371 335/617/370
f 335/617/370 137/616/160 337/620/372
f 295/531/125 294/530/320 376/532/321
f 229/621/163 227/622/259 520/623/373
f 229/621/163 520/623/373 228/624/260
f 520/623/373 227/622/259 338/625/374
f 339/626/375 338/625/374 227/622/259
f 339/626/375 635/627/376 338/625/374
f 829/628/377 253/629/378 342/630/379
f 367/631/347 682/632/358 313/633/257
f 367/631/347 343/604/348 562/634/380
f 343/604/348 325/603/359 562/634/380
f 682/632/358 367/631/347 562/634/380
f 55/464/66 265/462/297 54/635/65
f 265/462/297 263/463/298 347/636/381
f 54/635/65 348/637/382 344/638/300
f 344/638/300 348/637/382 317/639/350
f 347/636/381 54/635/65 265/462/297
f 263/463/298 266/466/299 345/640/383
f 266/466/299 346/641/353 345/640/383
f 345/640/383 347/636/381 263/463/298
f 348/637/382 54/635/65 347/636/381
f 316/642/351 317/643/350 348/644/382
f 348/644/382 318/645/352 316/642/351
f 327/646/362 328/647/364 349/648/384
f 327/646/362 373/649/385 330/650/363
f 327/646/362 349/648/384 373/649/385
f 351/651/386 352/652/387 353/653/388
f 353/653/388 354/654/389 351/651/386
f 354/655/389 352/656/387 351/657/386
f 227/391/259 228/394/260 339/658/375
f 356/659/390 355/660/99 85/661/98
f 356/659/390 85/661/98 86/662/100
f 355/663/99 358/664/391 86/662/100
f 86/662/100 358/664/391 356/659/390
f 358/664/391 357/665/392 359/666/129
f 359/667/129 357/668/392 360/669/393
f 360/669/393 358/664/391 116/670/103
f 360/669/393 116/670/103 359/667/129
f 116/670/103 358/664/391 115/671/130
f 115/671/130 358/664/391 359/672/129
f 362/673/135 119/674/134 361/675/137
f 362/673/135 361/675/137 364/676/394
f 361/675/137 363/677/136 364/676/394
f 363/677/136 362/673/135 729/678/395
f 363/677/136 729/678/395 364/676/394
f 367/679/347 313/680/257 368/681/396
f 367/679/347 368/681/396 365/682/346
f 443/683/397 366/684/246 365/682/346
f 443/683/397 365/682/346 368/681/396
f 368/681/396 313/680/257 366/685/246
f 366/685/246 218/686/247 368/681/396
f 368/681/396 218/686/247 369/687/398
f 368/681/396 369/687/398 560/688/399
f 323/689/256 370/690/335 306/691/337
f 681/599/357 324/606/361 222/601/253
f 371/692/333 314/693/255 313/694/257
f 313/694/257 323/689/256 306/691/337
f 313/694/257 306/691/337 371/692/333
f 314/693/255 371/692/333 370/690/335
f 314/693/255 370/690/335 323/689/256
f 350/695/400 349/648/384 372/696/401
f 328/697/364 372/696/401 349/648/384
f 454/698/402 329/699/366 330/700/363
f 330/700/363 373/701/385 695/702/403
f 330/700/363 695/702/403 454/698/402
f 695/702/403 374/703/365 454/698/402
f 688/704/404 373/701/385 372/705/401
f 350/706/400 372/705/401 373/701/385
f 695/702/403 373/701/385 688/704/404
f 336/619/371 137/616/160 136/707/158
f 336/619/371 136/707/158 135/618/159
f 336/619/371 135/618/159 335/617/370
f 379/708/405 376/709/321 375/710/406
f 378/711/407 376/709/321 377/712/408
f 379/708/405 377/712/408 453/713/409
f 376/709/321 453/713/409 377/712/408
f 376/709/321 379/708/405 451/714/410
f 451/714/410 379/708/405 453/713/409
f 375/715/406 376/716/321 378/717/407
f 383/718/411 375/715/406 378/717/407
f 376/719/321 234/720/263 109/721/123
f 234/720/263 376/719/321 110/722/124
f 109/721/123 234/720/263 384/723/265
f 109/721/123 384/723/265 110/722/124
f 375/724/406 381/725/412 382/726/413
f 380/727/414 375/724/406 382/726/413
f 380/727/414 381/728/412 383/729/411
f 381/728/412 380/727/414 382/726/413
f 380/727/414 383/729/411 378/730/407
f 383/718/411 381/731/412 375/715/406
f 234/732/263 110/733/124 235/734/264
f 384/735/265 235/734/264 110/733/124
f 231/736/415 232/737/416 385/738/417
f 232/737/416 231/736/415 385/738/417
f 197/739/223 236/740/262 233/741/261
f 384/742/265 236/740/262 197/739/223
f 197/739/223 233/741/261 196/743/224
f 384/742/265 197/739/223 393/744/418
f 387/745/419 386/746/420 389/747/421
f 464/748/422 387/745/419 392/749/423
f 392/749/423 387/745/419 388/750/424
f 464/748/422 392/749/423 389/747/421
f 387/751/419 389/752/421 388/753/424
f 388/753/424 390/754/425 472/755/426
f 388/753/424 389/752/421 390/754/425
f 390/754/425 391/756/427 473/757/428
f 390/754/425 473/757/428 392/758/423
f 390/754/425 392/758/423 472/755/426
f 391/759/427 390/760/425 406/761/429
f 406/761/429 390/760/425 389/762/421
f 389/762/421 392/763/423 391/759/427
f 406/761/429 389/762/421 393/764/418
f 406/761/429 396/765/430 391/759/427
f 396/765/430 393/766/418 389/762/421
f 396/765/430 389/762/421 391/759/427
f 393/767/418 197/768/223 398/769/225
f 396/770/430 398/769/225 196/771/224
f 196/771/224 233/772/261 393/773/418
f 393/773/418 233/772/261 384/774/265
f 196/771/224 393/773/418 394/775/431
f 394/775/431 393/773/418 395/776/432
f 393/773/418 396/770/430 395/776/432
f 396/770/430 411/777/433 398/769/225
f 398/769/225 411/777/433 397/778/434
f 397/778/434 406/779/429 393/767/418
f 397/778/434 393/767/418 398/769/225
f 396/770/430 399/780/435 395/776/432
f 399/780/435 396/770/430 196/771/224
f 399/780/435 196/771/224 400/781/436
f 400/781/436 196/771/224 394/775/431
f 399/780/435 400/781/436 401/782/437
f 399/780/435 401/782/437 395/776/432
f 400/781/436 394/775/431 402/783/438
f 402/783/438 394/775/431 395/776/432
f 400/781/436 402/783/438 403/784/439
f 400/781/436 403/784/439 401/782/437
f 403/784/439 402/783/438 395/776/432
f 403/784/439 395/776/432 401/782/437
f 404/785/440 238/786/271 239/787/268
f 240/788/270 238/786/271 404/785/440
f 404/785/440 239/787/268 405/789/441
f 239/787/268 240/788/270 405/789/441
f 405/789/441 240/788/270 404/785/440
f 407/790/442 406/791/429 397/792/434
f 397/792/434 396/793/430 408/794/443
f 396/793/430 406/795/429 408/794/443
f 407/790/442 397/792/434 408/794/443
f 408/794/443 406/795/429 409/796/444
f 408/794/443 474/797/445 407/790/442
f 474/797/445 409/796/444 407/790/442
f 407/790/442 409/796/444 406/791/429
f 419/798/446 411/799/433 482/800/447
f 410/801/448 412/802/449 482/800/447
f 411/803/433 412/802/449 397/804/434
f 397/804/434 412/802/449 410/801/448
f 482/805/447 411/803/433 410/801/448
f 410/801/448 411/803/433 396/806/430
f 413/807/450 482/808/447 414/809/451
f 481/810/452 482/808/447 412/811/449
f 413/807/450 419/812/446 482/808/447
f 419/813/446 412/811/449 411/814/433
f 415/815/453 416/816/454 483/817/455
f 417/818/456 413/819/450 412/820/449
f 200/821/228 417/818/456 412/820/449
f 425/822/226 200/821/228 412/820/449
f 425/822/226 412/820/449 418/823/457
f 200/821/228 418/824/457 417/818/456
f 417/825/456 418/823/457 419/826/446
f 419/826/446 418/823/457 412/820/449
f 419/826/446 413/827/450 420/828/458
f 417/825/456 420/828/458 421/829/459
f 420/828/458 417/825/456 419/826/446
f 420/828/458 422/830/460 421/829/459
f 413/827/450 422/830/460 420/828/458
f 422/830/460 413/827/450 417/831/456
f 422/830/460 417/831/456 423/832/461
f 417/831/456 421/829/459 423/832/461
f 423/832/461 424/833/462 422/830/460
f 424/833/462 421/829/459 422/830/460
f 425/834/226 426/835/463 427/836/464
f 427/836/464 426/835/463 200/837/228
f 199/838/227 425/839/226 427/840/464
f 199/838/227 427/840/464 200/841/228
f 426/842/463 425/843/226 418/844/457
f 418/844/457 429/845/465 426/842/463
f 426/842/463 429/845/465 428/846/466
f 428/846/466 431/847/467 200/841/228
f 426/842/463 428/846/466 200/841/228
f 200/841/228 431/847/467 429/848/465
f 200/841/228 429/848/465 418/849/457
f 430/850/468 431/851/467 432/852/175
f 495/853/469 430/850/468 429/854/465
f 430/850/468 428/855/466 429/854/465
f 428/855/466 430/850/468 432/852/175
f 278/856/176 428/855/466 279/857/310
f 428/858/466 278/859/176 431/851/467
f 431/851/467 278/859/176 432/852/175
f 603/860/470 496/861/471 433/862/472
f 279/863/310 433/862/472 432/864/175
f 432/864/175 433/862/472 496/861/471
f 436/865/473 434/866/474 438/867/475
f 438/867/475 434/866/474 437/868/476
f 436/865/473 438/867/475 437/868/476
f 436/865/473 437/868/476 435/869/477
f 439/870/243 434/871/474 435/872/477
f 434/871/474 439/870/243 440/873/478
f 439/870/243 435/872/477 218/874/247
f 218/875/247 440/873/478 369/876/398
f 440/877/478 218/874/247 435/872/477
f 440/877/478 435/872/477 437/878/476
f 366/879/246 443/880/397 369/881/398
f 560/882/399 369/881/398 443/880/397
f 441/883/479 560/882/399 442/884/480
f 442/884/480 560/882/399 511/885/481
f 443/880/397 444/886/482 511/885/481
f 443/880/397 511/885/481 560/882/399
f 443/880/397 441/887/479 444/886/482
f 444/886/482 441/887/479 442/888/480
f 441/887/479 443/880/397 368/889/396
f 445/890/483 288/891/313 286/892/312
f 288/891/313 445/890/483 775/893/484
f 775/893/484 446/894/315 288/891/313
f 446/894/315 445/890/483 286/892/312
f 366/685/246 313/680/257 365/895/346
f 167/896/195 170/897/196 447/898/197
f 571/899/485 447/898/197 170/897/196
f 569/900/486 571/899/485 448/901/487
f 777/902/488 448/901/487 169/903/198
f 448/901/487 571/899/485 170/897/196
f 169/903/198 448/901/487 170/897/196
f 169/903/198 447/904/197 571/905/485
f 777/902/488 169/903/198 571/905/485
f 518/906/489 306/907/337 449/908/490
f 290/909/334 518/906/489 517/910/491
f 518/906/489 570/911/336 306/907/337
f 518/906/489 290/909/334 570/911/336
f 449/908/490 306/907/337 290/909/334
f 517/910/491 449/908/490 290/909/334
f 374/912/365 329/913/366 450/914/492
f 454/915/402 450/916/492 329/917/366
f 452/918/493 449/919/490 453/920/409
f 453/920/409 449/919/490 451/921/410
f 452/918/493 453/920/409 295/922/125
f 376/923/321 451/921/410 452/918/493
f 376/923/321 452/918/493 295/922/125
f 21/37/25 455/146/88 334/924/369
f 21/37/25 334/924/369 456/925/494
f 456/925/494 334/924/369 457/926/495
f 457/926/495 334/924/369 331/927/367
f 21/37/25 456/925/494 458/928/496
f 458/928/496 456/925/494 457/926/495
f 21/37/25 458/928/496 331/927/367
f 457/926/495 331/927/367 459/929/497
f 459/929/497 331/927/367 458/928/496
f 459/929/497 458/928/496 457/926/495
f 334/924/369 455/146/88 333/930/368
f 453/931/409 376/932/321 109/933/123
f 295/934/125 453/931/409 109/933/123
f 379/935/405 375/936/406 461/937/498
f 377/938/408 379/939/405 752/940/499
f 377/938/408 753/941/500 375/936/406
f 375/936/406 753/941/500 461/937/498
f 753/941/500 377/938/408 752/940/499
f 752/942/499 379/935/405 461/937/498
f 462/943/501 465/944/502 464/945/422
f 465/944/502 463/946/503 464/945/422
f 464/945/422 463/947/503 386/948/420
f 386/949/420 462/943/501 389/950/421
f 462/943/501 386/949/420 463/951/503
f 389/950/421 462/943/501 464/945/422
f 6/952/9 299/953/324 298/954/323
f 467/955/504 466/956/505 299/957/324
f 469/958/506 466/956/505 468/959/507
f 468/959/507 704/960/508 883/961/509
f 883/961/509 704/960/508 466/962/505
f 466/956/505 467/955/504 468/959/507
f 468/959/507 467/955/504 704/960/508
f 471/963/510 470/964/511 387/965/419
f 522/966/512 471/963/510 387/965/419
f 387/965/419 470/964/511 386/967/420
f 470/964/511 522/968/512 464/969/422
f 470/964/511 464/969/422 386/967/420
f 387/970/419 464/969/422 472/971/426
f 464/969/422 522/968/512 388/972/424
f 472/971/426 464/969/422 388/972/424
f 522/973/512 387/974/419 472/975/426
f 522/973/512 472/975/426 523/976/513
f 472/977/426 392/978/423 523/979/513
f 523/979/513 392/978/423 388/980/424
f 474/981/445 392/982/423 473/983/428
f 391/984/427 392/982/423 474/981/445
f 473/985/428 391/984/427 408/986/443
f 474/981/445 408/986/443 391/984/427
f 473/987/428 408/986/443 409/988/444
f 476/989/514 475/990/515 409/988/444
f 143/991/338 198/992/340 477/993/516
f 307/994/341 143/991/338 477/993/516
f 396/995/430 397/996/434 524/997/517
f 397/996/434 410/998/448 524/997/517
f 410/998/448 396/995/430 478/999/518
f 524/997/517 410/998/448 478/999/518
f 396/995/430 524/997/517 479/1000/519
f 478/999/518 396/995/430 479/1000/519
f 245/1001/280 480/1002/279 248/1003/276
f 247/1004/278 249/1005/277 480/1002/279
f 481/1006/452 478/1007/518 482/1008/447
f 412/1009/449 413/1010/450 481/1006/452
f 481/1006/452 413/1010/450 414/1011/451
f 414/1011/451 479/1012/519 596/1013/520
f 483/1014/455 416/1015/454 415/1016/453
f 250/1017/281 484/1018/284 251/1019/283
f 250/1017/281 486/1020/521 484/1018/284
f 486/1020/521 250/1017/281 485/1021/285
f 248/1022/276 484/1018/284 486/1020/521
f 495/1023/469 424/1024/462 488/1025/522
f 495/1023/469 421/1026/459 424/1024/462
f 421/1027/459 487/1028/523 488/1025/522
f 488/1025/522 487/1028/523 495/1023/469
f 145/1029/168 490/1030/169 489/1031/524
f 145/1029/168 491/1032/525 144/1033/166
f 491/1032/525 145/1029/168 489/1031/524
f 490/1030/169 144/1033/166 491/1032/525
f 491/1032/525 492/1034/526 490/1030/169
f 489/1031/524 490/1030/169 492/1034/526
f 492/1034/526 491/1032/525 493/1035/527
f 491/1032/525 489/1031/524 494/1036/528
f 489/1031/524 492/1034/526 494/1036/528
f 493/1035/527 491/1032/525 494/1036/528
f 863/1037/529 493/1035/527 494/1036/528
f 863/1037/529 494/1036/528 492/1034/526
f 493/1035/527 863/1037/529 492/1034/526
f 487/1038/523 421/1039/459 430/1040/468
f 431/1041/467 421/1042/459 495/1043/469
f 487/1038/523 430/1040/468 497/1044/530
f 430/1045/468 421/1039/459 431/1046/467
f 429/1047/465 431/1046/467 495/1048/469
f 430/1040/468 496/1049/471 497/1044/530
f 487/1038/523 497/1044/530 495/1043/469
f 495/1050/469 496/1051/471 430/1052/468
f 496/1051/471 495/1050/469 432/1053/175
f 432/1053/175 495/1050/469 603/1054/470
f 498/1055/531 499/1056/532 500/1057/533
f 498/1058/531 500/1059/533 501/1060/534
f 498/1058/531 501/1060/534 503/1061/535
f 498/1058/531 503/1061/535 499/1062/532
f 501/1060/534 499/1062/532 502/1063/536
f 503/1061/535 501/1060/534 502/1064/536
f 504/1065/537 500/1066/533 499/1067/532
f 501/1068/534 500/1066/533 504/1065/537
f 504/1065/537 499/1067/532 505/1069/538
f 505/1069/538 499/1067/532 501/1068/534
f 501/1068/534 504/1065/537 506/1070/539
f 505/1069/538 501/1068/534 506/1070/539
f 556/1071/540 506/1070/539 504/1065/537
f 502/1064/536 499/1072/532 507/1073/541
f 502/1064/536 507/1074/541 434/1075/474
f 507/1074/541 435/1076/477 434/1075/474
f 434/1075/474 436/1077/473 508/1078/542
f 436/1077/473 435/1079/477 508/1078/542
f 508/1078/542 435/1076/477 507/1074/541
f 434/1075/474 508/1078/542 502/1064/536
f 502/1064/536 508/1078/542 503/1061/535
f 509/1080/241 503/1061/535 507/1074/541
f 507/1074/541 503/1061/535 508/1078/542
f 510/1081/543 507/1082/541 499/1083/532
f 510/1081/543 509/1084/241 507/1082/541
f 503/1085/535 509/1084/241 499/1086/532
f 499/1087/532 509/1088/241 215/1089/240
f 510/1090/543 499/1087/532 215/1089/240
f 434/1091/474 444/1092/482 437/1093/476
f 557/1094/544 511/1095/481 437/1093/476
f 557/1094/544 437/1093/476 444/1092/482
f 444/1092/482 434/1091/474 440/1096/478
f 444/1092/482 440/1096/478 511/1097/481
f 437/1098/476 511/1097/481 440/1096/478
f 215/1099/240 212/1100/239 510/1101/543
f 212/1100/239 509/1102/241 510/1101/543
f 440/873/478 439/870/243 369/876/398
f 439/870/243 366/1103/246 369/876/398
f 442/1104/480 512/1105/545 444/1106/482
f 349/1107/384 350/1108/400 513/1109/546
f 349/1107/384 563/1110/547 373/1111/385
f 563/1110/547 349/1107/384 513/1109/546
f 564/1112/548 373/1111/385 563/1110/547
f 350/1108/400 373/1111/385 513/1109/546
f 513/1109/546 373/1111/385 564/1112/548
f 563/1110/547 513/1109/546 565/1113/549
f 689/1114/550 516/1115/551 688/1116/404
f 514/1117/552 688/1116/404 516/1115/551
f 514/1117/552 516/1115/551 515/1118/553
f 516/1119/551 689/1114/550 691/1120/554
f 693/1121/555 691/1120/554 328/1122/364
f 691/1120/554 689/1114/550 372/1123/401
f 372/1123/401 328/1122/364 691/1120/554
f 514/1124/552 515/1125/553 695/702/403
f 515/1125/553 693/1121/555 695/702/403
f 693/1121/555 374/703/365 695/702/403
f 374/703/365 693/1121/555 328/1122/364
f 452/918/493 451/921/410 517/1126/491
f 452/918/493 518/1127/489 449/919/490
f 450/916/492 454/915/402 374/1128/365
f 518/1127/489 452/918/493 517/1126/491
f 449/919/490 517/1126/491 451/921/410
f 340/1129/556 339/1130/375 758/1131/557
f 758/1131/557 339/1130/375 228/1132/260
f 758/1131/557 228/1132/260 520/1133/373
f 338/1134/374 340/1135/556 519/1136/558
f 338/1134/374 519/1136/558 520/1133/373
f 519/1136/558 340/1135/556 341/1137/559
f 520/1133/373 519/1136/558 760/1138/560
f 760/1138/560 521/1139/561 520/1133/373
f 465/1140/502 462/1141/501 471/1142/510
f 465/1140/502 471/1142/510 522/1143/512
f 522/1144/512 470/1145/511 465/1146/502
f 465/1146/502 470/1145/511 463/1147/503
f 470/1145/511 471/1142/510 463/1147/503
f 463/1147/503 471/1142/510 462/1141/501
f 409/1148/444 524/1149/517 476/1150/514
f 476/1150/514 524/1149/517 481/1151/452
f 481/1151/452 524/1149/517 478/1152/518
f 479/1153/519 414/1154/451 478/1152/518
f 414/1154/451 482/1155/447 478/1152/518
f 479/1156/519 481/1151/452 525/1157/562
f 476/1150/514 481/1151/452 479/1156/519
f 474/1158/445 476/1150/514 479/1156/519
f 409/1159/444 474/1158/445 524/1160/517
f 524/1160/517 474/1158/445 479/1156/519
f 424/1161/462 423/1162/461 526/1163/563
f 526/1163/563 488/1164/522 424/1161/462
f 528/1165/564 527/1166/565 421/1167/459
f 528/1165/564 532/1168/566 529/1169/567
f 528/1165/564 529/1169/567 527/1170/565
f 496/1171/471 532/1168/566 528/1165/564
f 530/1172/568 528/1165/564 421/1167/459
f 527/1173/565 530/1172/568 488/1174/522
f 527/1173/565 488/1174/522 526/1175/563
f 488/1174/522 530/1172/568 421/1167/459
f 526/1175/563 421/1167/459 527/1173/565
f 527/1173/565 532/1176/566 530/1172/568
f 530/1172/568 532/1176/566 531/1177/569
f 528/1178/564 530/1179/568 496/1180/471
f 496/1180/471 530/1179/568 497/1181/530
f 530/1179/568 531/1182/569 497/1181/530
f 497/1181/530 531/1182/569 603/1183/470
f 497/1181/530 603/1183/470 495/1184/469
f 496/1185/471 531/1182/569 532/1186/566
f 536/1187/570 533/1188/571 534/1189/572
f 536/1190/570 535/1191/573 648/1192/574
f 535/1191/573 536/1190/570 537/1193/575
f 537/1193/575 538/1194/576 535/1191/573
f 536/1190/570 534/1189/572 538/1194/576
f 535/1191/573 538/1194/576 534/1189/572
f 648/1195/574 534/1189/572 533/1188/571
f 648/1195/574 533/1188/571 536/1187/570
f 539/569/344 310/562/293 311/570/345
f 540/1196/577 541/1197/578 548/1198/579
f 548/1198/579 549/1199/580 604/1200/581
f 550/1201/582 721/1202/583 543/1203/584
f 541/1204/578 650/1205/585 543/1203/584
f 541/1204/578 543/1203/584 721/1202/583
f 724/1206/586 550/1207/582 549/1208/580
f 721/1202/583 549/1208/580 541/1209/578
f 724/1206/586 549/1208/580 721/1202/583
f 541/1204/578 540/1196/577 650/1205/585
f 544/1210/587 552/1211/588 545/1212/589
f 545/1212/589 650/1213/585 547/1214/590
f 650/1213/585 545/1212/589 542/1215/591
f 547/1214/590 540/1216/577 548/1217/579
f 543/1218/584 542/1219/591 546/1220/592
f 543/1218/584 546/1220/592 550/1221/582
f 546/1220/592 542/1219/591 545/1222/589
f 552/1223/588 544/1224/587 546/1220/592
f 544/1224/587 550/1221/582 546/1220/592
f 604/1225/581 550/1221/582 544/1224/587
f 549/1226/580 550/1221/582 604/1225/581
f 504/1227/537 551/1228/593 552/1229/588
f 545/1230/589 551/1228/593 553/1231/594
f 551/1228/593 545/1230/589 552/1229/588
f 546/1232/592 553/1231/594 552/1229/588
f 546/1232/592 545/1230/589 553/1231/594
f 551/1228/593 504/1227/537 505/1233/538
f 556/1234/540 504/1227/537 554/1235/595
f 556/1234/540 554/1235/595 505/1233/538
f 505/1233/538 554/1235/595 551/1228/593
f 551/1228/593 554/1235/595 553/1236/594
f 556/1237/540 505/1238/538 555/1239/596
f 555/1239/596 506/1240/539 556/1241/540
f 506/1240/539 555/1239/596 505/1238/538
f 512/1242/545 557/1243/544 444/1244/482
f 557/1245/544 512/1246/545 558/1247/597
f 558/1247/597 512/1246/545 559/1248/598
f 672/1249/599 558/1247/597 559/1248/598
f 557/1243/544 673/1250/600 559/1248/598
f 673/1250/600 557/1243/544 558/1251/597
f 559/1248/598 512/1246/545 511/1252/481
f 511/1252/481 557/1243/544 559/1248/598
f 683/1253/601 561/1254/602 560/1255/399
f 561/1254/602 562/1256/380 441/1257/479
f 560/1255/399 561/1254/602 368/1258/396
f 561/1254/602 441/1257/479 368/1258/396
f 441/1257/479 562/1256/380 560/1259/399
f 560/1259/399 562/1256/380 683/1253/601
f 561/1254/602 683/1253/601 682/1260/358
f 561/1254/602 682/1260/358 562/1256/380
f 563/1261/547 684/1262/603 564/1263/548
f 565/1264/549 564/1263/548 566/1265/604
f 565/1264/549 566/1265/604 563/1261/547
f 563/1261/547 566/1265/604 567/1266/605
f 563/1261/547 567/1266/605 684/1262/603
f 306/1267/337 568/1268/606 371/1269/333
f 777/1270/488 371/1271/333 568/1268/606
f 777/1270/488 568/1268/606 569/1272/486
f 569/1272/486 568/1268/606 570/1273/336
f 570/1273/336 568/1268/606 306/1267/337
f 570/1273/336 371/1269/333 569/1272/486
f 569/1272/486 371/1269/333 571/1274/485
f 578/1275/607 574/1276/608 575/1277/609
f 575/1277/609 574/1276/608 572/1278/610
f 572/1278/610 573/1279/611 577/1280/612
f 577/1280/612 573/1279/611 818/1281/613
f 818/1281/613 576/1282/614 857/1283/615
f 576/1282/614 574/1284/608 578/1285/607
f 576/1282/614 818/1281/613 573/1279/611
f 572/1286/610 574/1287/608 573/1288/611
f 574/1287/608 576/1289/614 573/1288/611
f 581/1290/616 580/1291/617 579/1292/618
f 580/1293/617 581/1294/616 579/1295/618
f 352/656/387 354/655/389 582/1296/619
f 582/1296/619 353/1297/388 352/656/387
f 354/1298/389 353/1297/388 583/1299/620
f 584/1300/621 353/1297/388 582/1296/619
f 582/1296/619 583/1301/620 584/1300/621
f 582/1296/619 354/655/389 583/1301/620
f 585/1302/622 586/1303/623 523/1304/513
f 388/1305/424 585/1302/622 523/1304/513
f 586/1306/623 522/1307/512 523/1308/513
f 585/1309/622 388/1310/424 522/1307/512
f 522/1307/512 586/1306/623 587/1311/624
f 522/1307/512 587/1311/624 585/1309/622
f 585/1309/622 587/1311/624 635/1312/376
f 340/1313/556 338/1314/374 587/1311/624
f 587/1311/624 338/1314/374 635/1312/376
f 340/1313/556 587/1311/624 586/1315/623
f 340/1313/556 586/1315/623 635/1312/376
f 235/1316/264 384/1317/265 588/1318/625
f 588/1318/625 589/1319/626 233/1320/261
f 588/1318/625 233/1320/261 235/1316/264
f 589/1319/626 590/1321/627 384/1317/265
f 233/1320/261 589/1319/626 384/1317/265
f 588/1318/625 384/1317/265 590/1321/627
f 592/1322/628 473/1323/428 409/1324/444
f 592/1322/628 409/1324/444 475/1325/515
f 474/1326/445 593/1327/629 475/1325/515
f 592/1322/628 475/1325/515 593/1327/629
f 591/1328/630 474/1326/445 473/1329/428
f 591/1328/630 473/1329/428 592/1330/628
f 593/1327/629 705/1331/631 592/1322/628
f 591/1328/630 593/1327/629 474/1326/445
f 474/1332/445 475/1333/515 639/1334/632
f 476/1335/514 594/1336/633 475/1333/515
f 594/1336/633 595/1337/634 475/1333/515
f 595/1337/634 639/1334/632 475/1333/515
f 594/1336/633 476/1335/514 639/1334/632
f 639/1334/632 476/1335/514 474/1332/445
f 525/1338/562 481/1339/452 414/1340/451
f 525/1338/562 414/1340/451 596/1341/520
f 597/1342/635 525/1338/562 596/1341/520
f 597/1342/635 596/1341/520 598/1343/636
f 525/1338/562 598/1343/636 479/1344/519
f 479/1344/519 598/1343/636 596/1341/520
f 423/1345/461 599/1346/637 601/1347/638
f 423/1345/461 601/1347/638 526/1348/563
f 526/1348/563 599/1349/637 421/1350/459
f 423/1351/461 421/1350/459 599/1349/637
f 600/1352/639 599/1349/637 526/1348/563
f 601/1353/638 600/1352/639 526/1348/563
f 531/1354/569 496/1355/471 602/1356/640
f 603/1357/470 602/1358/640 496/1355/471
f 602/1356/640 603/1357/470 531/1354/569
f 432/1359/175 603/1360/470 428/1361/466
f 428/1361/466 603/1360/470 433/1362/472
f 428/1361/466 433/1362/472 279/1363/310
f 355/660/99 356/659/390 357/668/392
f 355/660/99 357/668/392 358/1364/391
f 360/669/393 357/668/392 356/659/390
f 358/664/391 360/669/393 356/659/390
f 604/1365/581 605/1366/641 548/1198/579
f 545/1212/589 547/1214/590 544/1210/587
f 547/1214/590 548/1217/579 605/1367/641
f 650/1213/585 540/1216/577 547/1214/590
f 605/1368/641 604/1369/581 544/1370/587
f 544/1370/587 547/1371/590 605/1368/641
f 549/1372/580 548/1373/579 541/1374/578
f 606/1375/642 607/1376/643 608/1377/644
f 606/1375/642 608/1377/644 607/1376/643
f 552/1229/588 553/1236/594 504/1227/537
f 553/1236/594 554/1235/595 504/1227/537
f 609/1378/645 611/1379/646 610/1380/647
f 610/1380/647 612/1381/648 609/1382/645
f 613/1383/649 610/1380/647 611/1379/646
f 611/1379/646 609/1384/645 612/1385/648
f 612/1385/648 613/1383/649 611/1379/646
f 284/1386/311 282/1387/148 616/1388/650
f 616/1388/650 614/1389/651 615/1390/652
f 615/1390/652 614/1389/651 847/1391/653
f 616/1388/650 615/1390/652 617/1392/654
f 616/1388/650 283/1393/147 614/1389/651
f 614/1389/651 283/1393/147 284/1386/311
f 616/1388/650 282/1394/148 283/1393/147
f 512/1395/545 442/1396/480 618/1397/655
f 512/1395/545 618/1397/655 619/1398/656
f 442/1396/480 511/1399/481 618/1397/655
f 512/1395/545 619/1398/656 511/1399/481
f 620/1400/657 619/1401/656 621/1402/658
f 619/1401/656 683/1403/601 621/1402/658
f 619/1401/656 325/1404/359 683/1403/601
f 562/1405/380 325/1404/359 621/1402/658
f 562/1405/380 621/1402/658 683/1403/601
f 621/1402/658 325/1404/359 618/1406/655
f 618/1406/655 325/1404/359 619/1401/656
f 621/1402/658 618/1406/655 620/1400/657
f 620/1400/657 618/1406/655 511/1399/481
f 622/1407/659 620/1400/657 511/1399/481
f 511/1399/481 619/1398/656 622/1407/659
f 622/1407/659 619/1398/656 624/1408/660
f 620/1409/657 622/1407/659 623/1410/661
f 620/1409/657 623/1410/661 817/1411/662
f 620/1412/657 817/1413/662 619/1398/656
f 619/1398/656 817/1413/662 624/1408/660
f 622/1407/659 624/1408/660 623/1410/661
f 70/1414/84 625/1415/663 71/1416/85
f 71/1416/85 625/1415/663 626/1417/664
f 626/1417/664 625/1415/663 70/1414/84
f 71/1416/85 626/1417/664 172/1418/200
f 626/1417/664 70/1414/84 627/1419/665
f 626/1417/664 627/1419/665 172/1418/200
f 627/1419/665 70/1414/84 629/1420/83
f 627/1419/665 629/1420/83 172/1418/200
f 172/1418/200 629/1420/83 264/1421/199
f 172/1418/200 264/1421/199 72/1422/86
f 264/1421/199 629/1420/83 628/1423/70
f 630/1424/666 629/1420/83 854/1425/82
f 266/466/299 344/467/300 317/1426/350
f 133/1427/155 631/1428/667 132/1429/154
f 631/1428/667 133/1427/155 633/1430/668
f 633/1430/668 632/1431/669 634/1432/670
f 634/1432/670 632/1431/669 631/1428/667
f 631/1428/667 633/1430/668 750/1433/671
f 631/1428/667 750/1433/671 751/1434/672
f 631/1428/667 751/1434/672 634/1432/670
f 750/1433/671 633/1430/668 634/1432/670
f 133/1427/155 131/1435/152 632/1431/669
f 133/1427/155 632/1431/669 633/1430/668
f 131/1435/152 132/1429/154 632/1431/669
f 631/1428/667 632/1431/669 132/1429/154
f 277/479/305 272/58/41 271/61/44
f 377/712/408 375/1436/406 380/1437/414
f 378/711/407 377/712/408 380/1437/414
f 635/1438/376 586/1439/623 636/1440/673
f 635/1438/376 705/1441/631 585/1442/622
f 585/1442/622 705/1441/631 586/1439/623
f 705/1441/631 635/1438/376 636/1440/673
f 598/1443/636 525/1444/562 637/1445/674
f 637/1445/674 525/1444/562 597/1446/635
f 637/1445/674 597/1446/635 601/1447/638
f 601/1447/638 638/1448/675 637/1445/674
f 638/1448/675 598/1449/636 639/1450/632
f 637/1445/674 638/1448/675 594/1451/633
f 594/1452/633 638/1448/675 640/1453/676
f 640/1453/676 638/1448/675 639/1450/632
f 639/1450/632 637/1445/674 594/1452/633
f 601/1454/638 599/1455/637 638/1456/675
f 638/1456/675 599/1455/637 641/1457/677
f 638/1456/675 641/1457/677 600/1458/639
f 599/1459/637 642/1460/678 641/1461/677
f 641/1461/677 642/1460/678 600/1462/639
f 643/1463/679 599/1459/637 711/1464/680
f 599/1459/637 643/1463/679 642/1460/678
f 711/1465/680 644/1466/681 643/1463/679
f 643/1463/679 644/1466/681 645/1467/682
f 644/1466/681 529/1468/567 645/1467/682
f 529/1468/567 711/1465/680 645/1467/682
f 645/1467/682 711/1465/680 642/1469/678
f 789/1470/683 642/1460/678 643/1463/679
f 645/1467/682 789/1470/683 643/1463/679
f 527/1471/565 529/1472/567 644/1473/681
f 529/1472/567 646/1474/684 711/1475/680
f 532/1476/566 649/1477/685 529/1472/567
f 529/1472/567 649/1477/685 648/1478/574
f 529/1472/567 648/1478/574 647/1479/686
f 646/1474/684 529/1472/567 647/1479/686
f 647/1479/686 649/1477/685 646/1474/684
f 646/1474/684 649/1477/685 532/1476/566
f 532/1476/566 527/1480/565 646/1474/684
f 644/1473/681 646/1474/684 527/1480/565
f 646/1474/684 644/1473/681 711/1475/680
f 648/1481/574 649/1482/685 534/1483/572
f 648/1484/574 535/1485/573 717/1486/687
f 535/1485/573 534/1483/572 717/1486/687
f 717/1486/687 534/1483/572 649/1482/685
f 717/1486/687 649/1482/685 647/1487/686
f 542/1488/591 543/1489/584 652/1490/688
f 650/1491/585 542/1488/591 652/1490/688
f 650/1491/585 651/1492/689 543/1493/584
f 652/1494/688 543/1493/584 651/1492/689
f 652/1495/688 651/1496/689 653/1497/690
f 653/1497/690 651/1496/689 650/1498/585
f 653/1497/690 650/1498/585 654/1499/691
f 654/1499/691 650/1498/585 652/1500/688
f 655/1501/692 654/1502/691 652/1503/688
f 652/1503/688 653/1504/690 655/1501/692
f 656/1505/693 653/1506/690 657/1507/694
f 658/1508/695 657/1507/694 659/1509/696
f 658/1508/695 659/1509/696 656/1505/693
f 655/1510/692 656/1505/693 659/1509/696
f 653/1511/690 656/1505/693 655/1510/692
f 654/1512/691 659/1509/696 653/1506/690
f 653/1506/690 659/1509/696 657/1507/694
f 660/1513/697 661/1514/698 662/1515/699
f 663/1516/439 664/1517/700 665/1518/439
f 665/1518/439 664/1517/700 666/1519/439
f 666/1519/439 664/1517/700 667/1520/439
f 663/1516/439 665/1518/439 668/1521/439
f 668/1521/439 665/1518/439 666/1519/439
f 663/1516/439 668/1521/439 669/1522/439
f 668/1521/439 666/1519/439 670/1523/439
f 668/1521/439 670/1523/439 669/1522/439
f 654/1512/691 655/1510/692 671/1524/701
f 654/1512/691 671/1524/701 659/1509/696
f 659/1509/696 671/1524/701 672/1525/599
f 672/1525/599 655/1510/692 659/1509/696
f 673/1526/600 655/1527/692 672/1528/599
f 655/1527/692 673/1526/600 671/1529/701
f 672/1528/599 674/1530/702 774/1531/703
f 774/1531/703 674/1530/702 673/1526/600
f 559/1532/598 674/1530/702 672/1528/599
f 673/1533/600 558/1534/597 671/1535/701
f 671/1535/701 558/1534/597 672/1528/599
f 446/1536/315 676/1537/704 445/1538/483
f 676/1537/704 677/1539/705 445/1538/483
f 676/1537/704 678/1540/706 677/1539/705
f 676/1537/704 776/1541/707 679/1542/708
f 678/1540/706 676/1537/704 679/1542/708
f 679/1542/708 836/1543/709 678/1540/706
f 679/1542/708 680/1544/710 686/1545/711
f 836/1543/709 679/1542/708 686/1545/711
f 836/1543/709 680/1546/710 678/1540/706
f 681/1547/357 689/1548/550 683/1549/601
f 566/1550/604 684/1551/603 567/1552/605
f 684/1553/603 685/1554/712 836/1555/709
f 836/1555/709 686/1556/711 684/1553/603
f 564/1557/548 684/1553/603 686/1556/711
f 684/1558/603 566/1559/604 685/1554/712
f 564/1557/548 685/1554/712 566/1559/604
f 686/1556/711 685/1554/712 564/1557/548
f 681/1560/357 682/1561/358 687/1562/713
f 689/1563/550 681/1560/357 687/1562/713
f 687/1562/713 683/1564/601 688/1565/404
f 688/1565/404 683/1564/601 689/1563/550
f 688/1565/404 372/1566/401 690/1567/714
f 683/1564/601 687/1562/713 682/1561/358
f 687/1568/713 565/1569/549 513/1570/546
f 513/1570/546 564/1571/548 690/1572/714
f 513/1570/546 689/1573/550 687/1568/713
f 689/1573/550 513/1570/546 690/1572/714
f 564/1571/548 565/1569/549 690/1572/714
f 565/1569/549 687/1568/713 690/1572/714
f 687/1568/713 688/1574/404 690/1572/714
f 689/1573/550 690/1572/714 372/1575/401
f 516/1576/551 691/1577/554 693/1578/555
f 516/1576/551 693/1578/555 692/1579/715
f 692/1580/715 693/1581/555 515/1582/553
f 347/636/381 345/1583/383 348/637/382
f 688/1584/404 514/1585/552 694/1586/716
f 695/1587/403 688/1584/404 694/1586/716
f 694/1586/716 514/1585/552 696/1588/717
f 514/1585/552 695/1587/403 696/1588/717
f 753/1589/500 755/1590/718 461/1591/498
f 755/1590/718 697/1592/719 461/1591/498
f 461/1591/498 697/1592/719 696/1593/717
f 753/1589/500 696/1593/717 697/1592/719
f 753/1589/500 697/1592/719 698/1594/720
f 755/1590/718 753/1589/500 698/1594/720
f 755/1590/718 699/1595/721 697/1592/719
f 698/1594/720 339/1596/375 699/1595/721
f 698/1594/720 697/1592/719 339/1596/375
f 697/1592/719 699/1595/721 635/1597/376
f 697/1592/719 635/1597/376 339/1596/375
f 340/1598/556 635/1597/376 699/1595/721
f 340/1598/556 699/1595/721 339/1596/375
f 110/197/124 106/1599/121 105/192/119
f 700/1600/722 701/1601/723 702/1602/724
f 702/1603/724 701/1604/723 700/1605/722
f 190/338/217 184/336/215 703/1606/725
f 703/1606/725 184/336/215 191/339/218
f 191/339/218 190/1607/217 588/1608/625
f 589/1609/626 588/1608/625 190/338/217
f 589/1609/626 190/338/217 703/1606/725
f 588/1608/625 590/1610/627 191/339/218
f 589/1609/626 703/1606/725 590/1610/627
f 703/1606/725 191/339/218 590/1610/627
f 298/954/323 299/1611/324 466/1612/505
f 466/1612/505 704/960/508 298/954/323
f 704/960/508 467/955/504 299/957/324
f 704/960/508 299/957/324 296/1613/322
f 296/1613/322 298/954/323 704/960/508
f 636/1614/673 592/1615/628 706/1616/726
f 706/1616/726 592/1615/628 707/1617/727
f 706/1616/726 707/1617/727 519/1618/558
f 760/1619/560 519/1618/558 707/1617/727
f 708/1620/728 760/1619/560 707/1617/727
f 708/1620/728 707/1617/727 592/1615/628
f 592/1615/628 705/1621/631 708/1620/728
f 705/1621/631 636/1622/673 706/1623/726
f 705/1621/631 706/1623/726 708/1620/728
f 708/1620/728 341/1624/559 760/1619/560
f 341/1624/559 708/1620/728 706/1625/726
f 706/1625/726 519/1626/558 341/1624/559
f 636/1614/673 586/1627/623 592/1615/628
f 586/1627/623 705/1628/631 591/1629/630
f 586/1627/623 591/1629/630 592/1615/628
f 321/594/355 781/1630/729 320/596/356
f 638/1448/675 597/1446/635 598/1449/636
f 598/1449/636 637/1631/674 639/1450/632
f 599/1632/637 600/1633/639 711/1634/680
f 711/1634/680 600/1633/639 642/1635/678
f 648/1636/574 717/1637/687 719/1638/730
f 647/1639/686 715/1640/731 719/1641/730
f 647/1639/686 648/1636/574 715/1640/731
f 714/1642/732 648/1643/574 719/1641/730
f 714/1642/732 719/1641/730 715/1640/731
f 762/1644/733 715/1640/731 648/1636/574
f 716/1645/734 764/1646/735 718/1647/736
f 716/1645/734 718/1647/736 719/1648/730
f 719/1648/730 718/1647/736 647/1649/686
f 717/1650/687 716/1645/734 719/1648/730
f 311/570/345 308/571/296 312/1651/342
f 309/1652/343 539/1653/344 311/1654/345
f 311/1654/345 312/1655/342 309/1652/343
f 550/1656/582 720/1657/737 721/1658/583
f 720/1657/737 723/1659/738 721/1658/583
f 723/1659/738 724/1660/586 721/1658/583
f 722/1661/739 724/1660/586 723/1659/738
f 724/1660/586 722/1661/739 720/1662/737
f 724/1660/586 720/1662/737 550/1663/582
f 726/1664/740 725/1665/741 727/1666/742
f 726/1664/740 727/1667/742 725/1665/741
f 728/1668/328 300/1669/327 730/1670/743
f 730/1670/743 300/1669/327 301/1671/326
f 728/1668/328 729/1672/395 301/1671/326
f 301/1671/326 729/1672/395 730/1670/743
f 728/1668/328 730/1670/743 364/1673/394
f 728/1668/328 364/1673/394 729/1672/395
f 730/1670/743 729/1672/395 362/1674/135
f 730/1670/743 362/1674/135 364/1673/394
f 731/1675/744 734/1676/745 732/1677/746
f 731/1675/744 736/1678/747 734/1676/745
f 733/1679/748 735/1680/749 732/1681/746
f 735/1680/749 734/1676/745 736/1678/747
f 735/1680/749 736/1678/747 732/1681/746
f 737/1682/750 305/1683/751 738/1684/752
f 661/1685/698 660/1686/697 662/1687/699
f 739/1688/753 741/1689/754 740/1690/755
f 808/1691/756 741/1692/754 739/1688/753
f 808/1691/756 739/1688/753 740/1690/755
f 681/1693/357 325/1694/359 742/1695/757
f 325/1694/359 326/1696/360 742/1695/757
f 681/1693/357 742/1695/757 324/1697/361
f 326/1696/360 324/1697/361 742/1695/757
f 681/1547/357 683/1549/601 325/1698/359
f 293/1699/319 743/1700/758 291/1701/317
f 291/1701/317 743/1700/758 292/1702/318
f 292/1702/318 743/1700/758 864/1703/759
f 292/1702/318 864/1703/759 293/1699/319
f 293/1699/319 864/1703/759 744/1704/760
f 743/1700/758 293/1699/319 744/1704/760
f 266/1705/299 317/1706/350 346/1707/353
f 318/1708/352 348/1709/382 345/1710/383
f 318/1708/352 345/1710/383 745/1711/761
f 318/1708/352 746/1712/762 346/1707/353
f 745/1713/761 346/1707/353 746/1712/762
f 747/1714/763 318/1708/352 745/1713/761
f 746/1712/762 318/1708/352 747/1714/763
f 747/1714/763 745/1713/761 748/1715/764
f 748/1715/764 746/1712/762 907/1716/765
f 745/1713/761 746/1712/762 748/1715/764
f 907/1716/765 746/1712/762 747/1714/763
f 751/1717/672 750/1718/671 749/1719/766
f 696/1720/717 819/1721/767 694/1722/716
f 778/1723/768 696/1720/717 752/1724/499
f 752/1724/499 694/1722/716 778/1723/768
f 461/1725/498 696/1726/717 695/1727/403
f 699/1728/721 754/1729/769 698/1730/720
f 698/1730/720 754/1729/769 755/1731/718
f 755/1731/718 754/1729/769 756/1732/770
f 699/1728/721 755/1731/718 756/1732/770
f 699/1728/721 756/1732/770 757/1733/771
f 820/1734/772 756/1732/770 754/1729/769
f 756/1732/770 840/1735/773 759/1736/774
f 759/1736/774 840/1735/773 757/1737/771
f 760/1738/560 757/1737/771 756/1732/770
f 757/1737/771 760/1738/560 341/1739/559
f 757/1737/771 341/1739/559 759/1736/774
f 758/1740/557 520/1741/373 521/1742/561
f 759/1743/774 758/1740/557 760/1744/560
f 760/1744/560 758/1740/557 521/1742/561
f 759/1743/774 760/1744/560 756/1745/770
f 758/1740/557 759/1743/774 341/1746/559
f 758/1740/557 341/1746/559 340/1747/556
f 709/1748/775 784/1749/776 710/1750/777
f 710/1750/777 783/1751/778 709/1748/775
f 783/1751/778 784/1749/776 709/1748/775
f 595/1752/634 594/1753/633 640/1754/676
f 595/1752/634 640/1754/676 786/1755/779
f 640/1754/676 639/1756/632 761/1757/780
f 786/1755/779 640/1754/676 761/1757/780
f 792/1758/781 761/1757/780 639/1756/632
f 787/1759/782 792/1758/781 786/1760/779
f 786/1760/779 792/1758/781 639/1756/632
f 715/1761/731 762/1762/733 793/1763/783
f 537/1764/575 536/1765/570 716/1766/734
f 716/1766/734 536/1765/570 538/1767/576
f 832/1768/784 538/1767/576 718/1769/736
f 764/1770/735 716/1771/734 763/1772/785
f 538/1773/576 763/1772/785 716/1771/734
f 763/1772/785 538/1774/576 764/1770/735
f 764/1770/735 538/1774/576 832/1775/784
f 718/1776/736 764/1770/735 833/1777/786
f 764/1770/735 832/1775/784 833/1777/786
f 720/1778/737 765/1779/787 768/1780/788
f 720/1778/737 768/1780/788 723/1781/738
f 722/1782/739 723/1781/738 766/1783/789
f 723/1781/738 768/1780/788 766/1783/789
f 722/1782/739 766/1783/789 720/1784/737
f 765/1785/787 720/1784/737 766/1783/789
f 766/1783/789 767/1786/790 770/1787/791
f 765/1785/787 766/1783/789 770/1787/791
f 769/1788/792 765/1785/787 770/1787/791
f 767/1789/790 765/1785/787 771/1790/793
f 769/1788/792 771/1790/793 765/1785/787
f 767/1786/790 771/1790/793 770/1787/791
f 767/1786/790 731/1675/744 732/1677/746
f 767/1786/790 766/1783/789 731/1675/744
f 731/1675/744 766/1783/789 768/1780/788
f 736/1678/747 731/1675/744 768/1780/788
f 736/1678/747 768/1780/788 732/1791/746
f 767/1792/790 732/1791/746 768/1780/788
f 765/1779/787 767/1792/790 768/1780/788
f 769/1793/792 656/1794/693 657/1795/694
f 656/1794/693 769/1793/792 770/1796/791
f 656/1794/693 770/1796/791 658/1797/695
f 769/1793/792 657/1795/694 658/1798/695
f 769/1793/792 658/1798/695 771/1799/793
f 734/1800/745 772/1801/794 733/1802/748
f 772/1801/794 734/1800/745 735/1803/749
f 673/1804/600 773/1805/795 735/1803/749
f 673/1804/600 735/1803/749 774/1806/703
f 735/1803/749 733/1807/748 774/1806/703
f 772/1801/794 735/1803/749 773/1805/795
f 733/1807/748 773/1808/795 774/1806/703
f 774/1806/703 773/1808/795 672/1809/599
f 672/1809/599 773/1808/795 673/1810/600
f 733/1807/748 732/1811/746 734/1812/745
f 446/1813/315 775/1814/484 676/1815/704
f 676/1815/704 775/1814/484 776/1816/707
f 677/1539/705 776/1816/707 445/1538/483
f 776/1816/707 775/1814/484 445/1538/483
f 448/901/487 777/902/488 569/900/486
f 777/902/488 571/905/485 371/1817/333
f 749/1818/766 750/1819/671 634/1820/670
f 749/1818/766 634/1820/670 751/1821/672
f 694/1722/716 819/1721/767 515/1822/553
f 694/1722/716 515/1822/553 778/1723/768
f 778/1723/768 779/1823/796 819/1721/767
f 823/1824/797 819/1721/767 779/1823/796
f 819/1825/767 824/1826/798 780/1827/799
f 824/1826/798 779/1823/796 780/1827/799
f 779/1823/796 778/1723/768 780/1827/799
f 515/1822/553 780/1827/799 778/1723/768
f 319/592/354 781/1630/729 321/594/355
f 319/592/354 320/596/356 781/1630/729
f 705/1828/631 783/1829/778 591/1830/630
f 710/1831/777 593/1832/629 591/1830/630
f 591/1830/630 783/1829/778 710/1831/777
f 783/1829/778 705/1828/631 593/1832/629
f 783/1829/778 593/1832/629 782/1833/800
f 782/1833/800 593/1832/629 710/1834/777
f 782/1833/800 710/1834/777 784/1835/776
f 639/1836/632 785/1837/801 786/1838/779
f 786/1838/779 785/1837/801 595/1839/634
f 639/1836/632 595/1839/634 784/1840/776
f 595/1839/634 785/1837/801 784/1840/776
f 639/1836/632 783/1841/778 785/1837/801
f 783/1841/778 639/1836/632 784/1840/776
f 789/1842/683 782/1843/800 787/1844/782
f 792/1845/781 787/1844/782 788/1846/802
f 792/1845/781 788/1846/802 831/1847/803
f 831/1847/803 788/1846/802 789/1842/683
f 789/1842/683 788/1846/802 782/1843/800
f 782/1843/800 788/1846/802 790/1848/804
f 790/1848/804 788/1846/802 787/1844/782
f 791/1849/805 790/1848/804 787/1844/782
f 791/1849/805 787/1844/782 782/1843/800
f 786/1850/779 761/1851/780 787/1852/782
f 789/1853/683 787/1852/782 761/1851/780
f 645/1854/682 792/1855/781 789/1853/683
f 645/1854/682 642/1856/678 792/1855/781
f 789/1853/683 761/1851/780 642/1856/678
f 642/1856/678 761/1851/780 792/1855/781
f 638/1857/675 600/1633/639 597/1858/635
f 597/1858/635 600/1633/639 601/1859/638
f 793/1860/783 762/1861/733 714/1862/732
f 793/1860/783 714/1862/732 831/1863/803
f 831/1863/803 714/1864/732 715/1865/731
f 714/1866/732 762/1867/733 648/1868/574
f 256/443/289 257/438/287 796/1869/806
f 256/443/289 796/1869/806 795/1870/807
f 794/440/288 796/1869/806 257/438/287
f 796/1869/806 794/440/288 797/1871/808
f 797/1871/808 794/440/288 795/1872/807
f 256/441/289 795/1872/807 794/440/288
f 798/1873/809 796/1869/806 797/1871/808
f 798/1873/809 795/1872/807 796/1874/806
f 798/1873/809 797/1871/808 795/1872/807
f 717/1875/687 537/1876/575 716/1877/734
f 538/1878/576 537/1876/575 717/1875/687
f 538/1878/576 647/1879/686 718/1880/736
f 538/1878/576 717/1875/687 647/1879/686
f 658/1881/695 733/1882/748 771/1883/793
f 771/1883/793 733/1882/748 772/1884/794
f 771/1883/793 772/1884/794 799/1885/810
f 772/1884/794 773/1886/795 799/1885/810
f 806/1887/811 800/1888/812 801/1889/813
f 801/1890/813 802/1891/814 806/1887/811
f 802/1891/814 801/1890/813 803/1892/815
f 805/1893/816 806/1887/811 804/1894/817
f 805/1893/816 892/1895/818 800/1888/812
f 806/1887/811 805/1893/816 800/1888/812
f 733/1896/748 658/1897/695 773/1898/795
f 773/1898/795 658/1897/695 799/1899/810
f 673/1900/600 674/1901/702 559/1902/598
f 807/1903/819 808/1904/756 740/1905/755
f 740/1905/755 741/1906/754 807/1903/819
f 808/1907/756 807/1908/819 809/1909/820
f 808/1907/756 809/1909/820 741/1910/754
f 741/1910/754 809/1909/820 810/1911/821
f 817/1912/662 809/1909/820 807/1908/819
f 817/1912/662 807/1908/819 741/1913/754
f 741/1913/754 810/1911/821 817/1914/662
f 809/1909/820 817/1912/662 811/1915/822
f 811/1915/822 817/1912/662 812/1916/823
f 813/1917/824 809/1909/820 811/1915/822
f 814/1918/825 809/1909/820 813/1917/824
f 809/1909/820 814/1918/825 810/1911/821
f 815/1919/826 813/1917/824 811/1915/822
f 813/1917/824 815/1919/826 814/1918/825
f 815/1919/826 811/1915/822 816/1920/827
f 816/1920/827 811/1915/822 812/1916/823
f 815/1919/826 816/1920/827 810/1911/821
f 810/1911/821 816/1920/827 812/1916/823
f 815/1919/826 810/1911/821 814/1918/825
f 817/1921/662 623/1922/661 812/1923/823
f 812/1923/823 623/1922/661 810/1924/821
f 623/1922/661 624/1925/660 810/1924/821
f 817/1926/662 810/1927/821 624/1928/660
f 577/1280/612 575/1277/609 572/1278/610
f 515/1929/553 516/1930/551 780/1931/799
f 692/1932/715 515/1929/553 819/1933/767
f 819/1934/767 780/1931/799 516/1930/551
f 692/1932/715 819/1934/767 516/1930/551
f 696/1720/717 778/1723/768 819/1721/767
f 696/1935/717 821/1936/828 752/1937/499
f 696/1938/717 753/1939/500 820/1940/772
f 822/1941/829 820/1940/772 752/1937/499
f 753/1939/500 752/1937/499 820/1940/772
f 752/1937/499 821/1936/828 822/1941/829
f 696/1935/717 820/1942/772 821/1936/828
f 779/1943/796 821/1936/828 823/1944/797
f 779/1945/796 824/1946/798 821/1947/828
f 821/1947/828 824/1946/798 822/1948/829
f 824/1946/798 823/1944/797 822/1948/829
f 822/1948/829 823/1944/797 754/1949/769
f 754/1949/769 823/1944/797 821/1936/828
f 826/1950/830 827/1951/831 828/1952/832
f 826/1950/830 828/1952/832 827/1951/831
f 785/1953/801 783/1954/778 791/1955/805
f 782/1956/800 784/1957/776 785/1958/801
f 790/1959/804 783/1960/778 782/1961/800
f 791/1962/805 783/1960/778 790/1959/804
f 791/1962/805 782/1961/800 785/1963/801
f 253/1964/378 829/1965/377 342/1966/379
f 793/1967/783 831/1968/803 789/1969/683
f 789/1969/683 830/1970/833 793/1967/783
f 830/1970/833 789/1969/683 792/1971/781
f 793/1972/783 830/1970/833 715/1973/731
f 715/1974/731 830/1970/833 831/1975/803
f 792/1971/781 831/1975/803 830/1970/833
f 845/1976/834 832/1977/784 718/1978/736
f 845/1976/834 718/1978/736 833/1979/786
f 62/1980/74 60/1981/72 834/1982/76
f 60/1981/72 61/1983/77 834/1982/76
f 834/1982/76 61/1983/77 835/1984/835
f 799/1985/810 658/1986/695 770/1987/791
f 799/1985/810 770/1987/791 771/1799/793
f 680/1546/710 836/1543/709 685/1988/712
f 680/1546/710 685/1988/712 686/1989/711
f 837/1990/836 839/1991/837 838/1992/838
f 837/1993/836 838/1994/838 839/1995/837
f 754/1996/769 699/1997/721 757/1737/771
f 757/1737/771 840/1735/773 754/1996/769
f 821/1998/828 820/1999/772 754/1996/769
f 840/1735/773 822/2000/829 754/1996/769
f 820/1734/772 822/2000/829 840/1735/773
f 820/1734/772 840/1735/773 756/1732/770
f 841/2001/839 825/2002/840 842/2003/841
f 842/2003/841 825/2002/840 841/2001/839
f 843/2004/842 198/2005/340 307/2006/341
f 843/2004/842 307/2006/341 477/2007/516
f 843/2008/842 477/2009/516 198/2010/340
f 248/2011/276 486/2012/521 249/2013/277
f 485/2014/285 484/2015/284 248/2011/276
f 485/2014/285 248/2011/276 480/2016/279
f 485/2014/285 480/2016/279 486/2017/521
f 486/2017/521 480/2016/279 249/2018/277
f 833/2019/786 832/2020/784 845/2021/834
f 852/2022/332 305/1683/751 737/1682/750
f 852/2022/332 737/1682/750 738/2023/752
f 161/2024/188 158/2025/187 846/2026/843
f 846/2026/843 160/2027/189 161/2028/188
f 158/2025/187 160/2027/189 846/2026/843
f 284/1386/311 616/1388/650 617/1392/654
f 284/1386/311 617/1392/654 614/1389/651
f 614/1389/651 617/1392/654 847/1391/653
f 847/1391/653 617/1392/654 675/2029/844
f 617/1392/654 615/1390/652 675/2029/844
f 615/1390/652 847/1391/653 675/2029/844
f 576/1282/614 578/1285/607 857/1283/615
f 824/1826/798 819/2030/767 823/1824/797
f 848/2031/845 455/146/88 74/145/87
f 848/2031/845 74/145/87 460/147/89
f 849/2032/846 333/930/368 455/146/88
f 849/2032/846 455/146/88 848/2031/845
f 57/113/69 460/147/89 56/111/67
f 57/113/69 850/2033/847 460/147/89
f 302/541/329 303/545/330 305/2034/751
f 302/541/329 305/2034/751 852/547/332
f 304/546/331 852/547/332 303/545/330
f 738/2035/752 305/2034/751 303/545/330
f 738/2035/752 303/545/330 852/547/332
f 853/2036/848 613/2037/649 612/2038/648
f 853/2039/848 612/2040/648 610/2041/647
f 853/2039/848 610/2041/647 613/2042/649
f 630/2043/666 854/2044/82 992/2045/849
f 854/2044/82 855/2046/850 992/2045/849
f 90/2047/81 37/2048/49 92/2049/851
f 90/2047/81 92/2049/851 855/2046/850
f 1183/2050/105 92/2049/851 37/2051/49
f 856/2052/47 90/2053/81 578/1275/607
f 90/2053/81 857/2054/615 578/1275/607
f 578/1275/607 575/1277/609 856/2052/47
f 856/2052/47 577/1280/612 854/2055/82
f 854/2055/82 577/1280/612 818/1281/613
f 854/2055/82 818/1281/613 855/2056/850
f 818/1281/613 857/1283/615 855/2056/850
f 857/1283/615 90/2057/81 855/2056/850
f 575/1277/609 577/1280/612 856/2052/47
f 856/69/47 68/68/46 90/138/81
f 274/481/306 273/59/42 276/483/308
f 91/178/106 333/2058/368 858/2059/852
f 858/2059/852 332/176/104 91/178/106
f 859/2060/853 628/2061/70 629/2062/83
f 859/2060/853 629/2062/83 630/2063/666
f 630/2064/666 628/2061/70 860/2065/854
f 860/2065/854 628/2061/70 884/2066/855
f 884/2066/855 628/2061/70 859/2060/853
f 859/2060/853 630/2063/666 860/2067/854
f 884/2066/855 859/2060/853 885/2068/856
f 745/2069/761 345/2070/383 862/2071/857
f 345/2070/383 346/2072/353 861/2073/858
f 345/2070/383 861/2073/858 862/2071/857
f 346/2072/353 745/2069/761 861/2073/858
f 861/2073/858 745/2069/761 888/2074/859
f 888/2074/859 745/2069/761 862/2071/857
f 844/2075/860 851/2076/861 712/2077/862
f 713/2078/863 712/2077/862 851/2076/861
f 851/2076/861 844/2075/860 713/2078/863
f 713/2078/863 844/2075/860 712/2077/862
f 744/1704/760 864/1703/759 743/1700/758
f 61/1983/77 63/2079/75 835/1984/835
f 835/1984/835 63/2079/75 834/1982/76
f 866/2080/864 865/2081/865 867/2082/866
f 865/2081/865 866/2080/864 867/2082/866
f 871/2083/867 876/2084/868 869/2085/869
f 871/2083/867 869/2085/869 870/2086/870
f 873/2087/871 871/2083/867 870/2086/870
f 872/2088/872 868/2089/873 875/2090/874
f 875/2090/874 868/2089/873 874/2091/875
f 871/2092/867 874/2091/875 876/2093/868
f 871/2092/867 873/2094/871 874/2091/875
f 873/2094/871 1190/2095/876 874/2091/875
f 875/2090/874 874/2091/875 1190/2095/876
f 870/2086/870 872/2088/872 1133/2096/877
f 1133/2096/877 872/2088/872 875/2090/874
f 869/2085/869 868/2089/873 872/2088/872
f 870/2086/870 869/2085/869 872/2088/872
f 584/2097/621 583/2098/620 877/2099/878
f 583/2098/620 353/2100/388 877/2099/878
f 584/2097/621 877/2099/878 881/2101/879
f 584/2097/621 881/2101/879 878/2102/880
f 584/2097/621 878/2102/880 353/2103/388
f 877/2104/878 353/2103/388 878/2102/880
f 877/2104/878 880/2105/881 879/2106/882
f 932/2107/883 881/2101/879 877/2099/878
f 932/2107/883 880/2105/881 881/2101/879
f 881/2101/879 880/2105/881 878/2102/880
f 878/2102/880 880/2105/881 877/2104/878
f 868/2108/873 869/2109/869 876/2110/868
f 883/2111/509 466/956/505 469/958/506
f 882/2112/884 469/958/506 468/959/507
f 468/959/507 883/961/509 882/2112/884
f 677/1539/705 678/1540/706 680/1546/710
f 679/2113/708 677/1539/705 680/1546/710
f 679/2113/708 776/1816/707 677/1539/705
f 628/1423/70 267/2114/68 264/1421/199
f 859/2115/853 860/2116/854 885/2117/856
f 860/2116/854 886/2118/885 885/2117/856
f 884/2119/855 886/2118/885 860/2116/854
f 861/2120/858 886/2118/885 887/2121/886
f 888/2122/859 887/2121/886 885/2123/856
f 885/2123/856 887/2121/886 884/2119/855
f 889/2124/887 800/2125/812 893/2126/888
f 889/2127/887 893/2126/888 890/2128/889
f 890/2128/889 893/2126/888 891/2129/890
f 891/2130/890 893/2126/888 1010/2131/891
f 892/2132/818 1010/2131/891 893/2126/888
f 892/2132/818 893/2126/888 800/2125/812
f 848/2133/845 460/2134/89 968/2135/892
f 968/2135/892 895/2136/893 848/2133/845
f 848/2133/845 895/2136/893 849/2137/846
f 849/2137/846 895/2136/893 897/2138/894
f 971/2139/895 896/2140/896 897/2138/894
f 333/2141/368 983/2142/897 858/2143/852
f 897/2138/894 983/2142/897 333/2141/368
f 849/2137/846 897/2138/894 333/2141/368
f 901/2144/898 898/2145/899 900/2146/900
f 902/2147/901 900/2146/900 898/2145/899
f 898/2145/899 901/2144/898 902/2147/901
f 886/2118/885 884/2119/855 887/2121/886
f 868/2089/873 876/2093/868 874/2091/875
f 903/2148/902 904/2149/307 275/2150/309
f 904/2149/307 905/2151/903 276/2152/308
f 905/2151/903 903/2153/902 276/2152/308
f 276/2152/308 903/2153/902 275/2154/309
f 800/2155/812 889/2156/887 801/2157/813
f 801/2157/813 889/2156/887 906/2158/904
f 906/2158/904 889/2159/887 890/2160/889
f 906/2158/904 803/2161/815 801/2157/813
f 747/2162/763 748/2163/764 908/2164/905
f 747/2165/763 908/2164/905 1036/2166/906
f 748/2163/764 907/2167/765 908/2164/905
f 909/2168/907 908/2164/905 907/2167/765
f 1036/2169/906 907/2167/765 747/2162/763
f 885/2170/856 886/2171/885 888/2172/859
f 862/2173/857 887/2174/886 888/2172/859
f 861/2175/858 887/2174/886 862/2173/857
f 910/2176/908 911/2177/909 912/2178/910
f 962/2179/911 913/2180/912 912/2178/910
f 963/2181/913 913/2180/912 962/2179/911
f 912/2178/910 911/2177/909 962/2179/911
f 911/2177/909 913/2182/912 963/2183/913
f 883/2184/509 940/2185/914 914/2186/915
f 883/2184/509 914/2186/915 882/2187/884
f 882/2187/884 914/2186/915 915/2188/916
f 915/2188/916 883/2189/509 469/2190/506
f 915/2188/916 469/2190/506 882/2187/884
f 918/2191/917 917/2192/918 924/2193/919
f 924/2193/919 917/2192/918 916/2194/920
f 918/2191/917 924/2193/919 919/2195/921
f 923/2196/922 924/2193/919 916/2194/920
f 923/2196/922 916/2194/920 918/2197/917
f 918/2197/917 919/2198/921 923/2196/922
f 886/2199/885 861/2200/858 888/2172/859
f 920/2201/923 918/2197/917 916/2194/920
f 921/2202/924 916/2194/920 917/2192/918
f 921/2202/924 917/2192/918 920/2203/923
f 916/2194/920 922/2204/925 920/2201/923
f 916/2194/920 921/2202/924 922/2204/925
f 924/2205/919 923/2206/922 986/2207/926
f 923/2206/922 919/2208/921 925/2209/927
f 986/2207/926 926/2210/928 924/2205/919
f 919/2211/921 924/2205/919 925/2212/927
f 924/2205/919 926/2210/928 925/2212/927
f 925/2209/927 986/2207/926 923/2206/922
f 925/2209/927 926/2213/928 927/2214/929
f 918/2191/917 920/2203/923 917/2192/918
f 892/1895/818 805/1893/816 1005/2215/930
f 806/1887/811 802/1891/814 804/1894/817
f 1005/2215/930 805/1893/816 804/1894/817
f 948/2216/931 928/2217/932 929/2218/933
f 929/2218/933 928/2217/932 937/2219/934
f 894/2220/935 899/2221/936 931/2222/937
f 894/2220/935 931/2222/937 899/2223/936
f 913/2182/912 910/2176/908 912/2224/910
f 913/2182/912 911/2177/909 910/2176/908
f 879/2225/882 880/2226/881 932/2227/883
f 943/2228/938 935/2229/939 942/2230/940
f 942/2230/940 935/2229/939 933/2231/941
f 933/2231/941 935/2229/939 934/2232/942
f 936/2233/943 630/2234/666 992/2235/849
f 928/2217/932 930/2236/944 938/2237/945
f 928/2217/932 938/2237/945 937/2219/934
f 929/2218/933 937/2219/934 947/2238/946
f 930/2236/944 939/2239/947 938/2237/945
f 883/2184/509 915/2240/916 940/2185/914
f 965/2241/948 914/2186/915 940/2185/914
f 914/2242/915 941/2243/949 915/2240/916
f 915/2240/916 941/2243/949 940/2185/914
f 932/2244/883 877/2245/878 879/2246/882
f 943/2247/938 942/2248/940 944/2249/950
f 933/2250/941 946/2251/951 942/2248/940
f 946/2252/951 933/2250/941 943/2247/938
f 946/2252/951 943/2247/938 944/2249/950
f 945/2253/952 946/2252/951 944/2249/950
f 947/2254/946 939/2255/947 948/2256/931
f 948/2256/931 929/2257/933 947/2254/946
f 928/2258/932 948/2256/931 930/2259/944
f 930/2259/944 948/2256/931 939/2255/947
f 977/2260/953 979/2261/954 949/2262/955
f 949/2263/955 991/2264/956 977/2265/953
f 991/2264/956 949/2262/955 979/2261/954
f 953/2266/957 950/2267/958 952/2268/959
f 953/2266/957 951/2269/960 950/2267/958
f 950/2267/958 1134/2270/961 952/2268/959
f 952/2268/959 1134/2270/961 951/2269/960
f 952/2268/959 951/2269/960 953/2266/957
f 933/2271/941 934/2272/942 943/2273/938
f 934/2272/942 935/2274/939 943/2273/938
f 855/2046/850 92/2049/851 992/2045/849
f 955/2275/962 954/2276/963 957/2277/964
f 954/2276/963 955/2278/962 956/2279/965
f 954/2276/963 956/2279/965 957/2277/964
f 955/2275/962 958/2280/966 956/2281/965
f 958/2280/966 959/2282/967 956/2281/965
f 956/2281/965 959/2282/967 960/2283/968
f 1210/2284/969 959/2282/967 958/2280/966
f 960/2285/968 958/2280/966 957/2277/964
f 956/2279/965 960/2285/968 957/2277/964
f 1041/2286/970 963/2287/913 961/2288/971
f 1041/2286/970 961/2288/971 964/2289/972
f 964/2289/972 961/2288/971 911/2290/909
f 963/2291/913 964/2289/972 911/2290/909
f 961/2292/971 962/2293/911 911/2294/909
f 941/2295/949 966/2296/973 940/2297/914
f 940/2297/914 966/2296/973 965/2298/948
f 914/2299/915 965/2298/948 941/2300/949
f 941/2300/949 965/2298/948 961/2301/971
f 966/2296/973 963/2302/913 962/2303/911
f 963/2302/913 966/2296/973 961/2304/971
f 961/2304/971 966/2296/973 941/2295/949
f 961/2301/971 965/2298/948 962/2303/911
f 962/2303/911 965/2298/948 966/2296/973
f 967/2305/974 968/2306/892 970/2307/975
f 968/2306/892 967/2308/974 969/2309/976
f 970/2310/975 969/2309/976 967/2308/974
f 895/2136/893 971/2139/895 897/2138/894
f 973/2311/977 976/2312/978 972/2313/979
f 972/2313/979 976/2312/978 974/2314/980
f 972/2313/979 974/2314/980 973/2311/977
f 973/2311/977 974/2314/980 975/2315/981
f 975/2315/981 974/2314/980 976/2312/978
f 973/2311/977 975/2315/981 1288/2316/982
f 975/2315/981 976/2312/978 1288/2316/982
f 978/2317/983 979/2318/954 977/2319/953
f 944/2320/950 942/2321/940 945/2322/952
f 982/2323/984 946/2324/951 945/2325/952
f 945/2325/952 942/2326/940 982/2323/984
f 980/2327/985 946/2324/951 982/2323/984
f 942/2328/940 946/2324/951 981/2329/986
f 942/2328/940 981/2329/986 982/2323/984
f 981/2329/986 946/2324/951 980/2327/985
f 858/2059/852 983/2330/897 1002/2331/987
f 984/2332/988 895/2333/893 969/2309/976
f 895/2333/893 968/2306/892 969/2309/976
f 986/2334/926 985/2335/989 926/2336/928
f 986/2334/926 927/2337/929 985/2335/989
f 990/2338/990 926/2336/928 985/2335/989
f 990/2338/990 987/2339/991 926/2336/928
f 926/2336/928 987/2339/991 927/2340/929
f 987/2339/991 985/2335/989 927/2337/929
f 987/2339/991 988/2341/992 985/2335/989
f 990/2338/990 985/2335/989 989/2342/993
f 990/2338/990 989/2342/993 987/2339/991
f 987/2339/991 989/2342/993 988/2343/992
f 977/2344/953 1023/2345/994 978/2346/983
f 979/2347/954 978/2346/983 1023/2345/994
f 995/2348/995 1047/2349/996 994/2350/997
f 994/2350/997 1047/2349/996 993/2351/998
f 994/2350/997 993/2351/998 1170/2352/999
f 994/2350/997 1170/2352/999 1168/2353/1000
f 1168/2353/1000 995/2348/995 994/2350/997
f 995/2348/995 1168/2353/1000 993/2354/998
f 997/2355/1001 1019/2356/1002 1020/2357/1003
f 997/2355/1001 1020/2357/1003 1014/2358/1004
f 997/2355/1001 1014/2359/1004 1049/2360/1005
f 997/2355/1001 1049/2360/1005 996/2361/1006
f 996/2361/1006 1048/2362/1007 1014/2363/1004
f 921/2364/924 920/2365/923 991/2366/956
f 1021/2367/1008 920/2365/923 922/2368/925
f 998/2369/1009 920/2365/923 1021/2367/1008
f 1021/2367/1008 922/2368/925 1025/2370/1010
f 1025/2370/1010 922/2368/925 998/2371/1009
f 991/2372/956 998/2371/1009 921/2373/924
f 998/2371/1009 922/2368/925 921/2373/924
f 981/2374/986 980/2375/985 999/2376/1011
f 981/2377/986 999/2378/1011 982/2379/984
f 1000/2380/1012 999/2378/1011 980/2381/985
f 1001/2382/1013 982/2379/984 999/2378/1011
f 982/2379/984 1001/2382/1013 1000/2383/1012
f 1000/2383/1012 980/2381/985 982/2379/984
f 1356/2384/1014 1183/2385/105 332/2386/104
f 858/2059/852 1356/2387/1014 332/176/104
f 1002/2331/987 1197/2388/1015 1003/2389/1016
f 970/2390/975 968/2391/892 460/2392/89
f 850/2393/847 970/2390/975 460/2392/89
f 1145/2394/1017 969/2395/976 970/2390/975
f 984/2396/988 1078/2397/1018 971/2398/895
f 892/2399/818 1005/2400/930 1010/2401/891
f 1012/2402/1019 891/2403/890 1010/2401/891
f 906/2404/904 1012/2402/1019 1007/2405/1020
f 906/2404/904 1007/2405/1020 803/2406/815
f 1007/2405/1020 1008/2407/1021 803/2406/815
f 802/2408/814 803/2406/815 1008/2407/1021
f 1010/2401/891 1005/2400/930 1011/2409/1022
f 1011/2409/1022 1012/2402/1019 1010/2401/891
f 1012/2402/1019 1013/2410/1023 1007/2405/1020
f 1007/2405/1020 1377/2411/1024 1008/2407/1021
f 1377/2411/1024 1007/2405/1020 1013/2410/1023
f 1014/2412/1004 995/2413/995 993/2351/998
f 993/2351/998 1047/2349/996 1014/2412/1004
f 1049/2414/1005 1014/2412/1004 1047/2349/996
f 1016/2415/1025 804/2416/817 1018/2417/1026
f 1016/2415/1025 1017/2418/1027 802/2419/814
f 804/2416/817 802/2420/814 1017/2421/1027
f 1016/2422/1025 1018/2423/1026 1015/2424/1028
f 1017/2421/1027 1016/2422/1025 1015/2424/1028
f 1017/2421/1027 1015/2424/1028 804/2416/817
f 986/2425/926 804/2416/817 1015/2424/1028
f 925/2426/927 1018/2417/1026 804/2416/817
f 986/2425/926 925/2426/927 804/2416/817
f 986/2425/926 1015/2424/1028 1018/2423/1026
f 1019/2427/1002 996/2428/1006 1055/2429/1029
f 1020/2430/1003 1055/2429/1029 996/2428/1006
f 996/2428/1006 1014/2431/1004 1020/2430/1003
f 997/2432/1001 996/2433/1006 1019/2434/1002
f 991/2435/956 979/2436/954 998/2437/1009
f 998/2437/1009 979/2436/954 1024/2438/1030
f 1021/2439/1008 1024/2438/1030 979/2436/954
f 1021/2439/1008 979/2436/954 1022/2440/1031
f 1022/2440/1031 979/2436/954 1023/2441/994
f 1023/2441/994 977/2442/953 1024/2443/1030
f 977/2442/953 991/2444/956 920/2445/923
f 977/2442/953 920/2445/923 998/2446/1009
f 998/2446/1009 1024/2443/1030 977/2442/953
f 1024/2443/1030 1022/2440/1031 1023/2441/994
f 1024/2447/1030 1021/2448/1008 1025/2449/1010
f 1021/2450/1008 1022/2451/1031 998/2452/1009
f 998/2453/1009 1022/2454/1031 1025/2455/1010
f 1022/2454/1031 1024/2456/1030 1025/2455/1010
f 938/2457/945 992/2235/849 937/2458/934
f 937/2458/934 992/2235/849 92/2459/851
f 938/2460/945 939/2461/947 992/2235/849
f 947/2462/946 937/2463/934 92/2464/851
f 947/2462/946 92/2464/851 1026/2465/1032
f 1030/2466/1033 1029/2467/1034 1028/2468/1035
f 1028/2469/1035 1031/2470/1036 1030/2471/1033
f 1031/2470/1036 1028/2469/1035 1029/2467/1034
f 1039/2472/1037 1030/2471/1033 1031/2470/1036
f 1039/2472/1037 1031/2470/1036 1038/2473/1038
f 1032/2474/1039 1027/2475/1040 1184/2476/1041
f 1184/2477/1041 1027/2478/1040 1033/2479/1042
f 1034/2480/1043 1033/2479/1042 1027/2478/1040
f 1027/2478/1040 1035/2481/1044 1034/2480/1043
f 1032/2474/1039 1034/2480/1043 1035/2481/1044
f 1032/2474/1039 1035/2481/1044 1027/2475/1040
f 1037/2482/1045 909/2483/907 1036/2484/906
f 909/2483/907 1037/2482/1045 908/2485/905
f 1036/2486/906 908/2485/905 1039/2487/1037
f 1037/2482/1045 1039/2487/1037 908/2485/905
f 1037/2482/1045 1036/2488/906 1038/2489/1038
f 1039/2487/1037 1038/2490/1038 1036/2486/906
f 964/2289/972 1042/2491/1046 1142/2492/1047
f 1142/2492/1047 1041/2286/970 964/2289/972
f 1042/2493/1046 964/2494/972 963/2287/913
f 1042/2493/1046 963/2287/913 1041/2286/970
f 1043/2495/1048 1045/2496/1049 1049/2497/1005
f 1045/2496/1049 1016/2498/1025 1044/2499/1050
f 1044/2499/1050 1016/2498/1025 1006/2500/1051
f 802/2501/814 1006/2500/1051 1016/2498/1025
f 804/2502/817 1016/2498/1025 1045/2496/1049
f 804/2502/817 1045/2496/1049 1043/2495/1048
f 1043/2495/1048 1044/2503/1050 1006/2504/1051
f 804/2502/817 1043/2495/1048 1006/2504/1051
f 1048/2505/1007 1045/2506/1049 1046/2507/1052
f 1048/2505/1007 1049/2508/1005 1045/2506/1049
f 1044/2509/1050 1043/2510/1048 1049/2508/1005
f 1045/2506/1049 1044/2509/1050 1046/2507/1052
f 1046/2507/1052 1044/2509/1050 1049/2508/1005
f 1046/2511/1052 1049/2512/1005 1047/2513/996
f 1048/2514/1007 1046/2515/1052 1047/2516/996
f 1048/2514/1007 1047/2516/996 995/2517/995
f 995/2517/995 1014/2518/1004 1048/2514/1007
f 1048/2514/1007 996/2519/1006 1049/2512/1005
f 986/2520/926 1054/2521/1053 1051/2522/1054
f 1050/2523/1055 1052/2524/1056 1051/2522/1054
f 986/2525/926 1052/2524/1056 1050/2523/1055
f 986/2525/926 1050/2523/1055 1054/2526/1053
f 1052/2524/1056 986/2525/926 1018/2527/1026
f 1051/2522/1054 1054/2521/1053 1053/2528/1057
f 927/2529/929 986/2520/926 1051/2522/1054
f 1051/2522/1054 925/2530/927 927/2529/929
f 925/2530/927 1051/2522/1054 1052/2524/1056
f 925/2530/927 1052/2524/1056 1018/2527/1026
f 1020/2531/1003 1019/2532/1002 1057/2533/1058
f 1055/2534/1029 1020/2535/1003 1057/2536/1058
f 1056/2537/1059 1057/2533/1058 1019/2532/1002
f 1056/2537/1059 1055/2534/1029 1058/2538/1060
f 1055/2534/1029 1057/2533/1058 1058/2538/1060
f 1019/2532/1002 1055/2534/1029 1056/2537/1059
f 907/2167/765 1059/2539/1061 909/2168/907
f 950/2540/958 951/2541/960 988/2542/992
f 1134/2543/961 988/2542/992 951/2541/960
f 901/2144/898 900/2146/900 1060/2544/1062
f 901/2144/898 1060/2544/1062 902/2147/901
f 1061/2545/1063 1001/2382/1013 999/2378/1011
f 999/2378/1011 1000/2380/1012 1061/2545/1063
f 1000/2380/1012 1001/2546/1013 1062/2547/1064
f 1062/2547/1064 1061/2545/1063 1000/2380/1012
f 1001/2382/1013 1061/2545/1063 1062/2548/1064
f 1063/2549/1065 1077/2550/1066 1065/2551/1067
f 1065/2551/1067 1064/2552/1068 1063/2549/1065
f 1066/2553/1069 1064/2552/1068 1065/2551/1067
f 1077/2554/1066 1064/2552/1068 1066/2553/1069
f 1068/2555/1070 1065/2551/1067 1077/2550/1066
f 1066/2553/1069 1065/2551/1067 1068/2555/1070
f 1077/2550/1066 1066/2556/1069 1067/2557/1071
f 1077/2550/1066 1067/2557/1071 1068/2555/1070
f 1068/2555/1070 1069/2558/1072 1070/2559/1073
f 1067/2557/1071 1069/2558/1072 1068/2555/1070
f 1070/2559/1073 1069/2558/1072 1071/2560/1074
f 1069/2558/1072 1072/2561/1075 1071/2560/1074
f 1073/2562/1076 1071/2560/1074 1072/2561/1075
f 1073/2562/1076 1072/2561/1075 1074/2563/1077
f 1074/2563/1077 1072/2561/1075 1394/2564/1078
f 1073/2562/1076 1074/2563/1077 1075/2565/1079
f 1075/2565/1079 1074/2563/1077 1394/2564/1078
f 1073/2562/1076 1075/2565/1079 1076/2566/1080
f 1073/2562/1076 1076/2566/1080 1071/2560/1074
f 1071/2560/1074 1076/2566/1080 1075/2565/1079
f 1071/2560/1074 1075/2565/1079 1394/2564/1078
f 1071/2560/1074 1394/2564/1078 1070/2559/1073
f 1070/2559/1073 1394/2564/1078 1067/2567/1071
f 1064/2552/1068 1077/2554/1066 1063/2549/1065
f 957/2277/964 958/2280/966 955/2275/962
f 896/2140/896 971/2139/895 1078/2568/1018
f 1080/2569/1081 1081/2570/1082 1079/2571/1083
f 1079/2571/1083 1081/2570/1082 1080/2572/1081
f 1082/2573/1084 630/2574/666 936/2575/943
f 628/2576/70 630/2574/666 1082/2573/1084
f 628/2576/70 1082/2573/1084 1083/2577/1085
f 1082/2573/1084 1084/2578/1086 1083/2577/1085
f 1123/2579/1087 1304/2580/1088 1082/2573/1084
f 1082/2573/1084 1304/2580/1088 1084/2578/1086
f 1085/2581/1089 1086/2582/1090 1439/2583/1091
f 1304/2584/1088 1439/2583/1091 1723/2585/1092
f 1723/2585/1092 1439/2583/1091 1086/2586/1090
f 1082/2587/1084 936/2588/943 1090/2589/1093
f 1089/2590/1094 1087/2591/1095 1165/2592/1096
f 1090/2589/1093 1165/2592/1096 900/2593/900
f 900/2593/900 902/2594/901 1090/2589/1093
f 1088/2595/1097 1090/2589/1093 902/2594/901
f 1089/2590/1094 1165/2592/1096 1090/2589/1093
f 1090/2589/1093 936/2588/943 1089/2590/1094
f 1088/2595/1097 1082/2587/1084 1090/2589/1093
f 904/2149/307 903/2148/902 1091/2596/1098
f 1091/2597/1098 903/2153/902 905/2151/903
f 904/2598/307 1091/2597/1098 1092/2599/1099
f 904/2598/307 1092/2599/1099 905/2600/903
f 1093/2601/1100 1092/2599/1099 1091/2597/1098
f 1166/2602/1101 1092/2603/1099 1093/2601/1100
f 906/2404/904 891/2403/890 1012/2402/1019
f 891/2403/890 906/2404/904 890/2604/889
f 1095/2605/1102 1094/2606/1103 1096/2607/1104
f 1097/2608/1105 1096/2607/1104 1094/2606/1103
f 1097/2608/1105 1094/2606/1103 1169/2609/1106
f 1169/2609/1106 1095/2610/1102 1096/2611/1104
f 1169/2609/1106 1094/2606/1103 1095/2610/1102
f 988/2612/992 989/2613/993 1098/2614/1107
f 1098/2614/1107 1256/2615/1108 1099/2616/1109
f 1100/2617/1110 1256/2615/1108 1098/2614/1107
f 989/2613/993 1099/2616/1109 1100/2617/1110
f 989/2613/993 1100/2617/1110 1098/2614/1107
f 1114/2618/1111 1104/2619/1112 1113/2620/1113
f 1102/2621/1114 1114/2618/1111 1101/2622/1115
f 1103/2623/1116 1102/2621/1114 1101/2622/1115
f 1104/2619/1112 1103/2624/1116 1101/2625/1115
f 1104/2619/1112 1114/2618/1111 1102/2621/1114
f 1113/2620/1113 1104/2619/1112 1101/2625/1115
f 1082/2626/1084 1088/2627/1097 1123/2628/1087
f 936/2629/943 1123/2628/1087 1089/2630/1094
f 1089/2630/1094 1123/2628/1087 1088/2627/1097
f 1105/2631/1117 1087/2632/1095 1089/2630/1094
f 1088/2627/1097 1105/2631/1117 1089/2630/1094
f 947/2462/946 1026/2465/1032 939/2461/947
f 939/2461/947 1026/2465/1032 992/2235/849
f 1106/2633/1118 1042/2634/1046 1041/2635/970
f 1106/2636/1118 1142/2637/1047 1042/2638/1046
f 971/2639/895 895/2333/893 984/2332/988
f 1147/2640/1119 1148/2641/1120 1107/2642/1121
f 1107/2642/1121 1148/2641/1120 1109/2643/1122
f 1107/2642/1121 1108/2644/1123 1110/2645/1124
f 1108/2644/1123 1107/2642/1121 1109/2643/1122
f 1107/2642/1121 1110/2645/1124 1111/2646/1125
f 1265/2647/1126 1110/2645/1124 1108/2644/1123
f 1108/2644/1123 1109/2643/1122 1112/2648/1127
f 1265/2647/1126 1108/2644/1123 1112/2648/1127
f 1005/2400/930 804/2649/817 1006/2650/1051
f 802/2651/814 1317/2652/1128 1006/2650/1051
f 1005/2400/930 1006/2650/1051 1009/2653/1129
f 1009/2653/1129 1006/2650/1051 1317/2652/1128
f 1113/2654/1113 1115/2655/1130 1156/2656/1131
f 1113/2654/1113 1156/2656/1131 1114/2657/1111
f 1101/2658/1115 1114/2657/1111 1117/2659/1132
f 1115/2660/1130 1113/2661/1113 1101/2658/1115
f 1101/2658/1115 1117/2659/1132 1115/2660/1130
f 1115/2660/1130 1117/2659/1132 1116/2662/1133
f 1118/2663/1134 1116/2662/1133 1117/2659/1132
f 1117/2659/1132 1156/2656/1131 1118/2663/1134
f 1116/2664/1133 1118/2663/1134 1119/2665/1135
f 1104/2666/1112 1120/2667/1136 1103/2668/1116
f 1103/2668/1116 1120/2667/1136 1173/2669/1137
f 1102/2670/1114 1103/2668/1116 1161/2671/1138
f 1102/2670/1114 1161/2671/1138 1173/2672/1137
f 1121/2673/1139 1102/2670/1114 1173/2672/1137
f 1121/2673/1139 1161/2674/1138 1103/2675/1116
f 1173/2676/1137 1162/2677/1140 1103/2675/1116
f 1103/2675/1116 1162/2677/1140 1121/2673/1139
f 1121/2673/1139 1104/2678/1112 1102/2670/1114
f 1120/2679/1136 1104/2678/1112 1122/2680/1141
f 1104/2678/1112 1137/2681/1142 1122/2680/1141
f 1137/2681/1142 1104/2678/1112 1121/2673/1139
f 1137/2681/1142 1121/2673/1139 1120/2682/1136
f 1120/2679/1136 1121/2673/1139 1162/2677/1140
f 1123/2683/1087 936/2684/943 1125/2685/1143
f 1124/2686/1144 1123/2683/1087 1125/2685/1143
f 1127/2687/1145 1125/2685/1143 992/2688/849
f 1126/2689/1146 1127/2687/1145 1227/2690/1147
f 1127/2687/1145 1128/2691/1148 1227/2690/1147
f 1130/2692/1149 1128/2691/1148 1126/2693/1146
f 1253/2694/1150 1126/2689/1146 1227/2690/1147
f 1227/2690/1147 1128/2691/1148 1129/2695/1151
f 1229/2696/1152 1129/2695/1151 1130/2692/1149
f 1130/2692/1149 1129/2695/1151 1128/2691/1148
f 1253/2697/1150 1130/2692/1149 1126/2693/1146
f 1059/2698/1061 907/2699/765 1036/2700/906
f 1059/2698/1061 1036/2700/906 1132/2701/1153
f 1131/2702/1154 1132/2701/1153 1036/2700/906
f 1131/2702/1154 1036/2700/906 909/2703/907
f 909/2703/907 1059/2704/1061 1131/2702/1154
f 1132/2701/1153 1263/2705/1155 1059/2698/1061
f 873/2087/871 870/2086/870 1133/2096/877
f 875/2090/874 1190/2095/876 1133/2096/877
f 1078/2706/1018 984/2707/988 896/2708/896
f 1134/2709/961 950/2710/958 1098/2711/1107
f 950/2710/958 988/2712/992 1098/2711/1107
f 1099/2713/1109 1135/2714/1156 1134/2715/961
f 1134/2715/961 1135/2714/1156 988/2716/992
f 936/2684/943 992/2688/849 1125/2685/1143
f 992/2688/849 1026/2717/1032 1127/2687/1145
f 1127/2687/1145 1026/2717/1032 1128/2718/1148
f 1136/2719/1157 1138/2720/1158 1137/2721/1142
f 1138/2720/1158 1139/2722/1159 1122/2723/1141
f 1138/2720/1158 1122/2723/1141 1137/2721/1142
f 1139/2722/1159 1136/2724/1157 1137/2725/1142
f 1136/2724/1157 1139/2722/1159 1138/2720/1158
f 1139/2722/1159 1137/2725/1142 1120/2726/1136
f 1139/2722/1159 1120/2726/1136 1122/2723/1141
f 92/2727/851 1183/2728/105 1128/2729/1148
f 1026/2730/1032 92/2727/851 1128/2729/1148
f 1141/2731/1160 1127/2732/1145 1140/2733/1161
f 1106/2734/1118 1143/2735/1162 1145/2736/1017
f 1144/2737/1163 1145/2736/1017 1143/2735/1162
f 1144/2737/1163 1143/2735/1162 1146/2738/1164
f 1106/2734/1118 1145/2736/1017 1146/2739/1164
f 1106/2740/1118 1146/2738/1164 1142/2741/1047
f 1143/2735/1162 1041/2742/970 1142/2741/1047
f 1041/2742/970 1143/2735/1162 1106/2734/1118
f 1148/2743/1120 1149/2744/1165 1109/2745/1122
f 1150/2746/1166 1099/2747/1109 1153/2748/1167
f 1099/2747/1109 1150/2746/1166 1135/2749/1156
f 1152/2750/1168 1153/2748/1167 1099/2747/1109
f 1152/2750/1168 1154/2751/1169 1153/2748/1167
f 1150/2746/1166 1154/2751/1169 1152/2750/1168
f 1135/2749/1156 1150/2746/1166 1151/2752/1170
f 1099/2747/1109 1151/2752/1170 1152/2750/1168
f 1151/2752/1170 1150/2746/1166 1152/2750/1168
f 1153/2748/1167 1155/2753/1171 1150/2746/1166
f 1150/2746/1166 1155/2753/1171 1154/2751/1169
f 1153/2748/1167 1154/2751/1169 1220/2754/1172
f 1155/2753/1171 1153/2748/1167 1220/2754/1172
f 1645/2755/1173 1183/2728/105 1491/2756/1174
f 1183/2728/105 1645/2755/1173 1128/2729/1148
f 1117/2659/1132 1114/2657/1111 1156/2656/1131
f 1156/2656/1131 1115/2655/1130 1116/2757/1133
f 1099/2758/1109 989/2613/993 985/2759/989
f 1099/2758/1109 985/2759/989 988/2760/992
f 1099/2761/1109 1134/2762/961 1098/2763/1107
f 1099/2761/1109 988/2764/992 1151/2765/1170
f 988/2764/992 1135/2766/1156 1151/2765/1170
f 1121/2767/1139 1173/2768/1137 1158/2769/1175
f 1225/2770/1176 1121/2767/1139 1158/2769/1175
f 1178/2771/1177 1225/2770/1176 1158/2769/1175
f 1178/2771/1177 1158/2769/1175 1205/2772/1178
f 1158/2769/1175 1173/2768/1137 1159/2773/1179
f 1158/2769/1175 1159/2773/1179 1160/2774/1180
f 1120/2775/1136 1162/2776/1140 1159/2773/1179
f 1121/2777/1139 1225/2778/1176 1157/2779/1181
f 1157/2779/1181 1161/2780/1138 1121/2777/1139
f 1161/2780/1138 1162/2781/1140 1173/2782/1137
f 1163/2783/1182 1162/2781/1140 1161/2780/1138
f 1157/2784/1181 1164/2785/1183 1220/2786/1172
f 1164/2785/1183 1157/2784/1181 1225/2787/1176
f 1088/2788/1097 902/2147/901 1179/2789/1184
f 1179/2789/1184 902/2147/901 1060/2544/1062
f 1060/2544/1062 900/2146/900 1165/2790/1096
f 1034/2480/1043 1032/2474/1039 1033/2479/1042
f 905/2151/903 1092/2603/1099 1166/2602/1101
f 1166/2602/1101 1093/2601/1100 1091/2597/1098
f 905/2151/903 1166/2602/1101 1091/2597/1098
f 1147/2791/1119 1107/2792/1121 1167/2793/1185
f 1296/2794/1186 1109/2795/1122 1149/2796/1165
f 1149/2796/1165 1148/2797/1120 1147/2791/1119
f 1147/2791/1119 1167/2793/1185 1149/2796/1165
f 1149/2796/1165 1167/2793/1185 1295/2798/1187
f 993/2351/998 1168/2799/1000 1169/2800/1106
f 993/2351/998 1169/2800/1106 1170/2352/999
f 1058/2538/1060 1057/2533/1058 1056/2537/1059
f 1171/2801/1188 1172/2802/1189 1159/2803/1179
f 1171/2804/1188 1173/2805/1137 1172/2802/1189
f 1120/2806/1136 1172/2802/1189 1173/2805/1137
f 1172/2802/1189 1120/2806/1136 1159/2803/1179
f 1176/2807/1190 1239/2808/1191 1177/2809/1192
f 1175/2810/1193 1176/2807/1190 1174/2811/1194
f 1176/2807/1190 1177/2809/1192 1174/2811/1194
f 1177/2809/1192 1239/2808/1191 1175/2812/1193
f 1177/2809/1192 1175/2812/1193 1174/2813/1194
f 1155/2753/1171 1225/2814/1176 1178/2815/1177
f 1155/2753/1171 1220/2816/1172 1225/2814/1176
f 1155/2753/1171 1178/2815/1177 1154/2751/1169
f 1154/2751/1169 1178/2815/1177 1220/2817/1172
f 1088/2818/1097 1179/2819/1184 1105/2820/1117
f 1087/2821/1095 1105/2820/1117 1179/2819/1184
f 1060/2822/1062 1181/2823/1195 1179/2819/1184
f 1179/2819/1184 1181/2823/1195 1182/2824/1196
f 1165/2825/1096 1182/2826/1196 1275/2827/1197
f 1060/2822/1062 1165/2825/1096 1275/2827/1197
f 1181/2823/1195 1060/2822/1062 1275/2827/1197
f 1275/2827/1197 1182/2826/1196 1180/2828/1198
f 1180/2828/1198 1182/2826/1196 1181/2829/1195
f 897/2138/894 896/2140/896 983/2830/897
f 1145/2831/1017 984/2832/988 969/2833/976
f 984/2832/988 1145/2831/1017 1144/2834/1163
f 1110/2835/1124 1265/2836/1126 1111/2837/1125
f 1107/2792/1121 1111/2837/1125 1097/2838/1105
f 1097/2838/1105 1167/2793/1185 1107/2792/1121
f 1066/2553/1069 1070/2559/1073 1067/2567/1071
f 1068/2555/1070 1070/2559/1073 1066/2553/1069
f 1184/2839/1041 1033/2840/1042 1186/2841/1199
f 1186/2842/1199 1033/2843/1042 1185/2844/1200
f 1032/2845/1039 1185/2844/1200 1033/2843/1042
f 1185/2844/1200 1032/2845/1039 1184/2839/1041
f 1030/2466/1033 1038/2473/1038 1029/2467/1034
f 1038/2473/1038 1031/2470/1036 1029/2467/1034
f 1188/2846/1201 1187/2847/1202 1189/2848/1203
f 1187/2849/1202 1188/2850/1201 1189/2851/1203
f 873/2852/871 1191/2853/1204 1190/2854/876
f 1133/2855/877 1190/2854/876 1192/2856/1205
f 1133/2855/877 1192/2856/1205 1195/2857/1206
f 1190/2854/876 1191/2853/1204 1192/2856/1205
f 1194/2858/1207 1192/2856/1205 1191/2853/1204
f 1192/2856/1205 1194/2858/1207 1195/2857/1206
f 1194/2858/1207 1316/2859/1208 1195/2857/1206
f 1195/2857/1206 1193/2860/1209 1191/2861/1204
f 1191/2861/1204 873/2862/871 1195/2857/1206
f 896/2863/896 1040/2864/1210 983/2865/897
f 1196/2866/1211 1040/2864/1210 984/2867/988
f 1003/2868/1016 1196/2866/1211 1469/2869/1212
f 1003/2868/1016 1040/2864/1210 1196/2866/1211
f 1040/2864/1210 1003/2868/1016 1197/2870/1015
f 1040/2864/1210 1002/2871/987 983/2865/897
f 1283/2872/1213 1199/2873/1214 1198/2874/1215
f 1053/2875/1057 1200/2876/1216 1050/2877/1055
f 1050/2877/1055 1200/2876/1216 1054/2878/1053
f 1054/2878/1053 1200/2876/1216 1202/2879/1217
f 1053/2875/1057 1054/2878/1053 1202/2879/1217
f 1201/2880/1218 1053/2875/1057 1202/2879/1217
f 1200/2876/1216 1053/2875/1057 1201/2880/1218
f 1200/2876/1216 1201/2880/1218 1203/2881/1219
f 1200/2876/1216 1203/2881/1219 1357/2882/1220
f 1202/2879/1217 1200/2876/1216 1357/2882/1220
f 1357/2882/1220 1358/2883/1221 1202/2879/1217
f 1358/2883/1221 1201/2880/1218 1202/2879/1217
f 1173/2884/1137 1171/2801/1188 1159/2803/1179
f 1204/2885/1222 1162/2886/1140 1163/2887/1182
f 1162/2886/1140 1204/2885/1222 1159/2888/1179
f 1220/2889/1172 1205/2772/1178 1157/2890/1181
f 1157/2890/1181 1205/2772/1178 1158/2769/1175
f 1157/2890/1181 1158/2769/1175 1161/2891/1138
f 1158/2769/1175 1160/2774/1180 1226/2892/1223
f 1163/2887/1182 1161/2893/1138 1206/2894/1224
f 1204/2895/1222 1207/2896/1225 1206/2894/1224
f 1230/2897/1226 1163/2887/1182 1209/2898/1227
f 1209/2898/1227 1163/2887/1182 1206/2894/1224
f 1209/2898/1227 1206/2894/1224 1208/2899/1228
f 1206/2894/1224 1207/2896/1225 1208/2899/1228
f 1087/2821/1095 1179/2819/1184 1182/2824/1196
f 958/2280/966 960/2285/968 1210/2284/969
f 959/2282/967 1210/2284/969 1211/2900/1229
f 1210/2284/969 1212/2901/1230 1213/2902/1231
f 1210/2284/969 1213/2902/1231 1211/2900/1229
f 959/2282/967 1211/2900/1229 960/2283/968
f 960/2283/968 1211/2900/1229 1212/2903/1230
f 1215/2904/1232 1216/2905/1233 1214/2906/1234
f 1146/2907/1164 1214/2906/1234 1216/2905/1233
f 1205/2908/1178 1217/2909/1235 1178/2910/1177
f 1217/2909/1235 1205/2908/1178 1219/2911/1236
f 1219/2911/1236 1218/2912/1237 1217/2909/1235
f 1219/2911/1236 1467/2913/1238 1218/2912/1237
f 1217/2909/1235 1218/2912/1237 1221/2914/1239
f 1221/2914/1239 1369/2915/1240 1219/2916/1236
f 1369/2915/1240 1467/2917/1238 1219/2916/1236
f 1219/2916/1236 1205/2918/1178 1220/2919/1172
f 1221/2914/1239 1219/2916/1236 1220/2919/1172
f 1178/2910/1177 1221/2914/1239 1220/2919/1172
f 1221/2914/1239 1178/2910/1177 1217/2909/1235
f 1220/2920/1172 1164/2921/1183 1222/2922/1241
f 1164/2921/1183 1224/2923/1242 1222/2922/1241
f 1225/2924/1176 1223/2925/1243 1224/2926/1242
f 1223/2925/1243 1225/2924/1176 1222/2922/1241
f 1222/2922/1241 1225/2924/1176 1220/2920/1172
f 1224/2926/1242 1164/2921/1183 1225/2924/1176
f 1206/2927/1224 1161/2928/1138 1158/2929/1175
f 1226/2930/1223 1159/2931/1179 1206/2927/1224
f 1226/2930/1223 1206/2927/1224 1158/2929/1175
f 1228/2932/1244 1227/2933/1147 1229/2934/1152
f 1228/2932/1244 1229/2934/1152 1130/2935/1149
f 1227/2936/1147 1129/2937/1151 1229/2938/1152
f 1204/2939/1222 1230/2940/1226 1231/2941/1245
f 1231/2941/1245 1209/2942/1227 1204/2939/1222
f 1207/2943/1225 1204/2939/1222 1209/2942/1227
f 1163/2944/1182 1230/2940/1226 1204/2939/1222
f 1339/2945/1246 1207/2943/1225 1209/2942/1227
f 1208/2946/1228 1232/2947/1247 1339/2945/1246
f 1232/2947/1247 1208/2946/1228 1233/2948/1248
f 1233/2948/1248 1208/2946/1228 1207/2943/1225
f 1209/2942/1227 1208/2946/1228 1339/2945/1246
f 1230/2897/1226 1209/2898/1227 1231/2949/1245
f 1143/2735/1162 1142/2741/1047 1146/2738/1164
f 1111/2950/1125 1170/2352/999 1097/2951/1105
f 1170/2352/999 1111/2950/1125 1168/2353/1000
f 1097/2952/1105 1170/2953/999 1096/2611/1104
f 1170/2953/999 1169/2609/1106 1096/2611/1104
f 1168/2954/1000 1097/2608/1105 1169/2609/1106
f 1234/2955/1249 1236/2956/1250 1235/2957/1251
f 1237/2958/1252 1236/2956/1250 1234/2955/1249
f 1237/2958/1252 1234/2955/1249 1235/2957/1251
f 1360/2959/1253 1235/2957/1251 1236/2956/1250
f 1238/2960/1254 1239/2808/1191 1176/2807/1190
f 1239/2808/1191 1274/2961/1255 1175/2812/1193
f 1238/2962/1254 1176/2963/1190 1175/2812/1193
f 1241/2964/1256 1254/2965/1257 1240/2966/1258
f 1030/2967/1033 1039/2968/1037 1306/2969/1259
f 1306/2969/1259 1038/2970/1038 1030/2967/1033
f 1242/2971/1260 1038/2970/1038 1306/2969/1259
f 1037/2972/1045 1038/2970/1038 1242/2971/1260
f 1243/2973/1261 1037/2972/1045 1242/2971/1260
f 1306/2969/1259 1037/2974/1045 1243/2975/1261
f 1039/2968/1037 1037/2974/1045 1306/2969/1259
f 1002/2331/987 1356/2387/1014 858/2059/852
f 1244/2976/1262 1051/2977/1054 1053/2978/1057
f 1051/2977/1054 1244/2976/1262 1050/2979/1055
f 1050/2979/1055 1244/2976/1262 1245/2980/1263
f 1245/2980/1263 1053/2978/1057 1050/2979/1055
f 1244/2976/1262 1246/2981/1264 1245/2980/1263
f 1247/2982/1265 1455/2983/1266 1525/2984/1267
f 1246/2981/1264 1247/2985/1265 1525/2984/1267
f 1204/2986/1222 1206/2927/1224 1159/2987/1179
f 1248/2988/1268 1159/2989/1179 1226/2990/1223
f 1159/2989/1179 1248/2988/1268 1160/2991/1180
f 1160/2991/1180 1248/2988/1268 1379/2992/1269
f 1226/2990/1223 1160/2991/1180 1379/2992/1269
f 1379/2992/1269 1248/2988/1268 1249/2993/1270
f 1250/2994/1271 1249/2993/1270 1248/2988/1268
f 1250/2994/1271 1248/2988/1268 1226/2990/1223
f 1250/2994/1271 1226/2990/1223 1379/2992/1269
f 1379/2995/1269 1249/2993/1270 1505/2996/1272
f 1249/2993/1270 1251/2997/1273 1505/2996/1272
f 1251/2997/1273 1250/2994/1271 1252/2998/1274
f 1250/2994/1271 1379/2992/1269 1252/2998/1274
f 1227/2999/1147 1228/3000/1244 1253/3001/1150
f 1228/3000/1244 1130/3002/1149 1253/3001/1150
f 1087/3003/1095 1182/3004/1196 1165/2790/1096
f 1240/3005/1258 1254/3006/1257 1241/3007/1256
f 1195/3008/1206 873/2087/871 1133/2096/877
f 1256/3009/1108 1255/3010/1275 1099/3011/1109
f 1099/3011/1109 1255/3010/1275 1100/3012/1110
f 1100/3013/1110 1255/3014/1275 1258/3015/1276
f 1255/3014/1275 1256/3009/1108 1258/3015/1276
f 1258/3015/1276 1256/3009/1108 1257/3016/1277
f 1256/3009/1108 1100/3013/1110 1257/3016/1277
f 1258/3015/1276 1259/3017/1278 1100/3013/1110
f 1100/3013/1110 1259/3017/1278 1257/3016/1277
f 1131/2702/1154 1059/2704/1061 1262/3018/1279
f 1262/3019/1279 1059/2698/1061 1263/2705/1155
f 1262/3018/1279 1330/3020/1280 1132/2701/1153
f 1330/3020/1280 1263/2705/1155 1132/2701/1153
f 1291/3021/1281 1111/3022/1125 1265/3023/1126
f 1291/3021/1281 1168/3024/1000 1111/3022/1125
f 1264/3025/1282 1097/2838/1105 1168/3024/1000
f 1281/3026/1283 1266/3027/1284 1260/3028/1285
f 1281/3029/1283 1260/3030/1285 1261/3031/1286
f 1262/3018/1279 1132/2701/1153 1131/2702/1154
f 984/2832/988 1040/3032/1210 896/3033/896
f 1238/2962/1254 1175/2812/1193 1274/2961/1255
f 1268/3034/1287 1239/2808/1191 1238/2960/1254
f 1268/3034/1287 1274/2961/1255 1239/2808/1191
f 1268/3034/1287 1238/2960/1254 1272/3035/1288
f 1268/3034/1287 1272/3035/1288 1269/3036/1289
f 1270/3037/1290 1269/3036/1289 1271/3038/1291
f 1272/3039/1288 1273/3040/1292 1269/3041/1289
f 1273/3040/1292 1271/3042/1291 1269/3041/1289
f 1272/3039/1288 1270/3037/1290 1271/3038/1291
f 1272/3039/1288 1238/3043/1254 1270/3037/1290
f 1270/3037/1290 1238/3043/1254 1274/2961/1255
f 1268/3034/1287 1270/3037/1290 1274/2961/1255
f 1270/3037/1290 1268/3034/1287 1269/3036/1289
f 1180/3044/1198 1181/3045/1195 1280/3046/1293
f 1276/3047/1294 1277/3048/1295 1180/3044/1198
f 1277/3048/1295 1278/3049/1296 1279/3050/1297
f 1278/3049/1296 1277/3048/1295 1276/3047/1294
f 1180/3051/1198 1277/3052/1295 1275/3053/1197
f 1280/3046/1293 1275/3053/1197 1277/3054/1295
f 1181/3045/1195 1275/3053/1197 1280/3046/1293
f 1281/3055/1283 1184/3056/1041 1266/3057/1284
f 1184/3056/1041 1281/3055/1283 1185/3058/1200
f 1282/3059/1298 1266/3060/1284 1186/3061/1199
f 1282/3059/1298 1186/3061/1199 1185/3058/1200
f 1281/3055/1283 1282/3059/1298 1185/3058/1200
f 1184/3062/1041 1186/3063/1199 1266/3064/1284
f 1261/3065/1286 1260/3028/1285 1267/3066/1299
f 1266/3027/1284 1267/3066/1299 1260/3028/1285
f 1281/3067/1283 1261/3068/1286 1267/3069/1299
f 1281/3067/1283 1267/3069/1299 1282/3070/1298
f 1282/3071/1298 1267/3072/1299 1266/3073/1284
f 1285/3074/1300 1283/3075/1213 1284/3076/1301
f 1285/3077/1300 1286/3078/1302 1283/3079/1213
f 1199/3080/1214 1283/3079/1213 1286/3078/1302
f 1199/3080/1214 1286/3078/1302 1287/3081/1303
f 1284/3076/1301 1283/3075/1213 1287/3081/1303
f 1284/3076/1301 1287/3081/1303 1286/3078/1302
f 1198/3082/1215 1199/3080/1214 1287/3081/1303
f 1198/3082/1215 1287/3081/1303 1283/3075/1213
f 976/3083/978 973/3084/977 1288/3085/982
f 1112/3086/1127 1109/3087/1122 1296/3088/1186
f 1289/3089/1304 1112/3086/1127 1296/3088/1186
f 1265/3023/1126 1290/3090/1305 1291/3021/1281
f 1289/3089/1304 1265/3023/1126 1112/3086/1127
f 1265/3023/1126 1289/3089/1304 1290/3090/1305
f 1292/3091/1306 1264/3025/1282 1291/3021/1281
f 1388/3092/1307 1289/3089/1304 1293/3093/1308
f 1293/3093/1308 1289/3089/1304 1296/3088/1186
f 1289/3089/1304 1388/3092/1307 1290/3090/1305
f 1292/3091/1306 1291/3021/1281 1290/3090/1305
f 1193/3094/1209 1002/3095/987 1294/3096/1309
f 1002/3095/987 1040/3097/1210 1294/3096/1309
f 1193/3094/1209 1294/3096/1309 1191/2853/1204
f 1194/2858/1207 1191/2853/1204 1294/3096/1309
f 1194/2858/1207 1040/3097/1210 1316/2859/1208
f 1316/2859/1208 1002/3098/987 1193/2860/1209
f 1002/3098/987 1316/2859/1208 1197/3099/1015
f 1040/3097/1210 1197/3099/1015 1316/2859/1208
f 1294/3096/1309 1040/3097/1210 1194/2858/1207
f 1168/3024/1000 1291/3021/1281 1264/3025/1282
f 1097/2838/1105 1264/3025/1282 1295/2798/1187
f 1097/2838/1105 1295/2798/1187 1167/2793/1185
f 1299/3100/1310 1297/3101/1311 1298/3102/1312
f 1299/3103/1310 1298/3102/1312 1297/3101/1311
f 1119/3104/1135 1156/3105/1131 1116/3106/1133
f 1125/3107/1143 1375/3108/1313 1300/3109/1314
f 1300/3109/1314 1375/3108/1313 1439/3110/1091
f 1375/3108/1313 1125/3107/1143 1127/2732/1145
f 1127/2732/1145 1126/3111/1146 1140/2733/1161
f 1140/2733/1161 1126/3111/1146 1645/2755/1173
f 1645/2755/1173 1126/3111/1146 1128/2729/1148
f 1302/3112/1315 1303/3113/1316 1301/3114/1317
f 1304/3115/1088 1124/3116/1144 1305/3117/1318
f 1306/2969/1259 1243/2975/1261 1308/3118/1319
f 1306/2969/1259 1308/3118/1319 1242/2971/1260
f 1243/2973/1261 1242/2971/1260 1307/3119/1320
f 1308/3118/1319 1243/3120/1261 1309/3121/1321
f 1307/3119/1320 1310/3122/1322 1243/2973/1261
f 1212/2901/1230 1210/2284/969 960/2285/968
f 1213/2902/1231 1311/3123/1323 1211/2900/1229
f 1311/3123/1323 1213/2902/1231 1212/2901/1230
f 1315/3124/1324 1311/3123/1323 1212/2901/1230
f 1314/3125/1325 1312/3126/1326 1313/3127/1327
f 1314/3125/1325 1313/3127/1327 1499/3128/1328
f 1312/3126/1326 1314/3125/1325 1315/3124/1324
f 1315/3124/1324 1314/3125/1325 1492/3129/1329
f 1315/3124/1324 1492/3129/1329 1311/3123/1323
f 1212/2901/1230 1312/3126/1326 1315/3124/1324
f 1263/2705/1155 1334/3130/1330 1262/3019/1279
f 1334/3130/1330 1330/3131/1280 1262/3019/1279
f 1195/2857/1206 1316/2859/1208 1193/2860/1209
f 1008/3132/1021 1317/2652/1128 802/2651/814
f 1300/3133/1314 1304/3134/1088 1318/3135/1331
f 1304/3134/1088 1305/3136/1318 1318/3135/1331
f 1318/3135/1331 1125/3137/1143 1300/3133/1314
f 1318/3135/1331 1320/3138/1332 1125/3137/1143
f 1305/3136/1318 1319/3139/1333 1318/3135/1331
f 1319/3139/1333 1305/3136/1318 1348/3140/1334
f 1319/3139/1333 1320/3138/1332 1318/3135/1331
f 1302/3141/1315 1301/3142/1317 1303/3143/1316
f 1321/3144/1335 1325/3145/1336 1322/3146/1337
f 1325/3145/1336 1323/3147/1338 1322/3146/1337
f 1323/3147/1338 1324/3148/1339 1322/3146/1337
f 1326/3149/1340 1674/3150/1341 1328/3151/1342
f 1326/3149/1340 1328/3151/1342 1324/3148/1339
f 1329/3152/1343 1327/3153/1344 1326/3154/1340
f 1674/3150/1341 1329/3152/1343 1328/3151/1342
f 1331/3155/1345 1330/3156/1280 1334/3157/1330
f 1330/3156/1280 1331/3155/1345 1332/3158/1346
f 1263/3159/1155 1330/3156/1280 1332/3158/1346
f 1333/3160/1347 1263/3159/1155 1332/3158/1346
f 1263/3159/1155 1333/3160/1347 1334/3161/1330
f 1333/3160/1347 1332/3158/1346 1196/3162/1211
f 1215/3163/1232 1196/3162/1211 1331/3155/1345
f 1334/3157/1330 1215/3163/1232 1331/3155/1345
f 1332/3158/1346 1331/3155/1345 1196/3162/1211
f 1216/3164/1233 1334/3165/1330 1333/3166/1347
f 1215/3167/1232 1334/3165/1330 1216/3164/1233
f 1216/3164/1233 1333/3166/1347 1196/3168/1211
f 1264/3025/1282 1384/3169/1348 1295/2798/1187
f 1296/2794/1186 1335/3170/1349 1293/3171/1308
f 1295/2798/1187 1384/3169/1348 1335/3170/1349
f 1384/3169/1348 1264/3025/1282 1292/3091/1306
f 1337/3172/1350 1384/3169/1348 1336/3173/1351
f 1336/3173/1351 1335/3174/1349 1338/3175/1352
f 1337/3172/1350 1335/3170/1349 1384/3169/1348
f 1339/3176/1246 1233/3177/1248 1207/3178/1225
f 984/3179/988 1144/3180/1163 1146/2907/1164
f 984/3179/988 1146/2907/1164 1196/3181/1211
f 1145/3182/1017 850/3183/847 1146/2907/1164
f 970/3184/975 850/3183/847 1145/3182/1017
f 850/3183/847 1214/2906/1234 1146/2907/1164
f 1146/2907/1164 1216/2905/1233 1196/3181/1211
f 1340/3185/1353 1342/3186/1354 1341/3187/1355
f 1342/3186/1354 1340/3185/1353 1343/3188/1356
f 1342/3186/1354 1500/3189/1357 1341/3187/1355
f 1500/3189/1357 1343/3190/1356 1341/3187/1355
f 1341/3187/1355 1343/3190/1356 1340/3191/1353
f 1119/3192/1135 1118/3193/1134 1156/3194/1131
f 1124/3116/1144 1344/3195/1358 1305/3117/1318
f 1305/3196/1318 1344/3197/1358 1347/3198/1359
f 1347/3198/1359 1344/3197/1358 1345/3199/1360
f 1345/3199/1360 1344/3200/1358 1346/3201/1361
f 1347/3198/1359 1345/3199/1360 1346/3201/1361
f 1346/3201/1361 1349/3202/1362 1348/3203/1334
f 1322/3146/1337 1324/3148/1339 1321/3204/1335
f 1321/3204/1335 1324/3148/1339 1325/3205/1336
f 1326/3154/1340 1323/3206/1338 1325/3205/1336
f 1329/3152/1343 1326/3154/1340 1325/3205/1336
f 1329/3152/1343 1325/3205/1336 1328/3151/1342
f 1328/3151/1342 1325/3205/1336 1324/3148/1339
f 1326/3149/1340 1324/3148/1339 1323/3147/1338
f 1351/3207/1363 1350/3208/1364 1352/3209/1365
f 1352/3209/1365 1392/3210/1366 1355/3211/1367
f 1355/3212/1367 1392/3210/1366 1391/3213/1368
f 1353/3214/1369 1350/3215/1364 1351/3216/1363
f 1351/3216/1363 1352/3217/1365 1355/3218/1367
f 1354/3219/1370 1351/3216/1363 1355/3218/1367
f 1353/3214/1369 1351/3216/1363 1354/3219/1370
f 1356/3220/1014 1002/3221/987 1003/3222/1016
f 1203/3223/1219 1201/3224/1218 1358/3225/1221
f 1357/3226/1220 1454/3227/1371 1358/3225/1221
f 1358/3225/1221 1454/3227/1371 1453/3228/1372
f 1359/3229/1373 1358/3225/1221 1453/3228/1372
f 1454/3227/1371 1203/3223/1219 1359/3229/1373
f 1357/3226/1220 1203/3223/1219 1454/3227/1371
f 1359/3229/1373 1203/3223/1219 1358/3225/1221
f 1124/3116/1144 1125/3230/1143 1320/3231/1332
f 1236/3232/1250 1237/3233/1252 1360/3234/1253
f 1237/3233/1252 1235/3235/1251 1362/3236/1374
f 1235/3235/1251 1360/3234/1253 1362/3236/1374
f 1565/3237/1375 1361/3238/1376 1237/3233/1252
f 1565/3237/1375 1237/3233/1252 1362/3236/1374
f 1362/3236/1374 1360/3234/1253 1361/3238/1376
f 1361/3238/1376 1360/3234/1253 1237/3233/1252
f 1124/3239/1144 1320/3138/1332 1344/3240/1358
f 1363/3241/1377 1233/3177/1248 1339/3176/1246
f 1233/3242/1248 1364/3243/1378 1232/3244/1247
f 1339/3176/1246 1364/3243/1378 1363/3241/1377
f 1365/3245/1379 1364/3243/1378 1233/3242/1248
f 1365/3245/1379 1233/3177/1248 1363/3246/1377
f 1451/3247/1380 1366/3248/1381 1352/3249/1365
f 1451/3247/1380 1352/3249/1365 1350/3250/1364
f 1367/3251/1382 1451/3247/1380 1353/3252/1369
f 1366/3248/1381 1451/3247/1380 1418/3253/1383
f 1353/3252/1369 1354/3254/1370 1421/3255/1384
f 1353/3252/1369 1421/3255/1384 1367/3251/1382
f 1368/3256/1385 1369/3257/1240 1218/3258/1237
f 1221/3259/1239 1218/3258/1237 1369/3257/1240
f 1218/3260/1237 1466/3261/1386 1368/3256/1385
f 1466/3261/1386 1369/3257/1240 1368/3256/1385
f 1372/3262/1387 1371/3263/1388 1370/3264/1389
f 1223/3265/1243 1222/3266/1241 1448/3267/1390
f 1448/3267/1390 1222/3266/1241 1373/3268/1391
f 1373/3268/1391 1223/3269/1243 1374/3270/1392
f 1373/3268/1391 1224/3271/1242 1223/3269/1243
f 1224/3271/1242 1373/3268/1391 1222/3266/1241
f 1312/3272/1326 1212/2903/1230 1211/2900/1229
f 1313/3273/1327 1312/3272/1326 1211/2900/1229
f 1313/3273/1327 1211/2900/1229 1492/3129/1329
f 1311/3123/1323 1492/3129/1329 1211/2900/1229
f 1350/3250/1364 1353/3252/1369 1451/3247/1380
f 1308/3118/1319 1307/3119/1320 1242/2971/1260
f 1375/3108/1313 1127/2732/1145 1141/2731/1160
f 1372/3274/1387 1370/3275/1389 1371/3276/1388
f 1180/3044/1198 1280/3046/1293 1276/3047/1294
f 1279/3277/1297 1280/3046/1293 1277/3054/1295
f 1276/3047/1294 1280/3046/1293 1279/3277/1297
f 1005/3278/930 1009/3279/1129 1011/3280/1022
f 1008/3281/1021 1377/3282/1024 1376/3283/1393
f 1013/3284/1023 1012/3285/1019 1642/3286/1394
f 1642/3286/1394 1012/3285/1019 1011/3280/1022
f 1378/3287/1395 1011/3280/1022 1009/3279/1129
f 1009/3279/1129 1317/3288/1128 1378/3287/1395
f 1317/3288/1128 1008/3289/1021 1376/3290/1393
f 1378/3287/1395 1642/3286/1394 1011/3280/1022
f 1642/3286/1394 1377/3282/1024 1013/3284/1023
f 1335/3170/1349 1296/2794/1186 1149/2796/1165
f 1335/3170/1349 1149/2796/1165 1295/2798/1187
f 1339/3176/1246 1232/3244/1247 1364/3243/1378
f 1349/3291/1362 1344/3240/1358 1320/3138/1332
f 1344/3240/1358 1349/3291/1362 1346/3292/1361
f 1320/3138/1332 1319/3139/1333 1349/3293/1362
f 1319/3139/1333 1348/3140/1334 1349/3293/1362
f 1249/2993/1270 1250/2994/1271 1251/2997/1273
f 1416/3294/1396 1352/3249/1365 1366/3248/1381
f 1381/3295/1397 1383/3296/1398 1380/3297/1399
f 1383/3296/1398 1382/3298/1400 1380/3297/1399
f 1384/3299/1348 1292/3300/1306 1382/3298/1400
f 1384/3299/1348 1382/3298/1400 1383/3296/1398
f 1461/3301/1401 1383/3296/1398 1292/3302/1306
f 1385/3303/1402 1384/3299/1348 1383/3296/1398
f 1383/3296/1398 1386/3304/1403 1385/3303/1402
f 1383/3296/1398 1461/3301/1401 1386/3304/1403
f 1387/3305/1404 1386/3304/1403 1461/3301/1401
f 1292/3302/1306 1290/3306/1305 1461/3301/1401
f 1292/3302/1306 1383/3296/1398 1381/3295/1397
f 1389/3307/1405 1382/3298/1400 1292/3300/1306
f 1292/3300/1306 1381/3308/1397 1389/3307/1405
f 1389/3307/1405 1380/3297/1399 1382/3298/1400
f 1141/2731/1160 1085/3309/1089 1375/3108/1313
f 1346/3201/1361 1348/3203/1334 1347/3198/1359
f 1392/3310/1366 1352/3311/1365 1416/3312/1396
f 1392/3310/1366 1416/3312/1396 1390/3313/1406
f 1392/3310/1366 1390/3313/1406 1391/3314/1368
f 1417/3315/1407 1391/3314/1368 1390/3313/1406
f 1355/3316/1367 1391/3317/1368 1417/3318/1407
f 1417/3318/1407 1354/3319/1370 1355/3316/1367
f 1072/3320/1075 1069/3321/1072 1393/3322/1408
f 1072/3320/1075 1393/3322/1408 1394/3323/1078
f 1393/3322/1408 1069/3321/1072 1067/3324/1071
f 1393/3322/1408 1067/3324/1071 1395/3325/1409
f 1067/3326/1071 1394/3323/1078 1395/3327/1409
f 1395/3328/1409 1394/3323/1078 1396/3329/1410
f 1395/3328/1409 1396/3329/1410 1399/3330/1411
f 1399/3330/1411 1396/3329/1410 1397/3331/1412
f 1397/3331/1412 1398/3332/1413 1780/3333/1414
f 1395/3325/1409 1399/3334/1411 1398/3332/1413
f 1395/3325/1409 1398/3332/1413 1393/3322/1408
f 1393/3322/1408 1398/3332/1413 1394/3323/1078
f 1397/3331/1412 1396/3329/1410 1398/3332/1413
f 1396/3329/1410 1394/3323/1078 1398/3332/1413
f 1400/3335/1415 1380/3336/1399 1389/3337/1405
f 1788/3338/1416 1400/3335/1415 1401/3339/1417
f 1401/3339/1417 1400/3335/1415 1389/3337/1405
f 1403/3340/1418 1401/3339/1417 1404/3341/1419
f 1401/3339/1417 1389/3337/1405 1404/3341/1419
f 1403/3340/1418 1404/3341/1419 1402/3342/1420
f 1403/3340/1418 1402/3342/1420 1605/3343/1421
f 1560/3344/1422 1402/3342/1420 1404/3341/1419
f 1560/3344/1422 1758/3345/1423 1402/3342/1420
f 1405/3346/1424 1404/3341/1419 1389/3337/1405
f 1245/2980/1263 1247/2985/1265 1053/2978/1057
f 1053/2978/1057 1247/2985/1265 1244/2976/1262
f 1247/2985/1265 1245/2980/1263 1455/3347/1266
f 1244/2976/1262 1247/2985/1265 1246/2981/1264
f 1408/3348/1425 1407/3349/1426 1409/3350/1427
f 1408/3348/1425 1409/3350/1427 1410/3351/1428
f 1411/3352/1429 1141/3353/1160 1140/3354/1161
f 1408/3348/1425 1141/3353/1160 1407/3349/1426
f 1141/3353/1160 1411/3352/1429 1407/3349/1426
f 1412/3355/1430 1408/3348/1425 1410/3351/1428
f 1410/3351/1428 1411/3356/1429 1140/3357/1161
f 1412/3355/1430 1410/3351/1428 1140/3357/1161
f 1411/3356/1429 1413/3358/1431 1407/3359/1426
f 1411/3356/1429 1410/3351/1428 1413/3358/1431
f 1409/3350/1427 1413/3358/1431 1410/3351/1428
f 1223/3360/1243 1448/3361/1390 1414/3362/1432
f 1415/3363/1433 1374/3364/1392 1223/3360/1243
f 1374/3364/1392 1414/3365/1432 1448/3366/1390
f 1305/3136/1318 1347/3367/1359 1348/3140/1334
f 1390/3313/1406 1420/3368/1434 1417/3315/1407
f 1419/3369/1435 1354/3370/1370 1417/3315/1407
f 1354/3370/1370 1419/3369/1435 1421/3371/1384
f 1413/3372/1431 1409/3373/1427 1407/3374/1426
f 1417/3315/1407 1420/3368/1434 1419/3369/1435
f 1429/3375/1436 1421/3371/1384 1612/3376/1437
f 1429/3375/1436 1612/3376/1437 1428/3377/1438
f 1498/3378/1439 1428/3379/1438 1612/3376/1437
f 1498/3378/1439 1423/3380/1440 1422/3381/1441
f 1424/3382/1442 1422/3381/1441 1423/3380/1440
f 1424/3382/1442 1423/3380/1440 1425/3383/1443
f 1426/3384/1444 1589/3385/1445 1425/3383/1443
f 1426/3384/1444 1427/3386/1446 1497/3387/1447
f 1497/3387/1447 1427/3386/1446 1430/3388/1448
f 1418/3389/1383 1429/3390/1436 1428/3391/1438
f 1416/3312/1396 1430/3388/1448 1427/3386/1446
f 1427/3386/1446 1390/3313/1406 1416/3312/1396
f 1390/3313/1406 1426/3384/1444 1420/3368/1434
f 1310/3392/1322 1309/3393/1321 1243/3394/1261
f 1307/3395/1320 1308/3396/1319 1309/3393/1321
f 1307/3395/1320 1309/3393/1321 1452/3397/1449
f 1452/3397/1449 1309/3393/1321 1472/3398/1450
f 1511/3399/1451 1406/3400/1452 1431/3401/1453
f 1085/3402/1089 1432/3403/1454 1086/3404/1090
f 1412/3405/1430 1432/3403/1454 1085/3402/1089
f 1432/3403/1454 1412/3405/1430 1433/3406/1455
f 1432/3403/1454 1433/3406/1455 1436/3407/1456
f 1085/3402/1089 1141/3408/1160 1412/3405/1430
f 1412/3405/1430 1140/3409/1161 1433/3406/1455
f 1140/3409/1161 1804/3410/1457 1433/3406/1455
f 1433/3406/1455 1434/3411/1458 1435/3412/1459
f 1433/3406/1455 1435/3412/1459 1436/3407/1456
f 1437/3413/1460 1086/3404/1090 1432/3403/1454
f 1432/3403/1454 1436/3407/1456 1437/3413/1460
f 1436/3407/1456 1086/3404/1090 1437/3413/1460
f 1141/3353/1160 1408/3348/1425 1412/3355/1430
f 1375/3414/1313 1440/3415/1461 1438/3416/1462
f 1375/3414/1313 1438/3416/1462 1439/3417/1091
f 1446/3418/1463 1439/3417/1091 1438/3416/1462
f 1445/3419/1464 1438/3416/1462 1440/3415/1461
f 1438/3416/1462 1445/3419/1464 1446/3418/1463
f 1440/3415/1461 1442/3420/1465 1445/3419/1464
f 1446/3418/1463 1445/3419/1464 1441/3421/1466
f 1442/3422/1465 1446/3418/1463 1441/3421/1466
f 1442/3422/1465 1441/3421/1466 1443/3423/1467
f 1441/3421/1466 1445/3419/1464 1444/3424/1468
f 1501/3425/1469 1445/3419/1464 1442/3420/1465
f 1443/3426/1467 1501/3425/1469 1442/3420/1465
f 1439/3417/1091 1446/3418/1463 1085/3427/1089
f 1085/3427/1089 1446/3418/1463 1375/3428/1313
f 1446/3418/1463 1440/3429/1461 1375/3428/1313
f 1440/3429/1461 1446/3418/1463 1442/3422/1465
f 1447/3430/1470 1223/3431/1243 1414/3432/1432
f 1223/3433/1243 1447/3430/1470 1415/3434/1433
f 1414/3435/1432 1415/3434/1433 1668/3436/1471
f 1668/3436/1471 1415/3434/1433 1644/3437/1472
f 1729/3438/1473 1644/3437/1472 1447/3430/1470
f 1447/3430/1470 1644/3437/1472 1415/3434/1433
f 1668/3439/1471 1447/3430/1470 1414/3440/1432
f 1374/3441/1392 1449/3442/1474 1373/3443/1391
f 1373/3443/1391 1449/3442/1474 1448/3444/1390
f 1374/3445/1392 1448/3444/1390 1450/3446/1475
f 1449/3442/1474 1374/3441/1392 1450/3447/1475
f 1448/3444/1390 1449/3442/1474 1832/3448/1476
f 1450/3446/1475 1448/3444/1390 1832/3448/1476
f 1418/3389/1383 1451/3449/1380 1429/3390/1436
f 1366/3450/1381 1430/3388/1448 1416/3312/1396
f 1428/3391/1438 1430/3388/1448 1418/3389/1383
f 1367/3451/1382 1421/3452/1384 1429/3390/1436
f 1428/3391/1438 1497/3387/1447 1430/3388/1448
f 1309/3453/1321 1310/3454/1322 1472/3455/1450
f 1310/3454/1322 1452/3397/1449 1473/3456/1477
f 1307/3395/1320 1452/3397/1449 1310/3454/1322
f 1245/3457/1263 1246/3458/1264 1453/3459/1372
f 1453/3459/1372 1246/3458/1264 1455/3460/1266
f 1455/3460/1266 1454/3461/1371 1359/3462/1373
f 1359/3462/1373 1453/3459/1372 1455/3460/1266
f 1454/3461/1371 1455/3460/1266 1245/3457/1263
f 1453/3459/1372 1454/3461/1371 1245/3457/1263
f 1404/3463/1419 1405/3464/1424 1456/3465/1478
f 1404/3466/1419 1381/3467/1397 1380/3468/1399
f 1404/3466/1419 1380/3468/1399 1400/3469/1415
f 1404/3466/1419 1457/3470/1479 1381/3467/1397
f 1381/3467/1397 1457/3470/1479 1458/3471/1480
f 1381/3467/1397 1458/3471/1480 1389/3472/1405
f 1405/3464/1424 1389/3472/1405 1458/3471/1480
f 1458/3471/1480 1457/3470/1479 1459/3473/1481
f 1460/3474/1482 1458/3471/1480 1459/3473/1481
f 1378/3287/1395 1317/3288/1128 1461/3475/1401
f 1461/3475/1401 1317/3288/1128 1376/3290/1393
f 1463/3476/1483 1257/3477/1277 1259/3478/1278
f 1259/3478/1278 1258/3479/1276 1462/3480/1484
f 1258/3479/1276 1257/3477/1277 1463/3476/1483
f 1258/3479/1276 1463/3476/1483 1462/3480/1484
f 1462/3480/1484 1464/3481/1485 1259/3478/1278
f 1463/3476/1483 1259/3478/1278 1464/3481/1485
f 1463/3476/1483 1464/3481/1485 1465/3482/1486
f 1464/3481/1485 1462/3480/1484 1465/3482/1486
f 1466/3483/1386 1218/3484/1237 1468/3485/1487
f 1466/3483/1386 1467/3486/1238 1369/3487/1240
f 1468/3485/1487 1467/3486/1238 1466/3483/1386
f 1218/3484/1237 1467/3486/1238 1468/3485/1487
f 1469/3488/1212 1196/3489/1211 1215/3490/1232
f 1469/3488/1212 1004/3491/1488 1003/3492/1016
f 1472/3493/1450 1470/3494/1489 1471/3495/1490
f 1470/3494/1489 1472/3493/1450 1469/3488/1212
f 1469/3496/1212 1473/3497/1477 1471/3495/1490
f 1473/3497/1477 1469/3496/1212 1472/3498/1450
f 1472/3498/1450 1310/3499/1322 1473/3497/1477
f 1473/3497/1477 1452/3500/1449 1471/3495/1490
f 1471/3495/1490 1452/3500/1449 1472/3493/1450
f 1475/3501/1491 1474/3502/1492 1476/3503/1493
f 1475/3501/1491 1477/3504/1494 1474/3502/1492
f 1474/3502/1492 1477/3504/1494 1476/3503/1493
f 1480/3505/1495 1479/3506/1496 1478/3507/1497
f 1478/3508/1497 1479/3506/1496 1480/3505/1495
f 1429/3390/1436 1451/3449/1380 1367/3451/1382
f 1418/3389/1383 1430/3388/1448 1366/3450/1381
f 1484/3509/1498 1482/3510/1499 1481/3511/1500
f 1483/3512/1501 1481/3511/1500 1482/3510/1499
f 1483/3512/1501 1482/3510/1499 1487/3513/1502
f 1485/3514/1503 1482/3510/1499 1484/3509/1498
f 1484/3509/1498 1483/3515/1501 1485/3514/1503
f 1485/3514/1503 1486/3516/1504 1482/3510/1499
f 1487/3513/1502 1482/3510/1499 1486/3516/1504
f 1488/3517/1505 1486/3516/1504 1489/3518/1506
f 1490/3519/1507 1356/3220/1014 1003/3222/1016
f 1491/3520/1174 1356/3220/1014 1490/3519/1507
f 1003/3222/1016 1004/3521/1488 1490/3519/1507
f 1490/3519/1507 1004/3521/1488 1778/3522/1508
f 1415/3523/1433 1414/3524/1432 1374/3525/1392
f 1494/3526/1509 1493/3527/1510 1495/3528/1511
f 1495/3528/1511 1493/3527/1510 1496/3529/1512
f 1496/3529/1512 1493/3527/1510 1494/3526/1509
f 1428/3530/1438 1335/3531/1349 1336/3532/1351
f 1384/3299/1348 1428/3530/1438 1336/3532/1351
f 1428/3530/1438 1384/3299/1348 1497/3533/1447
f 1384/3299/1348 1385/3303/1402 1497/3533/1447
f 1293/3534/1308 1335/3531/1349 1428/3530/1438
f 1293/3534/1308 1428/3530/1438 1498/3535/1439
f 1313/3273/1327 1492/3129/1329 1499/3128/1328
f 1314/3125/1325 1499/3128/1328 1492/3129/1329
f 1511/3536/1451 1343/3537/1356 1500/3538/1357
f 1431/3539/1453 1343/3537/1356 1511/3536/1451
f 1342/3540/1354 1512/3541/1513 1500/3538/1357
f 1443/3542/1467 1441/3543/1466 1444/3544/1468
f 1501/3545/1469 1444/3544/1468 1445/3546/1464
f 1444/3544/1468 1501/3545/1469 1859/3547/1514
f 1444/3544/1468 1859/3547/1514 1503/3548/1515
f 1501/3549/1469 1443/3542/1467 1502/3550/1516
f 1502/3550/1516 1443/3542/1467 1503/3548/1515
f 1502/3550/1516 1503/3548/1515 1504/3551/1517
f 1859/3547/1514 1504/3551/1517 1503/3548/1515
f 1502/3552/1516 1859/3547/1514 1501/3545/1469
f 1444/3544/1468 1503/3548/1515 1443/3542/1467
f 1252/3553/1274 1379/3554/1269 1505/3555/1272
f 1506/3556/1518 1505/3557/1272 1507/3558/1519
f 1251/3559/1273 1506/3560/1518 1508/3561/1520
f 1251/3559/1273 1508/3561/1520 1505/3557/1272
f 1505/3557/1272 1508/3561/1520 1507/3558/1519
f 1509/3562/1521 1508/3561/1520 1506/3560/1518
f 1285/3563/1300 1510/3564/1522 1286/3565/1302
f 1510/3564/1522 1636/3566/1523 1286/3565/1302
f 1286/3565/1302 1636/3566/1523 1284/3567/1301
f 1342/3568/1354 1431/3569/1453 1512/3570/1513
f 1343/3571/1356 1431/3569/1453 1342/3568/1354
f 1511/3572/1451 1500/3573/1357 1512/3570/1513
f 1992/3574/1524 1513/3575/1525 1511/3572/1451
f 1406/3576/1452 1511/3572/1451 1513/3575/1525
f 1431/3569/1453 1406/3577/1452 1513/3575/1525
f 1460/3578/1482 1456/3579/1478 1405/3580/1424
f 1460/3578/1482 1405/3580/1424 1458/3581/1480
f 1456/3579/1478 1460/3578/1482 1459/3582/1481
f 1456/3579/1478 1514/3583/1526 1457/3584/1479
f 1337/3585/1350 1338/3586/1352 1335/3587/1349
f 1519/3588/1527 1516/3589/1528 1517/3590/1529
f 1524/3591/1530 1517/3590/1529 1753/3592/1531
f 1524/3591/1530 1519/3593/1527 1517/3594/1529
f 1524/3591/1530 1516/3589/1528 1520/3595/1532
f 1520/3595/1532 1516/3589/1528 1519/3588/1527
f 1524/3596/1530 1518/3597/1533 1521/3598/1534
f 1518/3597/1533 1524/3596/1530 1520/3599/1532
f 1519/3600/1527 1524/3601/1530 1521/3602/1534
f 1520/3599/1532 1519/3600/1527 1521/3602/1534
f 1520/3599/1532 1521/3602/1534 1523/3603/1535
f 1520/3599/1532 1523/3603/1535 1518/3597/1533
f 1521/3602/1534 1522/3604/1536 1547/3605/1537
f 1521/3602/1534 1547/3605/1537 1523/3603/1535
f 1522/3604/1536 1521/3606/1534 1518/3597/1533
f 1522/3604/1536 1518/3597/1533 1523/3603/1535
f 1560/3344/1422 1404/3341/1419 1400/3607/1415
f 1455/3608/1266 1246/3609/1264 1526/3610/1538
f 1455/3608/1266 1526/3610/1538 1525/3611/1267
f 1527/3612/1539 1246/3609/1264 1525/3611/1267
f 1528/3613/1540 1525/3611/1267 1526/3610/1538
f 1456/3614/1478 1529/3615/1541 1404/3616/1419
f 1456/3614/1478 1530/3617/1542 1529/3615/1541
f 1457/3618/1479 1404/3616/1419 1529/3615/1541
f 1530/3619/1542 1456/3620/1478 1457/3618/1479
f 1531/3621/1543 1532/3622/1544 1533/3623/1545
f 1533/3623/1545 1532/3622/1544 1720/3624/1546
f 1720/3624/1546 1532/3622/1544 1719/3625/1547
f 1593/3626/1548 1534/3627/1549 1535/3628/1550
f 1535/3629/1550 1534/3630/1549 1536/3631/1551
f 1539/3632/1552 1535/3629/1550 1536/3631/1551
f 1539/3632/1552 1537/3633/1553 1535/3629/1550
f 1539/3632/1552 1536/3631/1551 1538/3634/1554
f 1593/3626/1548 1538/3634/1554 1536/3631/1551
f 1537/3635/1553 1538/3634/1554 1535/3628/1550
f 1491/3636/1174 1183/3637/105 1356/3638/1014
f 1214/3639/1234 1470/3640/1489 1469/3641/1212
f 1470/3640/1489 1541/3642/1555 1471/3643/1490
f 1816/3644/1556 1541/3642/1555 1470/3640/1489
f 1471/3643/1490 1541/3642/1555 1469/3645/1212
f 1469/3488/1212 1541/3646/1555 1004/3491/1488
f 1542/3647/1557 1515/3648/1558 1580/3649/1559
f 1515/3648/1558 1543/3650/1560 1580/3649/1559
f 1515/3651/1558 1542/3652/1557 1545/3653/1561
f 1545/3653/1561 1542/3652/1557 1543/3654/1560
f 1545/3653/1561 1543/3654/1560 1544/3655/1562
f 1543/3654/1560 1515/3651/1558 1544/3655/1562
f 1515/3656/1558 1546/3657/1563 1544/3658/1562
f 1515/3656/1558 1545/3659/1561 1546/3657/1563
f 1546/3657/1563 1547/3660/1537 1544/3658/1562
f 1544/3658/1562 1547/3660/1537 1545/3659/1561
f 1750/3661/1564 1546/3657/1563 1545/3659/1561
f 1750/3661/1564 1545/3659/1561 1547/3662/1537
f 1546/3657/1563 1750/3661/1564 1548/3663/1565
f 1548/3663/1565 1547/3660/1537 1546/3657/1563
f 1547/3660/1537 1548/3663/1565 1751/3664/1566
f 1557/3665/1567 1549/3666/1568 1551/3667/1569
f 1552/3668/1570 1550/3669/1571 1551/3667/1569
f 1552/3668/1570 1551/3667/1569 1549/3666/1568
f 1549/3666/1568 1550/3670/1571 1553/3671/1572
f 1550/3670/1571 1552/3672/1570 1553/3671/1572
f 1557/3673/1567 1551/3674/1569 1554/3675/1573
f 1554/3675/1573 1551/3674/1569 1550/3676/1571
f 1554/3675/1573 1550/3676/1571 1555/3677/1574
f 1554/3675/1573 1558/3678/1575 1556/3679/1576
f 1557/3673/1567 1554/3675/1573 1556/3679/1576
f 1549/3680/1568 1557/3673/1567 1550/3681/1571
f 1550/3682/1571 1557/3673/1567 1555/3677/1574
f 1555/3677/1574 1557/3673/1567 1556/3679/1576
f 1559/3683/1577 1401/3684/1417 1635/3685/1578
f 1559/3683/1577 1788/3686/1416 1401/3684/1417
f 1757/3687/1579 1400/3688/1415 1788/3686/1416
f 1400/3688/1415 1757/3687/1579 1560/3689/1422
f 1758/3690/1423 1759/3691/1580 1402/3692/1420
f 1759/3691/1580 1605/3693/1421 1402/3692/1420
f 1403/3694/1418 1635/3695/1578 1401/3696/1417
f 1527/3612/1539 1525/3611/1267 1528/3613/1540
f 1527/3612/1539 1528/3613/1540 1561/3697/1581
f 1528/3613/1540 1526/3610/1538 1561/3697/1581
f 1527/3612/1539 1561/3697/1581 1562/3698/1582
f 1561/3697/1581 1526/3610/1538 1563/3699/1583
f 1527/3612/1539 1562/3698/1582 1564/3700/1584
f 1564/3700/1584 1562/3698/1582 1561/3697/1581
f 1564/3700/1584 1561/3697/1581 1563/3699/1583
f 1564/3700/1584 1563/3699/1583 1526/3610/1538
f 1527/3612/1539 1564/3700/1584 1246/3609/1264
f 1246/3609/1264 1564/3700/1584 1526/3610/1538
f 1361/3238/1376 1566/3701/1585 1362/3236/1374
f 1565/3237/1375 1362/3236/1374 1566/3701/1585
f 1361/3238/1376 1565/3237/1375 1567/3702/1586
f 1567/3702/1586 1565/3237/1375 1566/3701/1585
f 1566/3701/1585 1361/3238/1376 1568/3703/1587
f 1361/3238/1376 1567/3702/1586 1568/3703/1587
f 1336/3704/1351 1338/3705/1352 1337/3706/1350
f 1419/3369/1435 1420/3368/1434 1423/3380/1440
f 1612/3376/1437 1421/3371/1384 1419/3369/1435
f 1612/3376/1437 1419/3369/1435 1423/3380/1440
f 1579/3707/1588 1571/3708/1589 1570/3709/1590
f 1569/3710/1591 1571/3708/1589 1579/3707/1588
f 1572/3711/1592 1569/3710/1591 1579/3707/1588
f 1570/3712/1590 1569/3710/1591 1572/3711/1592
f 1573/3713/1593 1569/3710/1591 1570/3714/1590
f 1573/3713/1593 1575/3715/1594 1574/3716/1595
f 1574/3716/1595 1575/3715/1594 1576/3717/1596
f 1573/3713/1593 1574/3716/1595 1569/3710/1591
f 1574/3716/1595 1571/3708/1589 1569/3710/1591
f 1570/3709/1590 1571/3708/1589 1573/3718/1593
f 1577/3719/1597 1571/3708/1589 1574/3716/1595
f 1571/3708/1589 1577/3719/1597 1573/3720/1593
f 1575/3715/1594 1573/3720/1593 1577/3719/1597
f 1577/3719/1597 1574/3716/1595 1576/3717/1596
f 1577/3719/1597 1889/3721/1598 1575/3715/1594
f 1577/3719/1597 1576/3717/1596 1889/3721/1598
f 1888/3722/1599 1576/3717/1596 1575/3715/1594
f 1572/3723/1592 1578/3724/1600 1570/3709/1590
f 1578/3724/1600 1579/3707/1588 1570/3709/1590
f 1580/3725/1559 1824/3726/1601 1542/3727/1557
f 1542/3727/1557 1824/3726/1601 1543/3728/1560
f 1496/3729/1512 1581/3730/1602 1495/3731/1511
f 1495/3731/1511 1581/3730/1602 1494/3732/1509
f 1494/3733/1509 1581/3730/1602 1844/3734/1603
f 1585/3735/1604 1582/3736/1605 1601/3737/1606
f 1585/3735/1604 1601/3737/1606 1587/3738/1607
f 1601/3737/1606 1600/3739/1608 1587/3738/1607
f 1587/3738/1607 1600/3739/1608 1588/3740/1609
f 1600/3739/1608 1603/3741/1610 1588/3740/1609
f 1582/3736/1605 1586/3742/1611 1583/3743/1612
f 1604/3744/1613 1583/3743/1612 1586/3742/1611
f 1403/3694/1418 1605/3693/1421 1789/3745/1614
f 1386/3304/1403 1387/3305/1404 1589/3746/1445
f 1386/3304/1403 1590/3747/1615 1385/3303/1402
f 1497/3533/1447 1385/3303/1402 1590/3747/1615
f 1592/3748/1616 1591/3749/1617 1365/3750/1379
f 1364/3751/1378 2205/3752/1618 1592/3753/1616
f 2205/3752/1618 1364/3751/1378 1591/3749/1617
f 1364/3754/1378 1592/3748/1616 1363/3755/1377
f 1364/3751/1378 1365/3750/1379 1591/3749/1617
f 1365/3750/1379 1363/3755/1377 1592/3748/1616
f 1536/3631/1551 1534/3630/1549 1593/3626/1548
f 1538/3634/1554 1593/3626/1548 1535/3628/1550
f 1778/3756/1508 1004/3757/1488 1541/3758/1555
f 1597/3759/1619 1596/3760/1620 1594/3761/1621
f 1597/3759/1619 1594/3761/1621 1598/3762/1622
f 1599/3763/1623 1586/3764/1611 1585/3765/1604
f 1599/3763/1623 1588/3766/1609 1603/3767/1610
f 1600/3768/1608 1582/3769/1605 1583/3770/1612
f 1600/3768/1608 1583/3770/1612 1584/3771/1624
f 1601/3772/1606 1582/3769/1605 1600/3768/1608
f 1582/3773/1605 1585/3774/1604 1586/3775/1611
f 1602/3776/1625 1752/3777/1626 1755/3778/1627
f 1755/3778/1627 1752/3777/1626 1599/3779/1623
f 1585/3774/1604 1755/3778/1627 1599/3779/1623
f 1604/3780/1613 1584/3781/1624 1583/3782/1612
f 1755/3783/1627 1587/3784/1607 1602/3785/1625
f 1584/3781/1624 1604/3780/1613 1603/3786/1610
f 1602/3785/1625 1587/3784/1607 1588/3787/1609
f 1599/3788/1623 1603/3786/1610 1604/3780/1613
f 1599/3788/1623 1604/3780/1613 1586/3789/1611
f 1425/3383/1443 1423/3380/1440 1420/3368/1434
f 1425/3383/1443 1420/3368/1434 1426/3384/1444
f 1390/3313/1406 1427/3386/1446 1426/3384/1444
f 1279/3790/1297 1608/3791/1628 1276/3792/1294
f 1608/3791/1628 1278/3793/1296 1276/3792/1294
f 1608/3791/1628 1279/3790/1297 1768/3794/1629
f 1624/3795/1630 1595/3796/1631 1594/3761/1621
f 1624/3795/1630 1594/3761/1621 1596/3760/1620
f 1611/3797/1632 1596/3760/1620 1597/3759/1619
f 1596/3760/1620 1611/3797/1632 1609/3798/1633
f 1609/3798/1633 1610/3799/1634 1596/3760/1620
f 1611/3797/1632 1610/3799/1634 1609/3798/1633
f 1595/3800/1631 1611/3797/1632 1597/3759/1619
f 1598/3801/1622 1594/3802/1621 1595/3803/1631
f 1584/3804/1624 1603/3741/1610 1600/3739/1608
f 1461/3805/1401 1388/3806/1307 1378/3807/1395
f 1612/3376/1437 1423/3380/1440 1498/3378/1439
f 1614/3808/1635 1615/3809/1636 1616/3810/1637
f 1613/3811/1638 1614/3808/1635 1616/3810/1637
f 1616/3810/1637 1615/3809/1636 1613/3811/1638
f 1481/3812/1500 1483/3515/1501 1484/3509/1498
f 1617/3813/1639 1618/3814/1640 1619/3815/1641
f 1619/3815/1641 1618/3814/1640 1727/3816/1642
f 1727/3816/1642 1618/3814/1640 1621/3817/1643
f 1727/3818/1642 1621/3817/1643 1620/3819/1644
f 1727/3818/1642 1620/3819/1644 1623/3820/1645
f 1621/3817/1643 1618/3814/1640 1620/3819/1644
f 1618/3821/1640 1617/3822/1639 1620/3823/1644
f 1622/3824/1646 1623/3825/1645 1620/3823/1644
f 1620/3823/1644 1617/3822/1639 1622/3824/1646
f 1617/3822/1639 1619/3826/1641 1622/3824/1646
f 1597/3827/1619 1598/3801/1622 1595/3803/1631
f 1625/3828/1647 1626/3829/1648 1738/3830/1649
f 1626/3829/1648 1625/3828/1647 1627/3831/1650
f 1627/3831/1650 1625/3828/1647 1738/3830/1649
f 1659/3832/1651 1628/3833/1652 1630/3834/1653
f 1628/3835/1652 1659/3832/1651 1629/3836/1654
f 1659/3837/1651 1633/3838/1655 1629/3839/1654
f 1632/3840/1656 1631/3841/1657 1659/3837/1651
f 1659/3842/1651 1631/3843/1657 1633/3844/1655
f 1633/3845/1655 1631/3846/1657 1629/3847/1654
f 1631/3848/1657 1634/3849/1658 1661/3850/1659
f 1634/3849/1658 1631/3848/1657 1663/3851/1660
f 1663/3851/1660 1631/3848/1657 1632/3852/1656
f 1662/3853/1661 1634/3854/1658 1663/3855/1660
f 1662/3853/1661 1661/3856/1659 1634/3857/1658
f 1758/3690/1423 1560/3689/1422 1757/3687/1579
f 1635/3695/1578 1403/3694/1418 1789/3745/1614
f 1789/3745/1614 1605/3693/1421 1759/3691/1580
f 1285/3858/1300 1284/3859/1301 1636/3860/1523
f 1285/3858/1300 1636/3860/1523 1637/3861/1662
f 1638/3862/1663 1637/3861/1662 1636/3860/1523
f 1639/3863/1664 1638/3862/1663 1636/3860/1523
f 1639/3863/1664 1636/3860/1523 1640/3864/1665
f 1638/3865/1663 1640/3864/1665 1510/3866/1522
f 1640/3864/1665 1636/3860/1523 1510/3866/1522
f 1637/3861/1662 1638/3862/1663 1510/3866/1522
f 1285/3858/1300 1637/3861/1662 1510/3866/1522
f 1457/3867/1479 1514/3868/1526 1459/3869/1481
f 1456/3870/1478 1459/3869/1481 1641/3871/1666
f 1641/3871/1666 1459/3869/1481 1642/3872/1394
f 1456/3870/1478 1641/3871/1666 1514/3873/1526
f 1459/3869/1481 1514/3868/1526 1714/3874/1667
f 1459/3869/1481 1714/3874/1667 1642/3872/1394
f 1642/3872/1394 1714/3874/1667 1713/3875/1668
f 2051/3876/1669 1514/3873/1526 1641/3871/1666
f 1461/3301/1401 1643/3877/1670 1387/3305/1404
f 1461/3301/1401 1376/3878/1393 1643/3877/1670
f 1643/3877/1670 1376/3878/1393 1377/3879/1024
f 1387/3305/1404 1643/3877/1670 1589/3746/1445
f 1447/3880/1470 1668/3881/1471 1729/3882/1473
f 1804/3883/1457 1140/3884/1161 1645/3885/1173
f 2181/3886/1671 1645/3885/1173 1491/3636/1174
f 1645/3885/1173 2181/3886/1671 2180/3887/1672
f 2180/3888/1672 2181/3886/1671 1649/3889/1673
f 1646/3890/1674 2180/3888/1672 1649/3889/1673
f 1649/3889/1673 1648/3891/1675 1646/3890/1674
f 1649/3889/1673 2181/3886/1671 1647/3892/1676
f 1691/3893/1677 1650/3894/1678 1651/3895/1679
f 1651/3895/1679 1650/3894/1678 1655/3896/1680
f 1655/3896/1680 1650/3894/1678 1652/3897/1681
f 1650/3898/1678 1653/3899/1682 1652/3897/1681
f 1652/3897/1681 1653/3899/1682 1694/3900/1683
f 1651/3895/1679 1652/3897/1681 1691/3893/1677
f 1654/3901/1684 1652/3902/1681 1651/3903/1679
f 1654/3901/1684 1655/3904/1680 1652/3902/1681
f 1654/3905/1684 1656/3906/1685 1658/3907/1686
f 1658/3907/1686 1656/3906/1685 1657/3908/1687
f 1657/3908/1687 1656/3906/1685 1697/3909/1688
f 1657/3908/1687 1697/3909/1688 1654/3910/1684
f 1658/3911/1686 1657/3912/1687 1655/3913/1680
f 1655/3913/1680 1657/3912/1687 1651/3914/1679
f 1651/3914/1679 1657/3912/1687 1654/3915/1684
f 1627/3916/1650 1660/3917/1689 1659/3918/1651
f 1627/3916/1650 1659/3918/1651 1626/3919/1648
f 1659/3918/1651 1660/3917/1689 1738/3920/1649
f 1659/3918/1651 1738/3920/1649 1632/3921/1656
f 1630/3922/1653 1632/3921/1656 1738/3920/1649
f 1661/3923/1659 1632/3921/1656 1630/3922/1653
f 1659/3918/1651 1630/3922/1653 1626/3924/1648
f 1630/3922/1653 1738/3920/1649 1626/3924/1648
f 1662/3925/1661 1663/3926/1660 1661/3927/1659
f 1665/3928/1690 1666/3929/1691 1664/3930/1692
f 1293/3931/1308 1498/3932/1439 1422/3933/1441
f 1426/3934/1444 1497/3935/1447 1590/3936/1615
f 1590/3936/1615 1386/3937/1403 1589/3938/1445
f 1607/3939/1693 1606/3940/1694 1670/3941/1695
f 1606/3940/1694 1669/3942/1696 1670/3941/1695
f 1670/3941/1695 1671/3943/1697 1607/3939/1693
f 1606/3944/1694 1607/3939/1693 1669/3945/1696
f 1669/3945/1696 1607/3939/1693 1671/3943/1697
f 1669/3945/1696 1671/3943/1697 1672/3946/1698
f 1673/3947/1699 1672/3946/1698 1671/3943/1697
f 2229/3948/1700 1671/3943/1697 1670/3941/1695
f 2229/3949/1700 1670/3941/1695 1672/3950/1698
f 1672/3950/1698 1670/3941/1695 1669/3942/1696
f 1674/3951/1341 1326/3952/1340 1327/3953/1344
f 1675/3954/1701 1329/3955/1343 1674/3951/1341
f 1327/3956/1344 1329/3955/1343 1675/3954/1701
f 1327/3956/1344 1675/3954/1701 1679/3957/1702
f 1679/3957/1702 1675/3954/1701 1678/3958/1703
f 1680/3959/1704 1677/3960/1705 1676/3961/1706
f 1676/3962/1706 1678/3963/1703 1675/3964/1701
f 1680/3959/1704 1676/3961/1706 1675/3954/1701
f 1685/3965/1707 1681/3966/1708 1682/3967/1709
f 1681/3968/1708 1685/3969/1707 1683/3970/1710
f 1681/3966/1708 1683/3971/1710 1686/3972/1711
f 1686/3972/1711 1871/3973/1712 1885/3974/1713
f 1871/3973/1712 1683/3975/1710 1885/3974/1713
f 1685/3969/1707 1682/3976/1709 1684/3977/1714
f 1682/3976/1709 1681/3978/1708 1689/3979/1715
f 1682/3976/1709 1687/3980/1716 1684/3977/1714
f 1682/3976/1709 1689/3979/1715 1916/3981/1717
f 1682/3976/1709 1916/3981/1717 1914/3982/1718
f 1682/3976/1709 1914/3982/1718 1687/3980/1716
f 1687/3980/1716 1916/3983/1717 1689/3984/1715
f 1916/3983/1717 1687/3980/1716 1688/3985/1719
f 1688/3985/1719 1687/3980/1716 1914/3982/1718
f 1684/3977/1714 1687/3980/1716 1681/3966/1708
f 1687/3980/1716 1689/3984/1715 1681/3966/1708
f 1652/3986/1681 1692/3987/1720 1693/3988/1721
f 1691/3989/1677 1693/3988/1721 1694/3990/1683
f 1692/3991/1720 1652/3992/1681 1694/3990/1683
f 1696/3993/1722 1694/3990/1683 1693/3988/1721
f 1696/3993/1722 1693/3988/1721 1692/3987/1720
f 1696/3993/1722 1692/3987/1720 1695/3994/1723
f 1696/3993/1722 1772/3995/1724 1694/3990/1683
f 1772/3995/1724 1695/3994/1723 1694/3990/1683
f 1695/3994/1723 1692/3991/1720 1694/3990/1683
f 1610/3996/1634 1611/3997/1632 1624/3998/1630
f 1596/3999/1620 1610/3996/1634 1624/3998/1630
f 1690/4000/1725 1691/4001/1677 1652/4002/1681
f 1690/4000/1725 1652/4002/1681 1693/4003/1721
f 1690/4000/1725 1693/4003/1721 1691/4004/1677
f 1595/4005/1631 1624/4006/1630 1611/4007/1632
f 1691/4008/1677 1694/4009/1683 1650/4010/1678
f 1650/4010/1678 1694/4009/1683 1699/4011/1726
f 1699/4011/1726 1694/4009/1683 1653/4012/1682
f 1653/4012/1682 1650/4010/1678 1697/4013/1688
f 1653/4012/1682 1698/4014/1727 1699/4011/1726
f 1653/4012/1682 1697/4013/1688 1698/4014/1727
f 1699/4011/1726 1697/4015/1688 1650/4010/1678
f 1656/4016/1685 1784/4017/1728 1697/4018/1688
f 1654/4019/1684 1697/4018/1688 1699/4020/1726
f 1656/4021/1685 1654/4022/1684 1699/4020/1726
f 1655/4023/1680 1654/4024/1684 1658/3911/1686
f 1629/4025/1654 1700/4026/1729 1628/3833/1652
f 1700/4026/1729 1629/4025/1654 1631/4027/1657
f 1628/3833/1652 1700/4026/1729 1630/3834/1653
f 1630/3834/1653 1700/4026/1729 1701/4028/1730
f 1661/4029/1659 1630/3834/1653 1701/4028/1730
f 1701/4028/1730 1700/4026/1729 1702/4030/1731
f 1702/4030/1731 1700/4026/1729 1703/4031/1732
f 1702/4030/1731 1703/4031/1732 1701/4028/1730
f 1703/4031/1732 1700/4026/1729 1631/4027/1657
f 1701/4028/1730 1703/4031/1732 1704/4032/1733
f 1704/4032/1733 1703/4031/1732 1631/4027/1657
f 1701/4028/1730 1704/4032/1733 1661/4029/1659
f 1661/4029/1659 1704/4032/1733 1631/4027/1657
f 1666/4033/1691 1665/4034/1690 1664/4035/1692
f 1632/4036/1656 1661/4037/1659 1663/4038/1660
f 1477/4039/1494 1475/4040/1491 1705/4041/1734
f 1705/4041/1734 1475/4040/1491 1476/4042/1493
f 1706/4043/1735 1705/4041/1734 1707/4044/1736
f 1705/4041/1734 1846/4045/1737 1707/4046/1736
f 2017/4047/1738 1846/4045/1737 1705/4041/1734
f 1705/4041/1734 1476/4042/1493 2017/4047/1738
f 2017/4047/1738 1476/4042/1493 1477/4048/1494
f 1477/4039/1494 1705/4049/1734 1706/4050/1735
f 1710/4051/1739 1708/4052/1740 1709/4053/1741
f 1710/4054/1739 1709/4053/1741 1708/4055/1740
f 1711/4056/1742 1457/3618/1479 1529/3615/1541
f 1457/3618/1479 1711/4056/1742 1530/3619/1542
f 1711/4056/1742 1712/4057/1743 1530/3619/1542
f 1713/4058/1668 1530/3619/1542 1712/4057/1743
f 1530/3619/1542 1713/4058/1668 1529/4059/1541
f 1711/4060/1742 1529/4059/1541 1713/4058/1668
f 1711/4060/1742 1713/4058/1668 1714/4061/1667
f 1378/4062/1395 1388/4063/1307 1715/4064/1744
f 1642/4065/1394 1378/4062/1395 1715/4064/1744
f 1642/4065/1394 1715/4064/1744 1641/4066/1666
f 1422/3933/1441 1424/4067/1442 1716/4068/1745
f 1422/3933/1441 1716/4068/1745 1717/4069/1746
f 1718/4070/1747 1716/4068/1745 1377/4071/1024
f 1717/4069/1746 1716/4068/1745 1718/4070/1747
f 1719/4072/1547 1533/4073/1545 1720/4074/1546
f 1533/4075/1545 1719/4076/1547 1531/4077/1543
f 1531/4077/1543 1719/4076/1547 1532/4078/1544
f 2109/4079/1748 1722/4080/1749 1721/4081/1750
f 1723/4082/1092 1086/4083/1090 1722/4080/1749
f 1725/4084/1751 1724/4085/1752 1619/4086/1641
f 1795/4087/1753 1726/4088/1754 1727/4089/1642
f 1727/4089/1642 1726/4088/1754 1725/4084/1751
f 1727/4089/1642 1623/3825/1645 1795/4087/1753
f 1727/4089/1642 1725/4084/1751 1619/4086/1641
f 1668/4090/1471 1644/4091/1472 1728/4092/1755
f 1728/4092/1755 1644/4091/1472 1729/4093/1473
f 1728/4092/1755 1729/4093/1473 1731/4094/1756
f 1731/4094/1756 1729/4093/1473 1730/4095/1757
f 1730/4095/1757 1729/4093/1473 1668/4096/1471
f 1730/4095/1757 1728/4097/1755 2185/4098/1758
f 1730/4095/1757 2185/4098/1758 1732/4099/1759
f 1731/4094/1756 2185/4100/1758 1728/4097/1755
f 1736/4101/1760 1735/4102/1761 1734/4103/1762
f 1735/4102/1761 1736/4101/1760 1737/4104/1763
f 1734/4103/1762 1737/4104/1763 1736/4101/1760
f 1861/4105/1764 1734/4103/1762 1735/4102/1761
f 1737/4104/1763 1734/4103/1762 1861/4105/1764
f 1860/4106/1765 1861/4105/1764 1735/4102/1761
f 1737/4104/1763 1860/4106/1765 1735/4102/1761
f 1738/4107/1649 1698/4108/1727 1656/4109/1685
f 1656/4109/1685 1699/4110/1726 1738/4107/1649
f 1699/4110/1726 1698/4111/1727 1660/4112/1689
f 1578/4113/1600 1572/4114/1592 1739/4115/1766
f 1739/4115/1766 1572/4114/1592 1579/4116/1588
f 1748/4117/1767 1873/4118/1768 1578/4113/1600
f 1873/4118/1768 1740/4119/1769 1578/4113/1600
f 1578/4113/1600 1740/4119/1769 1579/4120/1588
f 1738/4121/1649 1699/4122/1726 1627/4123/1650
f 1699/4124/1726 1660/4125/1689 1627/4126/1650
f 1660/4125/1689 1698/4127/1727 1738/4121/1649
f 1742/4128/1770 1741/4129/1771 1754/4130/1772
f 1754/4130/1772 1741/4129/1771 1743/4131/1773
f 1756/4132/1774 1743/4131/1773 1742/4133/1770
f 1743/4131/1773 1741/4129/1771 1744/4134/1775
f 1742/4133/1770 1743/4131/1773 1744/4134/1775
f 1745/4135/1776 1741/4129/1771 1742/4128/1770
f 1744/4134/1775 1741/4129/1771 1745/4135/1776
f 1742/4133/1770 1744/4134/1775 1747/4136/1777
f 1745/4135/1776 1747/4137/1777 1746/4138/1778
f 1744/4139/1775 1746/4138/1778 1747/4137/1777
f 1742/4128/1770 1747/4137/1777 1745/4135/1776
f 1579/4116/1588 1740/4140/1769 1739/4115/1766
f 1743/4141/1773 1739/4115/1766 1749/4142/1779
f 1578/4113/1600 1743/4141/1773 1756/4143/1774
f 1743/4141/1773 1578/4113/1600 1739/4115/1766
f 1748/4117/1767 1578/4113/1600 1756/4143/1774
f 1748/4117/1767 1756/4143/1774 1739/4144/1766
f 1756/4143/1774 1749/4145/1779 1739/4144/1766
f 1751/4146/1566 1548/4147/1565 1740/4148/1769
f 1750/4149/1564 1751/4146/1566 1748/4150/1767
f 1740/4148/1769 1748/4150/1767 1751/4146/1566
f 1740/4148/1769 1548/4147/1565 1739/4151/1766
f 1750/4149/1564 1748/4150/1767 1739/4152/1766
f 1739/4152/1766 1548/4153/1565 1750/4149/1564
f 1750/4154/1564 1523/4155/1535 1751/4156/1566
f 1547/4157/1537 1751/4156/1566 1523/4155/1535
f 1602/4158/1625 1523/4155/1535 1750/4154/1564
f 1602/4158/1625 1750/4154/1564 1522/4159/1536
f 1752/4160/1626 1602/4158/1625 1522/4159/1536
f 1522/4159/1536 1523/4161/1535 1752/4160/1626
f 1523/4161/1535 1588/4162/1609 1752/4160/1626
f 1588/4162/1609 1523/4161/1535 1602/4163/1625
f 1750/4154/1564 1547/4164/1537 1522/4159/1536
f 1749/4165/1779 1756/4166/1774 1755/4167/1627
f 1742/4168/1770 1754/4169/1772 1587/4170/1607
f 1756/4166/1774 1742/4168/1770 1587/4170/1607
f 1585/4171/1604 1587/4170/1607 1754/4169/1772
f 1754/4169/1772 1755/4172/1627 1585/4171/1604
f 1756/4166/1774 1587/4170/1607 1755/4167/1627
f 1581/4173/1602 1496/4174/1512 1844/4175/1603
f 1827/4176/1780 1758/3690/1423 1757/3687/1579
f 1758/3690/1423 1827/4176/1780 1877/4177/1781
f 1758/3690/1423 1877/4177/1781 1759/3691/1580
f 1622/3824/1646 1794/4178/1782 1623/3825/1645
f 1674/3951/1341 1327/3953/1344 1679/4179/1702
f 1761/4180/1783 1762/4181/1784 1765/4182/1785
f 1762/4181/1784 1760/4183/1786 1763/4184/1787
f 1763/4184/1787 1760/4183/1786 1761/4185/1783
f 1761/4185/1783 1764/4186/1788 1763/4184/1787
f 1762/4181/1784 1763/4184/1787 1765/4182/1785
f 1761/4180/1783 1765/4182/1785 1764/4187/1788
f 1763/4184/1787 1766/4188/1789 1765/4182/1785
f 1767/4189/1790 1911/4190/1791 1766/4191/1789
f 1764/4186/1788 1911/4190/1791 1767/4189/1790
f 1766/4188/1789 1880/4192/1792 1767/4189/1790
f 1764/4186/1788 1767/4189/1790 1880/4192/1792
f 1880/4192/1792 1763/4184/1787 1764/4186/1788
f 1763/4184/1787 1880/4192/1792 1766/4188/1789
f 1765/4182/1785 1766/4188/1789 1764/4187/1788
f 1278/4193/1296 1768/3794/1629 1279/3790/1297
f 1608/3791/1628 1813/4194/1793 1278/3793/1296
f 1278/3793/1296 1813/4194/1793 1814/4195/1794
f 1278/3793/1296 1814/4195/1794 1768/4196/1629
f 1773/4197/1795 1769/4198/1796 1834/4199/1797
f 1773/4197/1795 1834/4199/1797 1770/4200/1798
f 1769/4201/1796 1770/4200/1798 1834/4199/1797
f 1398/3332/1413 1399/3334/1411 1780/3333/1414
f 1770/4202/1798 1769/4203/1796 1771/4204/1799
f 1772/4205/1724 1769/4203/1796 1773/4206/1795
f 1771/4204/1799 1769/4203/1796 1772/4205/1724
f 1771/4207/1799 1773/4206/1795 1770/4208/1798
f 1774/4209/1800 1775/4210/1801 1776/4211/1802
f 1776/4211/1802 1819/4212/1803 1774/4209/1800
f 1777/4213/1804 1774/4209/1800 1819/4212/1803
f 1777/4213/1804 1776/4214/1802 1775/4215/1801
f 1777/4213/1804 1884/4216/1805 1774/4209/1800
f 1884/4216/1805 1777/4213/1804 1775/4215/1801
f 1778/4217/1508 1779/4218/1806 1490/4219/1507
f 1779/4218/1806 1778/4217/1508 1780/4220/1414
f 1779/4218/1806 1780/4220/1414 1399/4221/1411
f 1781/4222/1807 1779/4218/1806 1399/4221/1411
f 1781/4222/1807 1399/4221/1411 1397/4223/1412
f 1780/4224/1414 1781/4222/1807 1397/4223/1412
f 1780/4224/1414 1778/4225/1508 1781/4222/1807
f 1490/4219/1507 1779/4218/1806 1782/4226/1808
f 1782/4226/1808 1779/4218/1806 1781/4222/1807
f 1782/4226/1808 1781/4222/1807 1778/4225/1508
f 1541/4227/1555 1815/4228/1809 1778/4225/1508
f 1815/4228/1809 1816/4229/1556 1778/4225/1508
f 1778/4225/1508 1816/4229/1556 1782/4226/1808
f 1490/4219/1507 1782/4226/1808 2230/4230/1810
f 1773/4206/1795 1695/4231/1723 1772/4205/1724
f 1695/4231/1723 1773/4206/1795 1771/4207/1799
f 1695/4232/1723 1771/4233/1799 1696/4234/1722
f 1784/4235/1728 1772/4236/1724 1696/4237/1722
f 1786/4238/1811 1696/4239/1722 1771/4240/1799
f 1784/4235/1728 1786/4238/1811 1771/4240/1799
f 1698/4241/1727 1783/4242/1812 1784/4243/1728
f 1784/4243/1728 1783/4242/1812 1786/4244/1811
f 1785/4245/1813 1783/4242/1812 1698/4241/1727
f 1783/4242/1812 1785/4245/1813 1786/4246/1811
f 1784/4247/1728 1785/4245/1813 1697/4248/1688
f 1698/4241/1727 1697/4248/1688 1785/4245/1813
f 1698/4241/1727 1784/4243/1728 1656/4249/1685
f 1873/4250/1768 1787/4251/1814 1740/4252/1769
f 1749/4253/1779 1755/4254/1627 1754/4130/1772
f 1749/4253/1779 1754/4130/1772 1743/4131/1773
f 1588/4255/1609 1599/4256/1623 1752/4257/1626
f 1559/4258/1577 1635/4259/1578 1991/4260/1815
f 1759/4261/1580 2022/4262/1816 2021/4263/1817
f 1759/4261/1580 1877/4264/1781 2022/4262/1816
f 1991/4260/1815 1635/4259/1578 1789/4265/1614
f 2021/4263/1817 1789/4265/1614 1759/4261/1580
f 1431/3569/1453 1513/3575/1525 1512/3570/1513
f 1272/4266/1288 1271/4267/1291 1792/4268/1818
f 1792/4268/1818 1273/4269/1292 1272/4266/1288
f 1273/4269/1292 1792/4268/1818 1793/4270/1819
f 1271/4267/1291 1273/4269/1292 1793/4270/1819
f 1715/4271/1744 1388/3806/1307 1293/4272/1308
f 1642/4273/1394 1713/4274/1668 1718/4275/1747
f 1642/4273/1394 1718/4275/1747 1377/4276/1024
f 1715/4277/1744 1293/3931/1308 1422/3933/1441
f 1717/4069/1746 1715/4277/1744 1422/3933/1441
f 1717/4069/1746 1641/4278/1666 1715/4277/1744
f 1426/3934/1444 1590/3936/1615 1589/4279/1445
f 1794/4178/1782 1795/4087/1753 1623/3825/1645
f 1622/3824/1646 1619/3826/1641 1794/4178/1782
f 1619/3826/1641 1724/4280/1752 1794/4178/1782
f 1850/4281/1820 1796/4282/1821 1726/4088/1754
f 1796/4282/1821 1724/4085/1752 1725/4084/1751
f 1796/4282/1821 1725/4084/1751 1726/4088/1754
f 1803/4283/1822 1800/4284/1823 1802/4285/1824
f 1800/4284/1823 1799/4286/1825 1801/4287/1826
f 1798/4288/1827 1803/4283/1822 1805/4289/1828
f 1801/4287/1826 1804/4290/1457 1890/4291/1829
f 1890/4291/1829 1802/4285/1824 1801/4287/1826
f 1801/4287/1826 1802/4285/1824 1800/4284/1823
f 1803/4283/1822 1802/4285/1824 1805/4289/1828
f 1798/4288/1827 1805/4289/1828 1808/4292/1830
f 1801/4293/1826 1806/4294/1831 1804/4295/1457
f 1890/4291/1829 1808/4292/1830 1802/4285/1824
f 1802/4285/1824 1808/4292/1830 1805/4289/1828
f 1808/4292/1830 1807/4296/1832 1798/4288/1827
f 1798/4288/1827 1807/4296/1832 1806/4294/1831
f 1804/4295/1457 1806/4294/1831 1807/4296/1832
f 1803/4297/1822 1799/4298/1825 1800/4299/1823
f 1803/4297/1822 1798/4300/1827 1799/4298/1825
f 1505/3557/1272 1506/3560/1518 1252/3553/1274
f 1252/3553/1274 1506/3560/1518 1251/3559/1273
f 1760/4301/1786 1810/4302/1833 1761/4303/1783
f 1809/4304/1834 1761/4303/1783 1811/4305/1835
f 1811/4305/1835 1810/4302/1833 2010/4306/1836
f 1811/4305/1835 1925/4307/1837 1809/4308/1834
f 1809/4308/1834 1810/4302/1833 1760/4301/1786
f 1761/4303/1783 1810/4302/1833 1811/4305/1835
f 1761/4303/1783 1809/4308/1834 1762/4309/1784
f 1762/4309/1784 1809/4308/1834 1760/4301/1786
f 1768/3794/1629 1813/4194/1793 1608/3791/1628
f 1813/4194/1793 1768/3794/1629 1812/4310/1838
f 1814/4195/1794 1813/4194/1793 1815/4311/1809
f 1813/4194/1793 1812/4310/1838 1816/4312/1556
f 1813/4194/1793 1816/4312/1556 1815/4311/1809
f 1815/4311/1809 1812/4313/1838 1814/4195/1794
f 1812/4313/1838 1815/4311/1809 1541/4314/1555
f 1812/4310/1838 1541/4315/1555 1816/4312/1556
f 1817/4316/1839 1777/4213/1804 1819/4212/1803
f 1817/4316/1839 1776/4214/1802 1777/4213/1804
f 1817/4316/1839 1820/4317/1840 1776/4214/1802
f 1819/4212/1803 1776/4211/1802 1818/4318/1841
f 1817/4316/1839 1819/4212/1803 1818/4318/1841
f 1818/4318/1841 1776/4211/1802 1820/4319/1840
f 1817/4316/1839 1818/4318/1841 1822/4320/1842
f 1817/4316/1839 1822/4320/1842 1820/4317/1840
f 1818/4321/1841 1820/4317/1840 1821/4322/1843
f 2117/4323/1844 1821/4322/1843 1820/4317/1840
f 2117/4323/1844 1820/4317/1840 1822/4320/1842
f 1821/4324/1843 1822/4320/1842 1818/4318/1841
f 1681/3966/1708 1686/3972/1711 1684/3977/1714
f 1685/3969/1707 1684/3977/1714 1686/3972/1711
f 1784/4243/1728 1696/4325/1722 1785/4326/1813
f 1740/4327/1769 1787/4328/1814 1872/4329/1845
f 1748/4330/1767 1740/4331/1769 1823/4332/1846
f 1823/4332/1846 1872/4333/1845 1748/4330/1767
f 1826/4334/1847 1824/4335/1601 1825/4336/1848
f 1826/4334/1847 1825/4337/1848 1580/4338/1559
f 1825/4337/1848 1824/4339/1601 1580/4338/1559
f 1580/4338/1559 1543/4340/1560 1826/4334/1847
f 1826/4334/1847 1543/4340/1560 1824/4335/1601
f 1827/4341/1780 1757/4342/1579 1788/4343/1416
f 1790/4344/1849 1828/4345/1850 1791/4346/1851
f 1791/4346/1851 1828/4345/1850 1790/4344/1849
f 1643/3877/1670 1377/3879/1024 1716/4347/1745
f 1643/3877/1670 1716/4347/1745 1855/4348/1852
f 1643/3877/1670 1855/4348/1852 1829/4349/1853
f 1830/4350/1854 1831/4351/1855 1797/4352/1856
f 1450/4353/1475 1832/4354/1476 1833/4355/1857
f 1449/4356/1474 1450/4357/1475 1833/4355/1857
f 1832/4354/1476 1449/4356/1474 1833/4355/1857
f 1768/4196/1629 1814/4195/1794 1812/4313/1838
f 1884/4358/1805 1836/4359/1858 1835/4360/1859
f 1884/4358/1805 1835/4360/1859 1837/4361/1860
f 1744/4362/1775 1745/4363/1776 1913/4364/1861
f 1838/4365/1862 1745/4363/1776 1746/4366/1778
f 1745/4363/1776 1838/4365/1862 1913/4364/1861
f 1838/4365/1862 1746/4366/1778 1839/4367/1863
f 1746/4368/1778 1744/4362/1775 1913/4364/1861
f 1772/4236/1724 1784/4235/1728 1771/4240/1799
f 1517/4369/1529 1516/4370/1528 1840/4371/1864
f 1842/4372/1865 1841/4373/1866 1840/4371/1864
f 1844/4374/1603 1496/4375/1512 1847/4376/1867
f 1845/4377/1868 1844/4374/1603 1847/4376/1867
f 1845/4377/1868 1847/4376/1867 1846/4378/1737
f 1843/4379/1869 1847/4380/1867 1496/4381/1512
f 1496/4381/1512 1494/4382/1509 1843/4379/1869
f 1843/4379/1869 1494/4382/1509 1844/4383/1603
f 1846/4384/1737 1847/4380/1867 1843/4379/1869
f 1846/4384/1737 1843/4379/1869 1844/4385/1603
f 2083/4386/1870 1848/4387/1871 1849/4388/1872
f 1796/4389/1821 1851/4390/1873 1724/4391/1752
f 1795/4392/1753 1850/4393/1820 1726/4394/1754
f 1850/4393/1820 1795/4392/1753 1852/4395/1874
f 1850/4393/1820 1851/4390/1873 1796/4389/1821
f 1724/4396/1752 1851/4397/1873 1794/4398/1782
f 1852/4399/1874 1795/4400/1753 1794/4398/1782
f 1852/4399/1874 1794/4398/1782 1851/4397/1873
f 1850/4401/1820 1852/4399/1874 1851/4397/1873
f 1589/4402/1445 1643/4403/1670 1853/4404/1875
f 1589/4402/1445 1857/4405/1876 1854/4406/1877
f 1589/4402/1445 1854/4406/1877 1667/4407/1878
f 1667/4407/1878 1854/4406/1877 1856/4408/1879
f 1424/4409/1442 1667/4407/1878 1716/4410/1745
f 1716/4410/1745 1667/4407/1878 1856/4408/1879
f 1716/4410/1745 1856/4408/1879 1855/4411/1852
f 1589/4402/1445 1667/4407/1878 1858/4412/1880
f 1614/4413/1635 1613/4414/1638 1615/4415/1636
f 1728/4416/1755 1730/4095/1757 1668/4096/1471
f 1806/4294/1831 1799/4417/1825 1798/4288/1827
f 1801/4293/1826 1799/4417/1825 1806/4294/1831
f 1863/4418/1881 1862/4419/1882 1864/4420/1883
f 1862/4421/1882 1863/4422/1881 1864/4423/1883
f 1774/4424/1800 1865/4425/1884 1775/4426/1801
f 1837/4427/1860 1865/4425/1884 1774/4424/1800
f 1837/4427/1860 1774/4424/1800 1884/4428/1805
f 1884/4429/1805 1775/4426/1801 1865/4425/1884
f 1867/4430/1885 1866/4431/1886 1869/4432/1887
f 1874/4433/1888 1871/4434/1712 1686/4435/1711
f 1871/4436/1712 1872/4437/1845 1683/4438/1710
f 1683/4438/1710 1872/4437/1845 1873/4439/1768
f 1874/4433/1888 1686/4435/1711 1873/4439/1768
f 1873/4439/1768 1686/4435/1711 1683/4438/1710
f 1871/4434/1712 1874/4433/1888 1872/4440/1845
f 1696/4325/1722 1786/4441/1811 1785/4326/1813
f 1872/4442/1845 1874/4443/1888 1748/4444/1767
f 1874/4445/1888 1873/4446/1768 1748/4447/1767
f 1787/4448/1814 1873/4446/1768 1872/4442/1845
f 1524/4449/1530 1753/4450/1531 1516/4370/1528
f 1517/4451/1529 1841/4373/1866 1753/4450/1531
f 1841/4373/1866 1517/4451/1529 1840/4371/1864
f 1516/4370/1528 1753/4450/1531 1840/4371/1864
f 1753/4450/1531 1841/4373/1866 1842/4372/1865
f 1753/4450/1531 1842/4372/1865 1840/4371/1864
f 1875/4452/1889 1876/4453/1890 1788/4343/1416
f 1827/4341/1780 1788/4343/1416 1876/4453/1890
f 1875/4452/1889 1788/4343/1416 1559/4454/1577
f 1878/4455/1891 1462/4456/1484 1463/4457/1483
f 1878/4455/1891 1463/4457/1483 1465/4458/1486
f 1462/4456/1484 1878/4455/1891 1879/4459/1892
f 1462/4456/1484 1879/4459/1892 1465/4458/1486
f 1674/3951/1341 1679/4179/1702 1680/3959/1704
f 1680/3959/1704 1679/4179/1702 1678/3963/1703
f 1680/3959/1704 1675/3954/1701 1674/3951/1341
f 1837/4460/1860 1835/4461/1859 1881/4462/1893
f 1881/4462/1893 1835/4461/1859 1882/4463/1894
f 1913/4464/1861 1839/4465/1863 1883/4466/1895
f 1883/4466/1895 1839/4465/1863 1746/4467/1778
f 1746/4467/1778 1913/4464/1861 1883/4466/1895
f 1882/4468/1894 1835/4469/1859 1686/4470/1711
f 1836/4471/1858 1686/4470/1711 1835/4469/1859
f 1686/4470/1711 1836/4471/1858 1685/4472/1707
f 1882/4468/1894 1686/4470/1711 1885/4473/1713
f 1837/4474/1860 1836/4475/1858 1865/4476/1884
f 1836/4475/1858 1837/4474/1860 1685/4477/1707
f 1837/4474/1860 1885/4473/1713 1685/4477/1707
f 1685/4477/1707 1885/4473/1713 1683/4478/1710
f 1866/4479/1886 1867/4480/1885 1886/4481/1896
f 1870/4482/1897 1866/4479/1886 1886/4481/1896
f 1872/4483/1845 1888/4484/1599 1740/4485/1769
f 1888/4484/1599 1872/4483/1845 1887/4486/1898
f 1823/4487/1846 1740/4485/1769 1888/4484/1599
f 1887/4486/1898 1872/4483/1845 1823/4488/1846
f 1889/3721/1598 1887/4486/1898 1823/4488/1846
f 1888/4489/1599 1889/3721/1598 1823/4488/1846
f 1889/3721/1598 1888/4489/1599 1575/3715/1594
f 1889/3721/1598 1576/3717/1596 1887/4486/1898
f 1576/3717/1596 1888/3722/1599 1887/4486/1898
f 1553/3671/1572 1552/3668/1570 1549/3666/1568
f 1589/4402/1445 1853/4404/1875 1857/4405/1876
f 1829/4490/1853 1853/4404/1875 1643/4403/1670
f 1853/4404/1875 2177/4491/1899 1857/4405/1876
f 1854/4406/1877 1857/4405/1876 2177/4491/1899
f 1434/3411/1458 1433/3406/1455 1807/4492/1832
f 1807/4492/1832 1433/3406/1455 1804/3410/1457
f 1589/4493/1445 1858/4494/1880 1891/4495/1900
f 1425/4496/1443 1589/4493/1445 1891/4495/1900
f 1424/4497/1442 1425/4498/1443 1858/4494/1880
f 1858/4494/1880 1892/4499/1901 1891/4495/1900
f 1483/3512/1501 1487/3513/1502 1485/4500/1503
f 1925/4307/1837 1810/4302/1833 1809/4308/1834
f 1502/4501/1516 1504/4502/1517 1895/4503/1902
f 1859/4504/1514 1894/4505/1903 1504/4506/1517
f 1894/4505/1903 1859/4504/1514 1895/4503/1902
f 1895/4503/1902 1859/4504/1514 1502/4501/1516
f 1898/4507/1904 1897/4508/1905 1947/4509/1906
f 1898/4507/1904 1947/4509/1906 1899/4510/1907
f 1947/4509/1906 1897/4508/1905 1896/4511/1908
f 1900/4512/1909 1947/4509/1906 1948/4513/1910
f 1947/4509/1906 1901/4514/1911 1899/4510/1907
f 1901/4514/1911 1947/4509/1906 1900/4512/1909
f 1900/4512/1909 1948/4513/1910 1899/4515/1907
f 1899/4510/1907 1901/4514/1911 1902/4516/1912
f 1903/4517/1913 1902/4516/1912 1901/4514/1911
f 1903/4517/1913 1900/4512/1909 1904/4518/1914
f 1903/4517/1913 1901/4514/1911 1900/4512/1909
f 1899/4515/1907 1902/4519/1912 1900/4512/1909
f 1900/4512/1909 1902/4519/1912 1904/4518/1914
f 1905/4520/1915 1907/4521/1916 1908/4522/1917
f 1907/4523/1916 1905/4520/1915 1909/4524/1918
f 1766/4188/1789 1909/4525/1918 1764/4187/1788
f 1764/4187/1788 1909/4525/1918 1910/4526/1919
f 1911/4527/1791 1909/4525/1918 1766/4188/1789
f 1910/4526/1919 1911/4527/1791 1764/4187/1788
f 1942/4528/1920 1838/4529/1862 1943/4530/1921
f 1838/4531/1862 1839/4532/1863 1912/4533/1922
f 1838/4531/1862 1912/4533/1922 1943/4534/1921
f 1839/4532/1863 1942/4528/1920 1912/4533/1922
f 1912/4533/1922 1945/4535/1923 1944/4536/1924
f 1912/4533/1922 1944/4536/1924 1943/4534/1921
f 1838/4537/1862 1942/4538/1920 1913/4539/1861
f 1913/4539/1861 1942/4538/1920 1839/4540/1863
f 1867/4430/1885 1868/4541/1925 1914/4542/1718
f 1867/4430/1885 1914/4542/1718 1886/4543/1896
f 1886/4543/1896 1918/4544/1926 1870/4545/1897
f 1915/4546/1927 1886/4543/1896 1914/4542/1718
f 1918/4544/1926 1886/4543/1896 1915/4546/1927
f 1915/4546/1927 1914/4542/1718 1916/4547/1717
f 1914/4542/1718 1868/4541/1925 1688/4548/1719
f 1688/4548/1719 1869/4432/1887 1917/4549/1928
f 1917/4549/1928 1869/4432/1887 1918/4550/1926
f 1869/4432/1887 1688/4548/1719 1868/4541/1925
f 1866/4431/1886 1870/4551/1897 1918/4550/1926
f 1869/4432/1887 1866/4431/1886 1918/4550/1926
f 1867/4430/1885 1869/4432/1887 1868/4541/1925
f 1918/4550/1926 1915/4552/1927 1916/4553/1717
f 1917/4549/1928 1916/4553/1717 1688/4548/1719
f 1918/4550/1926 1916/4553/1717 1917/4549/1928
f 2193/4554/1929 1924/4555/1930 1922/4556/1931
f 2193/4554/1929 1922/4556/1931 1923/4557/1932
f 1924/4555/1930 1923/4557/1932 1922/4556/1931
f 1810/4558/1833 1925/4559/1837 2010/4560/1836
f 1927/4561/1933 1926/4562/1934 1970/4563/1935
f 1970/4563/1935 1926/4562/1934 1969/4564/1936
f 1927/4561/1933 1970/4563/1935 1928/4565/1937
f 1931/4566/1938 1930/4567/1939 1935/4568/1940
f 1930/4567/1939 1931/4566/1938 1936/4569/1941
f 1936/4569/1941 1931/4566/1938 1929/4570/1942
f 2007/4571/1943 1929/4570/1942 1931/4566/1938
f 1931/4566/1938 1932/4572/1944 2007/4571/1943
f 1935/4568/1940 1929/4573/1942 1934/4574/1945
f 1934/4574/1945 1929/4573/1942 1932/4575/1944
f 1934/4574/1945 1932/4576/1944 1933/4577/1946
f 1935/4568/1940 1934/4574/1945 2260/4578/1947
f 1933/4579/1946 1935/4568/1940 2260/4578/1947
f 1931/4566/1938 1935/4568/1940 1932/4572/1944
f 1935/4568/1940 1933/4579/1946 1932/4572/1944
f 1997/4580/1948 2007/4571/1943 1932/4572/1944
f 1997/4580/1948 1932/4572/1944 1929/4570/1942
f 1929/4570/1942 1935/4568/1940 1930/4567/1939
f 1929/4581/1942 1930/4582/1939 1941/4583/1949
f 1936/4584/1941 1929/4581/1942 1941/4583/1949
f 1930/4582/1939 1936/4584/1941 1937/4585/1950
f 1938/4586/1951 1937/4585/1950 1936/4584/1941
f 1938/4586/1951 1936/4584/1941 1939/4587/1952
f 1939/4587/1952 1936/4584/1941 1941/4583/1949
f 1939/4587/1952 1941/4583/1949 1940/4588/1953
f 1938/4586/1951 1940/4588/1953 1941/4583/1949
f 1938/4586/1951 1941/4583/1949 1937/4585/1950
f 1937/4585/1950 1941/4583/1949 1930/4582/1939
f 1942/4589/1920 1943/4590/1921 2012/4591/1954
f 1942/4589/1920 2012/4591/1954 2010/4592/1836
f 1942/4589/1920 2010/4592/1836 2011/4593/1955
f 2011/4593/1955 1944/4594/1924 1942/4589/1920
f 1946/4595/1956 1944/4536/1924 1982/4596/1957
f 1982/4596/1957 1944/4536/1924 1945/4535/1923
f 1945/4535/1923 1946/4595/1956 1977/4597/1958
f 1946/4595/1956 1945/4535/1923 1942/4528/1920
f 1944/4598/1924 1946/4595/1956 1942/4528/1920
f 1945/4535/1923 1912/4533/1922 1942/4528/1920
f 1908/4522/1917 1906/4599/1959 1905/4520/1915
f 1898/4600/1904 1899/4515/1907 1896/4511/1908
f 1899/4515/1907 1948/4513/1910 1896/4511/1908
f 1948/4513/1910 1947/4509/1906 1896/4511/1908
f 1897/4601/1905 1898/4600/1904 1983/4602/1960
f 2013/4603/1961 1898/4600/1904 1896/4511/1908
f 1898/4600/1904 2013/4603/1961 1983/4602/1960
f 1896/4511/1908 1949/4604/1962 2013/4603/1961
f 1949/4604/1962 1896/4511/1908 1983/4605/1960
f 1983/4605/1960 1896/4511/1908 1897/4508/1905
f 1909/4606/1918 1905/4607/1915 1910/4608/1919
f 1907/4609/1916 1909/4610/1918 1906/4611/1959
f 1909/4610/1918 1911/4612/1791 1906/4611/1959
f 1905/4607/1915 1906/4611/1959 1910/4608/1919
f 1906/4611/1959 1911/4612/1791 1910/4608/1919
f 1984/4613/1963 1983/4614/1960 1737/4615/1763
f 1951/4616/1964 1984/4617/1963 1737/4618/1763
f 1860/4619/1765 1950/4620/1965 1951/4616/1964
f 1860/4619/1765 1951/4616/1964 1861/4621/1764
f 1737/4618/1763 1861/4621/1764 1951/4616/1964
f 1737/4618/1763 1950/4622/1965 1860/4619/1765
f 1884/4358/1805 1865/4623/1884 1881/4624/1893
f 1884/4358/1805 1881/4624/1893 1836/4625/1858
f 1876/4626/1890 1875/4627/1889 2020/4628/1966
f 1876/4626/1890 2020/4628/1966 1827/4629/1780
f 1875/4627/1889 1952/4630/1967 2020/4628/1966
f 1827/4629/1780 2020/4628/1966 1877/4631/1781
f 1954/4632/1968 1566/4633/1585 2290/4634/1969
f 1954/4632/1968 1567/4635/1586 1566/4633/1585
f 1567/4635/1586 1954/4632/1968 1955/4636/1970
f 1568/4637/1587 1955/4636/1970 1566/4638/1585
f 1955/4636/1970 1568/4637/1587 1567/4635/1586
f 1958/4639/1971 1959/4640/1972 1957/4641/1973
f 1957/4641/1973 1956/4642/1974 1958/4639/1971
f 1961/4643/1975 1958/4639/1971 1956/4642/1974
f 1959/4640/1972 1960/4644/1976 1961/4643/1975
f 1959/4640/1972 1958/4639/1971 1960/4644/1976
f 1961/4643/1975 1956/4642/1974 1959/4640/1972
f 1956/4642/1974 2030/4645/1977 1959/4640/1972
f 1959/4640/1972 2030/4645/1977 1957/4641/1973
f 1879/4459/1892 1878/4455/1891 1963/4646/1978
f 1963/4646/1978 1465/4458/1486 1962/4647/1979
f 1963/4646/1978 2290/4648/1969 1879/4459/1892
f 1954/4649/1968 2290/4648/1969 1963/4646/1978
f 1962/4647/1979 1954/4649/1968 1963/4646/1978
f 2289/4650/1980 1954/4649/1968 1962/4647/1979
f 2290/4648/1969 2289/4650/1980 1962/4647/1979
f 2290/4648/1969 1962/4647/1979 1879/4459/1892
f 1465/4458/1486 1879/4459/1892 1962/4647/1979
f 1878/4455/1891 1465/4458/1486 1963/4646/1978
f 1858/4651/1880 1425/4652/1443 1892/4653/1901
f 1891/4654/1900 1892/4653/1901 1425/4652/1443
f 1436/4655/1456 1435/4656/1459 1086/4657/1090
f 1435/4656/1459 1964/4658/1981 2109/4659/1748
f 1966/4660/1982 1893/4661/1982 1965/4662/1982
f 1919/4663/1983 1921/4664/1984 1920/4665/1985
f 1920/4665/1985 1921/4664/1984 1919/4666/1983
f 1797/4352/1856 1831/4667/1855 1967/4668/1986
f 1967/4668/1986 1830/4350/1854 1797/4352/1856
f 1967/4668/1986 1831/4667/1855 2245/4669/1987
f 2245/4669/1987 1831/4667/1855 1968/4670/1988
f 1830/4671/1854 1968/4670/1988 1831/4667/1855
f 1970/4563/1935 1969/4564/1936 1971/4672/1989
f 1970/4563/1935 1971/4672/1989 1928/4565/1937
f 1928/4565/1937 1969/4564/1936 1926/4562/1934
f 1926/4673/1934 1907/4674/1916 1928/4675/1937
f 1907/4674/1916 1927/4676/1933 1928/4675/1937
f 1972/4677/1990 1537/4678/1553 1539/4679/1552
f 1973/4680/1991 1539/4679/1552 1538/4681/1554
f 1973/4680/1991 1972/4677/1990 1539/4679/1552
f 1976/4682/1992 1972/4677/1990 1973/4680/1991
f 1973/4680/1991 1974/4683/1993 2323/4684/1994
f 1973/4680/1991 2323/4684/1994 1976/4682/1992
f 1976/4682/1992 1974/4685/1993 1972/4677/1990
f 1974/4685/1993 1537/4678/1553 1972/4677/1990
f 1537/4678/1553 1974/4685/1993 1973/4686/1991
f 1537/4678/1553 1973/4686/1991 1538/4687/1554
f 1945/4688/1923 1977/4689/1958 1978/4690/1995
f 1945/4688/1923 1978/4690/1995 1982/4691/1957
f 1977/4689/1958 1946/4692/1956 2133/4693/1996
f 1979/4694/1997 1977/4689/1958 2133/4693/1996
f 1982/4691/1957 1977/4689/1958 1979/4694/1997
f 1977/4689/1958 2013/4695/1961 1978/4690/1995
f 1927/4696/1933 1908/4697/1917 1926/4698/1934
f 2042/4699/1998 1926/4698/1934 1908/4697/1917
f 1908/4697/1917 1907/4700/1916 2042/4699/1998
f 1907/4700/1916 1926/4701/1934 2042/4699/1998
f 1908/4702/1917 1927/4703/1933 1906/4704/1959
f 1927/4703/1933 1907/4700/1916 1906/4704/1959
f 2014/4705/1999 1980/4706/2000 1981/4707/2001
f 1983/4614/1960 1982/4708/1957 1737/4615/1763
f 1737/4615/1763 1982/4708/1957 1950/4709/1965
f 1950/4709/1965 1949/4710/1962 1984/4613/1963
f 1983/4614/1960 1984/4613/1963 1949/4710/1962
f 1949/4710/1962 1950/4709/1965 1982/4708/1957
f 1950/4711/1965 1984/4712/1963 1985/4713/2002
f 1885/4714/1713 1865/4715/1884 1836/4716/1858
f 1885/4714/1713 1836/4716/1858 1882/4717/1894
f 1882/4717/1894 1836/4716/1858 1881/4718/1893
f 1837/4719/1860 1881/4720/1893 1885/4714/1713
f 1885/4714/1713 1881/4720/1893 1865/4715/1884
f 1987/4721/2003 1986/4722/2004 1988/4723/2005
f 1987/4721/2003 1988/4723/2005 1986/4722/2004
f 1952/4630/1967 1875/4627/1889 2018/4724/2006
f 2018/4724/2006 1875/4627/1889 1559/4725/1577
f 1990/4726/2007 2018/4727/2006 1559/4258/1577
f 1990/4726/2007 1559/4258/1577 1991/4260/1815
f 1513/4728/1525 1992/4729/1524 1512/4730/1513
f 1511/4731/1451 1512/4730/1513 1992/4729/1524
f 1667/4732/1878 1424/4733/1442 1993/4734/2008
f 1995/4735/2009 2001/4736/2010 1996/4737/2011
f 1996/4737/2011 2001/4736/2010 1994/4738/2012
f 1997/4739/1948 1996/4737/2011 1994/4738/2012
f 1997/4739/1948 1994/4738/2012 1998/4740/2013
f 1999/4741/2014 1997/4739/1948 1998/4740/2013
f 1995/4742/2009 1999/4741/2014 1998/4740/2013
f 2001/4743/2010 1995/4742/2009 1998/4740/2013
f 2000/4744/2015 1998/4740/2013 1994/4738/2012
f 2000/4744/2015 1994/4738/2012 2001/4736/2010
f 2005/4745/2016 2000/4744/2015 2001/4736/2010
f 2001/4736/2010 2002/4746/2017 2005/4745/2016
f 2003/4747/2018 2005/4745/2016 2002/4746/2017
f 2003/4747/2018 2002/4746/2017 2004/4748/2019
f 2004/4748/2019 2002/4746/2017 2000/4749/2015
f 2000/4749/2015 2005/4750/2016 2004/4748/2019
f 2000/4749/2015 2002/4746/2017 1998/4751/2013
f 1998/4751/2013 2002/4746/2017 2001/4736/2010
f 2006/4752/2020 1969/4753/1936 2031/4754/2021
f 2031/4755/2021 1969/4564/1936 1928/4565/1937
f 1971/4672/1989 2031/4755/2021 1928/4565/1937
f 1929/4756/1942 2007/4757/1943 1996/4758/2011
f 1929/4756/1942 1996/4758/2011 1997/4759/1948
f 2009/4760/2022 2008/4761/2023 2073/4762/2024
f 2008/4761/2023 2074/4763/2025 2075/4764/2026
f 2008/4761/2023 2009/4760/2022 2074/4763/2025
f 1944/4594/1924 2011/4593/1955 2012/4765/1954
f 2012/4765/1954 2011/4593/1955 2032/4766/2027
f 2013/4767/1961 1977/4768/1958 1982/4769/1957
f 1978/4770/1995 2013/4767/1961 1949/4771/1962
f 1982/4769/1957 1983/4772/1960 2013/4767/1961
f 1949/4771/1962 1982/4769/1957 1978/4770/1995
f 2014/4773/1999 1981/4774/2001 1980/4775/2000
f 2015/4776/2028 2016/4777/2029 1989/4778/2030
f 1989/4778/2030 2016/4777/2029 2015/4776/2028
f 1846/4045/1737 1844/4779/1603 1707/4780/1736
f 1707/4780/1736 1844/4779/1603 1845/4781/1868
f 2017/4047/1738 1707/4046/1736 1845/4782/1868
f 1846/4045/1737 2017/4047/1738 1845/4782/1868
f 2018/4783/2006 2019/4784/2031 1952/4785/1967
f 2020/4786/1966 1952/4785/1967 2019/4784/2031
f 2021/4787/1817 2022/4788/1816 2020/4786/1966
f 2022/4788/1816 1877/4789/1781 2020/4786/1966
f 2019/4784/2031 2021/4787/1817 2020/4786/1966
f 2018/4727/2006 1990/4726/2007 1991/4260/1815
f 1953/4790/2032 2027/4791/2033 2023/4792/2034
f 1953/4790/2032 2023/4792/2034 2025/4793/2035
f 2024/4794/2036 2338/4795/2037 2023/4792/2034
f 2023/4792/2034 2338/4795/2037 2026/4796/2038
f 2024/4794/2036 2023/4792/2034 2027/4791/2033
f 2024/4794/2036 2027/4791/2033 2025/4793/2035
f 2025/4793/2035 2027/4791/2033 1953/4790/2032
f 1956/4797/1974 1957/4798/1973 2030/4799/1977
f 1641/4800/1666 2052/4801/2039 2051/4802/1669
f 1717/4803/1746 2052/4801/2039 1641/4800/1666
f 1591/4804/1617 1592/4805/1616 2225/4806/2040
f 1591/4804/1617 2225/4806/2040 2205/4807/1618
f 1592/4805/1616 2206/4808/2041 2225/4806/2040
f 2205/4809/1618 2206/4808/2041 1592/4805/1616
f 1424/4810/1442 1858/4811/1880 1993/4812/2008
f 1993/4812/2008 1858/4811/1880 1667/4813/1878
f 1965/4814/1982 1893/4815/1982 1966/4816/1982
f 1999/4817/2014 2007/4818/1943 1997/4819/1948
f 2007/4818/1943 1999/4817/2014 1996/4820/2011
f 2104/4821/2042 2031/4822/2021 1971/4823/1989
f 2006/4752/2020 1971/4823/1989 1969/4753/1936
f 2076/4824/2043 1811/4825/1835 2077/4826/2044
f 2076/4824/2043 1925/4827/1837 1811/4825/1835
f 1925/4827/1837 2076/4824/2043 2032/4828/2027
f 1925/4827/1837 2032/4828/2027 2010/4829/1836
f 2033/4830/2045 2041/4831/2046 2076/4824/2043
f 2032/4828/2027 2076/4824/2043 2034/4832/2047
f 2076/4824/2043 2035/4833/2048 2034/4832/2047
f 2034/4832/2047 2035/4833/2048 2036/4834/2049
f 2034/4832/2047 2036/4834/2049 2037/4835/439
f 2034/4832/2047 2037/4835/439 2038/4836/2050
f 2038/4836/2050 2037/4835/439 2036/4834/2049
f 2034/4832/2047 2038/4836/2050 2039/4837/2051
f 2038/4836/2050 2036/4834/2049 2040/4838/2052
f 2040/4838/2052 2036/4834/2049 2035/4833/2048
f 2038/4836/2050 2040/4838/2052 2039/4837/2051
f 2040/4838/2052 2035/4833/2048 2041/4831/2046
f 2040/4838/2052 2041/4831/2046 2039/4837/2051
f 2041/4831/2046 2035/4833/2048 2076/4824/2043
f 2032/4839/2027 2011/4840/1955 2010/4841/1836
f 2012/4842/1954 2077/4826/2044 2010/4841/1836
f 2010/4841/1836 2077/4826/2044 1811/4825/1835
f 2032/4843/2027 2077/4844/2044 2012/4845/1954
f 1985/4846/2002 1984/4847/1963 1951/4848/1964
f 1951/4848/1964 1950/4849/1965 1985/4846/2002
f 2230/4850/1810 1491/3520/1174 1490/3519/1507
f 2017/4047/1738 1477/4039/1494 1706/4043/1735
f 2017/4047/1738 1706/4043/1735 1707/4046/1736
f 1717/4851/1746 2044/4852/2053 2043/4853/2054
f 2045/4854/2055 2044/4852/2053 2049/4855/2056
f 2047/4856/2057 2046/4857/2058 2045/4854/2055
f 2049/4855/2056 2047/4856/2057 2045/4854/2055
f 2044/4852/2053 1717/4851/1746 1718/4858/1747
f 1718/4858/1747 2050/4859/2059 2044/4852/2053
f 2050/4859/2059 1718/4858/1747 1714/4860/1667
f 2044/4852/2053 2050/4859/2059 2049/4855/2056
f 2051/4802/1669 2048/4861/2060 2047/4856/2057
f 2052/4801/2039 2048/4861/2060 2051/4802/1669
f 2049/4855/2056 2050/4859/2059 2047/4856/2057
f 2051/4802/1669 2047/4856/2057 2050/4859/2059
f 2051/4802/1669 2050/4859/2059 1714/4860/1667
f 1718/4858/1747 1712/4862/1743 1714/4860/1667
f 1718/4858/1747 1713/4863/1668 1712/4862/1743
f 1714/4860/1667 1712/4862/1743 1711/4864/1742
f 1714/4860/1667 1514/4865/1526 2051/4802/1669
f 1964/4866/1981 1435/4867/1459 1434/4868/1458
f 1964/4866/1981 1434/4868/1458 2204/4869/2061
f 2410/4870/2062 1964/4871/1981 2053/4872/2063
f 2053/4872/2063 2204/4869/2061 2054/4873/2064
f 1434/4868/1458 2054/4873/2064 2204/4869/2061
f 2053/4872/2063 2054/4873/2064 2240/4874/2065
f 2072/4875/2066 2055/4876/2067 2105/4877/2068
f 2072/4875/2066 2105/4877/2068 2069/4878/2069
f 2057/4879/2070 2058/4880/2071 2056/4881/2072
f 2058/4880/2071 2057/4879/2070 2059/4882/2073
f 2059/4882/2073 2057/4879/2070 2061/4883/2074
f 2056/4881/2072 2060/4884/2075 2057/4879/2070
f 2060/4884/2075 2056/4881/2072 2061/4885/2074
f 2061/4885/2074 2056/4881/2072 2059/4882/2073
f 2062/4886/2076 2059/4882/2073 2056/4881/2072
f 2062/4886/2076 2056/4881/2072 2058/4880/2071
f 2064/4887/2077 2062/4886/2076 2058/4880/2071
f 2059/4882/2073 2062/4886/2076 2063/4888/2078
f 2065/4889/2079 2063/4888/2078 2062/4886/2076
f 2065/4889/2079 2062/4886/2076 2066/4890/2080
f 2066/4890/2080 2067/4891/2081 2065/4889/2079
f 2067/4892/2081 2066/4890/2080 2062/4886/2076
f 2064/4887/2077 2067/4892/2081 2062/4886/2076
f 2067/4892/2081 2064/4887/2077 2063/4893/2078
f 2063/4893/2078 2065/4894/2079 2067/4892/2081
f 2063/4893/2078 2064/4887/2077 2058/4880/2071
f 2063/4893/2078 2058/4880/2071 2059/4882/2073
f 2070/4895/2082 2068/4896/2083 2069/4897/2069
f 2071/4898/2084 2068/4896/2083 2070/4895/2082
f 2069/4897/2069 2068/4896/2083 2128/4899/2085
f 2069/4897/2069 2071/4898/2084 2072/4900/2066
f 2069/4901/2069 2104/4902/2042 2070/4903/2082
f 2070/4903/2082 2072/4904/2066 2071/4905/2084
f 2072/4904/2066 2104/4906/2042 2055/4907/2067
f 2070/4903/2082 2104/4906/2042 2006/4908/2020
f 2031/4909/2021 2104/4906/2042 2072/4904/2066
f 2070/4903/2082 2031/4909/2021 2072/4904/2066
f 2098/4910/2086 2074/4763/2025 2102/4911/2087
f 2102/4911/2087 2074/4763/2025 2073/4762/2024
f 2073/4762/2024 2075/4764/2026 2098/4912/2086
f 2098/4912/2086 2075/4764/2026 2074/4913/2025
f 2009/4760/2022 2073/4762/2024 2074/4763/2025
f 2008/4761/2023 2075/4764/2026 2073/4762/2024
f 1999/4914/2014 2190/4915/2088 1996/4916/2011
f 2190/4915/2088 1999/4914/2014 1995/4917/2009
f 2006/4752/2020 2104/4821/2042 1971/4823/1989
f 2070/4918/2082 2006/4919/2020 2031/4822/2021
f 2076/4920/2043 2077/4921/2044 2124/4922/2089
f 2127/4923/2090 2077/4921/2044 2168/4924/2091
f 2033/4925/2045 2168/4924/2091 2077/4921/2044
f 2033/4925/2045 2076/4920/2043 2168/4924/2091
f 2041/4926/2046 2033/4925/2045 2032/4927/2027
f 2077/4921/2044 2032/4927/2027 2033/4925/2045
f 2079/4928/2092 2078/4929/2093 2080/4930/2094
f 2079/4931/2092 2080/4930/2094 2081/4932/2095
f 2080/4930/2094 2078/4929/2093 2081/4932/2095
f 2079/4933/2092 2081/4934/2095 2078/4935/2093
f 1849/4936/1872 1848/4937/1871 2085/4938/2096
f 2083/4939/1870 1849/4936/1872 2085/4938/2096
f 2083/4939/1870 2082/4940/2097 1848/4937/1871
f 2084/4941/2098 2085/4938/2096 2082/4940/2097
f 2082/4940/2097 2085/4938/2096 1848/4937/1871
f 2028/4942/2099 2086/4943/2100 2029/4944/2101
f 2028/4942/2099 2029/4944/2101 2086/4943/2100
f 2089/4945/2102 2087/4946/2103 2090/4947/2104
f 2088/4948/2105 2091/4949/2106 2087/4946/2103
f 2087/4946/2103 2091/4949/2106 2090/4947/2104
f 2088/4948/2105 2090/4947/2104 2092/4950/2107
f 2090/4947/2104 2091/4949/2106 2092/4950/2107
f 2093/4951/2108 2088/4948/2105 2087/4946/2103
f 2093/4951/2108 2089/4945/2102 2090/4947/2104
f 2093/4951/2108 2090/4947/2104 2088/4948/2105
f 2087/4946/2103 2089/4945/2102 2094/4952/2109
f 2093/4951/2108 2087/4946/2103 2094/4952/2109
f 2097/4953/2110 2096/4954/2111 2098/4955/2086
f 2098/4955/2086 2096/4954/2111 2095/4956/2112
f 2102/4957/2087 2097/4958/2110 2098/4959/2086
f 2097/4958/2110 2102/4957/2087 2095/4956/2112
f 2096/4954/2111 2101/4960/2113 2095/4956/2112
f 2099/4961/2114 2097/4958/2110 2101/4960/2113
f 2101/4960/2113 2097/4958/2110 2095/4956/2112
f 2100/4962/2115 2097/4958/2110 2099/4961/2114
f 2095/4963/2112 2102/4964/2087 2103/4965/2116
f 2098/4966/2086 2095/4963/2112 2103/4965/2116
f 2073/4967/2024 2098/4968/2086 2103/4969/2116
f 2069/4878/2069 2105/4877/2068 2152/4970/2117
f 2055/4876/2067 2127/4971/2090 2105/4877/2068
f 2152/4970/2117 2055/4876/2067 2104/4972/2042
f 2152/4970/2117 2104/4972/2042 2069/4878/2069
f 2107/4973/2118 2108/4974/2119 2106/4975/2120
f 1721/4976/1750 2107/4973/2118 2106/4975/2120
f 2107/4973/2118 2109/4977/1748 2108/4974/2119
f 2109/4977/1748 1721/4978/1750 2111/4979/2121
f 2111/4979/2121 1721/4978/1750 2110/4980/2122
f 2111/4979/2121 2313/4981/2123 2109/4977/1748
f 2109/4977/1748 2112/4982/2124 2108/4974/2119
f 2109/4977/1748 2313/4981/2123 2112/4982/2124
f 2112/4982/2124 2314/4983/2125 2108/4974/2119
f 2110/4984/2122 2108/4974/2119 2314/4983/2125
f 2108/4974/2119 2110/4984/2122 2106/4975/2120
f 2110/4984/2122 1721/4976/1750 2106/4975/2120
f 2061/4985/2074 2190/4915/2088 1995/4917/2009
f 2061/4985/2074 1995/4917/2009 2060/4986/2075
f 2060/4986/2075 1995/4917/2009 1996/4916/2011
f 1996/4916/2011 2190/4915/2088 2060/4986/2075
f 2061/4987/2074 2191/4988/2126 2192/4989/2127
f 2190/4915/2088 2061/4987/2074 2192/4989/2127
f 2061/4987/2074 2057/4990/2070 2191/4988/2126
f 2191/4988/2126 2057/4990/2070 2060/4986/2075
f 2191/4988/2126 2060/4986/2075 2190/4915/2088
f 2114/4991/2128 2115/4992/2129 2113/4993/2130
f 1890/4994/1829 1804/4995/1457 1645/4996/1173
f 2032/4927/2027 2034/4997/2047 2039/4998/2051
f 2032/4927/2027 2039/4998/2051 2041/4926/2046
f 2116/4999/2131 1946/5000/1956 1979/5001/1997
f 1979/5001/1997 1946/5000/1956 1982/5002/1957
f 1946/5000/1956 2116/4999/2131 2133/5003/1996
f 2118/5004/2132 1821/5005/1843 2117/5006/1844
f 2117/4323/1844 1822/4320/1842 2118/5004/2132
f 2118/5004/2132 1822/4320/1842 1821/4324/1843
f 2119/5007/2133 2183/5008/2134 2182/5009/2135
f 2119/5007/2133 2182/5009/2135 2120/5010/2136
f 2120/5010/2136 2182/5009/2135 2161/5011/2137
f 2089/5012/2102 2093/5013/2108 2122/5014/2138
f 2089/5012/2102 2122/5014/2138 2094/5015/2109
f 2122/5014/2138 2093/5013/2108 2151/5016/2139
f 2151/5016/2139 2093/5013/2108 2094/5015/2109
f 2151/5016/2139 2094/5015/2109 2105/5017/2068
f 2121/5018/2140 2094/5015/2109 2122/5014/2138
f 2094/5015/2109 2121/5018/2140 2105/5017/2068
f 2121/5018/2140 2151/5016/2139 2127/5019/2090
f 2151/5016/2139 2105/5017/2068 2127/5019/2090
f 2123/5020/2141 2125/5021/2142 2124/5022/2089
f 2126/5023/2143 2123/5020/2141 2127/5024/2090
f 2125/5025/2142 2126/5023/2143 2127/5024/2090
f 2073/5026/2024 2103/5027/2116 2102/5028/2087
f 2124/5029/2089 2168/5030/2091 2076/5031/2043
f 2123/5032/2141 2124/5029/2089 2152/5033/2117
f 2077/5034/2044 2127/5035/2090 2124/5029/2089
f 2071/4898/2084 2128/4899/2085 2068/4896/2083
f 2071/4898/2084 2069/4897/2069 2128/4899/2085
f 2177/5036/1899 1829/5037/1853 1855/5038/1852
f 1856/5039/1879 2177/5036/1899 1855/5038/1852
f 2177/5036/1899 1856/5039/1879 1854/5040/1877
f 1853/5041/1875 1829/5042/1853 2177/5043/1899
f 2130/5044/2144 2129/5045/2145 2131/5046/2146
f 2114/5047/2128 2113/5048/2130 2132/5049/2147
f 2115/5050/2129 2132/5049/2147 2113/5048/2130
f 1979/5001/1997 2133/5003/1996 2134/5051/2148
f 1979/5001/1997 2134/5051/2148 2116/4999/2131
f 1895/5052/1902 2135/5053/2149 2142/5054/2150
f 2142/5054/2150 2135/5053/2149 2136/5055/2151
f 2142/5056/2150 2136/5055/2151 2141/5057/2152
f 2137/5058/2153 2139/5059/2154 2219/5060/2155
f 2219/5060/2155 2139/5059/2154 2138/5061/2156
f 2138/5061/2156 2139/5059/2154 2141/5062/2152
f 2137/5063/2153 2138/5061/2156 2141/5062/2152
f 2139/5059/2154 2137/5058/2153 2140/5064/2157
f 2141/5057/2152 2140/5064/2157 2137/5058/2153
f 2140/5064/2157 2141/5057/2152 2136/5055/2151
f 2139/5059/2154 2142/5065/2150 2141/5062/2152
f 2142/5065/2150 2140/5064/2157 2143/5066/2158
f 2142/5065/2150 2143/5066/2158 1894/4505/1903
f 1895/4503/1902 2142/5065/2150 1894/4505/1903
f 1504/4506/1517 1894/4505/1903 2143/5066/2158
f 1504/4506/1517 2143/5066/2158 1895/5052/1902
f 2135/5053/2149 1895/5052/1902 2143/5066/2158
f 2143/5066/2158 2140/5064/2157 2135/5053/2149
f 2135/5053/2149 2140/5064/2157 2136/5055/2151
f 2140/5064/2157 2142/5065/2150 2139/5059/2154
f 1677/5067/1705 1680/5068/1704 1678/5069/1703
f 2144/5070/2159 1677/5067/1705 1678/5069/1703
f 1677/5067/1705 2144/5070/2159 2145/5071/2160
f 2253/5072/2161 2146/5073/2162 1677/5067/1705
f 1676/5074/1706 2279/5075/2163 1678/5076/1703
f 1678/5076/1703 2279/5075/2163 2144/5077/2159
f 1676/5074/1706 2146/5073/2162 2279/5075/2163
f 1677/5067/1705 2146/5073/2162 1676/5074/1706
f 2148/5078/2164 2149/5079/2165 2147/5080/2166
f 2147/5081/2166 2149/5082/2165 2148/5083/2164
f 2151/5084/2139 2150/5085/2167 2122/5086/2138
f 2150/5085/2167 2165/5087/2168 2122/5086/2138
f 2122/5086/2138 2165/5087/2168 2121/5088/2140
f 2121/5088/2140 2165/5087/2168 2151/5084/2139
f 2121/5089/2140 2127/5090/2090 2152/5091/2117
f 2121/5089/2140 2152/5091/2117 2105/5092/2068
f 2123/5093/2141 2152/5091/2117 2127/5090/2090
f 2052/4801/2039 1717/4803/1746 2043/5094/2054
f 2048/4861/2060 2046/4857/2058 2047/4856/2057
f 2046/4857/2058 2048/4861/2060 2045/4854/2055
f 2045/4854/2055 2043/4853/2054 2044/4852/2053
f 2045/4854/2055 2048/5095/2060 2043/4853/2054
f 2124/5096/2089 2127/5097/2090 2055/4876/2067
f 2152/4970/2117 2124/5096/2089 2055/4876/2067
f 1434/3411/1458 1807/4492/1832 1808/5098/1830
f 1808/5098/1830 2054/5099/2064 1434/3411/1458
f 1721/5100/1750 1435/4656/1459 2107/5101/2118
f 1721/5100/1750 1086/4657/1090 1435/4656/1459
f 1435/4656/1459 2109/4659/1748 2107/5101/2118
f 2131/5102/2146 2129/5103/2145 2130/5104/2144
f 2133/5105/1996 2116/5106/2131 2155/5107/2169
f 2155/5107/2169 2116/5106/2131 2192/5108/2127
f 2134/5109/2148 2133/5105/1996 2155/5107/2169
f 2116/5106/2131 2134/5109/2148 2192/5108/2127
f 1673/5110/1699 1671/5111/1697 2229/5112/1700
f 2156/5113/2170 2238/5114/2171 2239/5115/2172
f 1789/5116/1614 2021/4787/1817 2019/4784/2031
f 2091/5117/2106 2119/5118/2133 2158/5119/2173
f 2198/5120/2174 2091/5117/2106 2158/5119/2173
f 2198/5120/2174 2158/5119/2173 2092/5121/2107
f 2158/5119/2173 2119/5118/2133 2120/5122/2136
f 2158/5119/2173 2195/5123/2175 2092/5121/2107
f 2161/5124/2137 2159/5125/2176 2120/5126/2136
f 2164/5127/2177 2162/5128/2178 2163/5129/2177
f 2163/5129/2177 2162/5128/2178 2164/5127/2177
f 2151/5130/2139 2165/5131/2168 2199/5132/2179
f 2199/5132/2179 2165/5131/2168 2201/5133/2180
f 2199/5132/2179 2150/5134/2167 2151/5130/2139
f 2166/5135/2181 2125/5025/2142 2123/5020/2141
f 2123/5020/2141 2126/5023/2143 2165/5136/2168
f 2166/5135/2181 2123/5020/2141 2165/5136/2168
f 2125/5025/2142 2166/5135/2181 2126/5023/2143
f 2201/5137/2180 2126/5023/2143 2166/5135/2181
f 2150/5138/2167 2201/5137/2180 2166/5135/2181
f 2165/5136/2168 2150/5138/2167 2166/5135/2181
f 2168/5139/2091 2167/5140/2182 2172/5141/2183
f 2167/5140/2182 2168/5139/2091 2125/5142/2142
f 2125/5142/2142 2168/5139/2091 2124/5143/2089
f 2167/5140/2182 2125/5142/2142 2127/5144/2090
f 2127/5144/2090 2171/5145/2184 2167/5140/2182
f 2169/5146/2185 2167/5140/2182 2170/5147/2186
f 2169/5146/2185 2171/5148/2184 2172/5141/2183
f 2171/5148/2184 2127/5149/2090 2172/5141/2183
f 2167/5140/2182 2169/5146/2185 2172/5141/2183
f 2172/5150/2183 2127/5151/2090 2173/5152/2187
f 2168/5153/2091 2172/5150/2183 2174/5154/2188
f 2174/5154/2188 2172/5150/2183 2173/5152/2187
f 2168/5153/2091 2174/5154/2188 2175/5155/2189
f 2127/5156/2090 2168/5153/2091 2175/5155/2189
f 2127/5156/2090 2175/5155/2189 2173/5152/2187
f 2176/5157/2190 2109/4659/1748 1964/4658/1981
f 2176/5157/2190 1964/4658/1981 2410/5158/2062
f 1086/4083/1090 1721/4081/1750 1722/4080/1749
f 2154/5159/2191 2178/5160/2192 2179/5161/2193
f 1645/4996/1173 2180/5162/1672 1890/4994/1829
f 2019/4784/2031 2018/4783/2006 1991/5163/1815
f 1789/5116/1614 2019/4784/2031 1991/5163/1815
f 2183/5164/2134 2088/5165/2105 2092/5166/2107
f 2088/5165/2105 2183/5164/2134 2091/5167/2106
f 2183/5164/2134 2092/5166/2107 2157/5168/2194
f 2182/5169/2135 2157/5168/2194 2160/5170/2195
f 2182/5169/2135 2183/5164/2134 2157/5168/2194
f 2182/5169/2135 2160/5170/2195 2161/5171/2137
f 2183/5164/2134 2119/5172/2133 2091/5167/2106
f 1555/5173/1574 1558/5174/1575 1554/5175/1573
f 1556/5176/1576 1558/5174/1575 1555/5173/1574
f 2126/5177/2143 2201/5178/2180 2165/5179/2168
f 1271/4267/1291 1793/4270/1819 2184/5180/2196
f 1792/4268/1818 2184/5180/2196 2286/5181/2197
f 2286/5181/2197 2084/5182/2098 1793/4270/1819
f 1793/4270/1819 2084/5182/2098 2184/5180/2196
f 1792/4268/1818 2286/5181/2197 1793/4270/1819
f 1792/4268/1818 1271/4267/1291 2184/5180/2196
f 2100/4962/2115 2101/4960/2113 2096/4954/2111
f 2097/4958/2110 2100/4962/2115 2096/4954/2111
f 1731/4094/1756 1732/4099/1759 1733/5183/2198
f 1733/5183/2198 1732/4099/1759 2185/4098/1758
f 2185/5184/1758 2153/5185/2199 2186/5186/2200
f 1733/5187/2198 2185/5184/1758 2186/5186/2200
f 2187/5188/2201 2186/5186/2200 2153/5185/2199
f 2153/5185/2199 2185/5184/1758 2187/5188/2201
f 2187/5188/2201 2185/5184/1758 1731/5189/1756
f 2187/5188/2201 1731/5189/1756 1733/5187/2198
f 2188/5190/2202 1733/5187/2198 2186/5186/2200
f 1733/5187/2198 2188/5190/2202 2189/5191/2203
f 2187/5188/2201 2189/5191/2203 2186/5186/2200
f 2189/5191/2203 2187/5188/2201 1733/5187/2198
f 2190/5192/2088 2134/5109/2148 2191/5193/2126
f 2175/5194/2189 2203/5195/2204 2173/5196/2187
f 2174/5197/2188 2203/5195/2204 2192/5108/2127
f 2174/5197/2188 2192/5108/2127 2191/5198/2126
f 2175/5199/2189 2174/5197/2188 2191/5198/2126
f 2192/5108/2127 2203/5195/2204 2175/5194/2189
f 2175/5194/2189 2191/5193/2126 2134/5109/2148
f 2190/5192/2088 2192/5108/2127 2134/5109/2148
f 2175/5194/2189 2134/5109/2148 2155/5107/2169
f 2175/5194/2189 2155/5107/2169 2192/5108/2127
f 2194/5200/2205 1924/5201/1930 2193/5202/1929
f 1924/5201/1930 2194/5200/2205 1923/5203/1932
f 2193/5202/1929 1923/5203/1932 2303/5204/2206
f 2303/5204/2206 1923/5203/1932 2194/5200/2205
f 2120/5205/2136 2159/5206/2176 2158/5207/2173
f 2195/5208/2175 2224/5209/2207 2092/5210/2107
f 2157/5211/2194 2092/5210/2107 2197/5212/2208
f 2160/5213/2195 2196/5214/2209 2161/5215/2137
f 2157/5211/2194 2196/5214/2209 2160/5213/2195
f 2197/5216/2208 2092/5217/2107 2224/5218/2207
f 2197/5216/2208 2224/5218/2207 2158/5207/2173
f 2161/5215/2137 2196/5214/2209 2159/5206/2176
f 2196/5219/2209 2157/5220/2194 2197/5216/2208
f 2159/5206/2176 2197/5216/2208 2158/5207/2173
f 2091/5221/2106 2198/5222/2174 2199/5223/2179
f 2091/5221/2106 2199/5223/2179 2092/5224/2107
f 2198/5225/2174 2092/5226/2107 2202/5227/2210
f 2199/5228/2179 2198/5225/2174 2150/5229/2167
f 2150/5229/2167 2198/5225/2174 2202/5227/2210
f 2202/5227/2210 2092/5226/2107 2199/5230/2179
f 2202/5231/2210 2200/5232/2211 2150/5233/2167
f 2201/5234/2180 2150/5233/2167 2200/5232/2211
f 2199/5235/2179 2201/5234/2180 2200/5232/2211
f 2202/5231/2210 2199/5235/2179 2200/5232/2211
f 2171/5236/2184 2169/5237/2185 2173/5238/2187
f 2173/5238/2187 2169/5237/2185 2174/5239/2188
f 2174/5239/2188 2169/5237/2185 2203/5240/2204
f 2171/5236/2184 2173/5238/2187 2203/5240/2204
f 1964/4871/1981 2204/4869/2061 2053/4872/2063
f 1732/5241/1759 2208/5242/2212 1730/5243/1757
f 2208/5242/2212 1732/5241/1759 2207/5244/2213
f 2210/5245/2214 1731/5246/1756 2208/5242/2212
f 2210/5245/2214 2207/5244/2213 1731/5246/1756
f 2208/5242/2212 2207/5244/2213 2209/5247/2215
f 2209/5247/2215 2207/5244/2213 2210/5245/2214
f 2209/5247/2215 2210/5245/2214 2208/5242/2212
f 2211/5248/2216 2212/5249/2217 2213/5250/2218
f 2213/5250/2218 2214/5251/2219 2211/5248/2216
f 2214/5251/2219 2212/5252/2217 2211/5248/2216
f 2217/5253/2220 2216/5254/2221 2218/5255/2222
f 2137/5256/2153 2219/5257/2155 2220/5258/2223
f 2219/5257/2155 2138/5259/2156 2418/5260/2224
f 2366/5261/2225 2418/5260/2224 2138/5259/2156
f 2366/5261/2225 2222/5262/2226 2400/5263/2227
f 2222/5262/2226 2366/5261/2225 2138/5259/2156
f 2224/5264/2207 2195/5265/2175 2171/5266/2184
f 2224/5264/2207 2171/5266/2184 2170/5267/2186
f 2224/5264/2207 2170/5267/2186 2223/5268/2228
f 2224/5264/2207 2223/5268/2228 2158/5269/2173
f 2223/5268/2228 2195/5265/2175 2158/5269/2173
f 2195/5265/2175 2223/5268/2228 2170/5267/2186
f 2170/5267/2186 2171/5266/2184 2203/5270/2204
f 2203/5270/2204 2169/5271/2185 2170/5267/2186
f 2170/5267/2186 2167/5272/2182 2195/5265/2175
f 2167/5273/2182 2171/5266/2184 2195/5265/2175
f 2225/5274/2040 2226/5275/2229 2205/5276/1618
f 2226/5275/2229 2225/5274/2040 2308/5277/2230
f 2226/5275/2229 2310/5278/2231 2291/5279/2232
f 2043/5094/2054 2048/4861/2060 2052/4801/2039
f 2227/5280/2233 1673/5281/1699 2229/5282/1700
f 1673/5281/1699 2227/5280/2233 2342/5283/2234
f 2342/5284/2234 2228/5285/2235 1673/5286/1699
f 2227/5280/2233 2229/5282/1700 2228/5285/2235
f 1673/5286/1699 2228/5285/2235 1672/5287/1698
f 2229/5282/1700 1672/5287/1698 2228/5285/2235
f 2137/5288/2153 1816/5289/1556 2138/5290/2156
f 1816/5289/1556 2137/5288/2153 1782/5291/1808
f 2220/5292/2223 1782/5291/1808 2137/5288/2153
f 2208/5242/2212 1731/5246/1756 1730/5243/1757
f 1732/5241/1759 1731/5246/1756 2207/5244/2213
f 1485/5293/1503 1487/5294/1502 1488/5295/1505
f 1488/5295/1505 2231/5296/2236 1485/5293/1503
f 1486/5297/1504 1485/5293/1503 2231/5296/2236
f 1489/5298/1506 1486/5297/1504 2231/5296/2236
f 1488/5299/1505 1489/5298/1506 2232/5300/2237
f 2232/5301/2237 2231/5296/2236 1488/5295/1505
f 2231/5296/2236 2232/5301/2237 2234/5302/2238
f 1489/5298/1506 2231/5296/2236 2234/5302/2238
f 2233/5303/2239 2232/5300/2237 1489/5298/1506
f 2234/5302/2238 2233/5303/2239 1489/5298/1506
f 2234/5302/2238 2232/5301/2237 2233/5304/2239
f 2235/5305/2240 2237/5306/2241 2236/5307/2242
f 2236/5308/2242 2237/5306/2241 2235/5305/2240
f 2115/5309/2129 2114/5310/2128 2132/5311/2147
f 1939/4587/1952 2277/5312/2243 1938/4586/1951
f 1938/4586/1951 2277/5312/2243 1940/4588/1953
f 1808/5313/1830 1890/4994/1829 2054/5314/2064
f 2242/5315/2244 2054/5314/2064 1890/4994/1829
f 2241/5316/2245 2240/5317/2065 2054/5314/2064
f 2053/5318/2063 2240/5317/2065 2410/5319/2062
f 2242/5315/2244 2241/5316/2245 2054/5314/2064
f 2242/5315/2244 1890/4994/1829 2180/5162/1672
f 2242/5315/2244 2243/5320/2246 2241/5316/2245
f 2242/5315/2244 2180/5162/1672 2243/5320/2246
f 1968/5321/1988 1830/5322/1854 1967/5323/1986
f 2247/5324/2247 2246/5325/2248 2248/5326/2249
f 2247/5324/2247 2248/5326/2249 2250/5327/2250
f 2247/5328/2247 2250/5329/2250 2249/5330/2251
f 2246/5325/2248 2247/5328/2247 2249/5330/2251
f 2246/5325/2248 2249/5330/2251 2248/5326/2249
f 1904/5331/1914 2251/5332/2252 1903/5333/1913
f 1903/5333/1913 2251/5332/2252 1902/5334/1912
f 2251/5335/2252 1904/5336/1914 1902/5337/1912
f 2217/5338/2220 2218/5339/2222 2216/5340/2221
f 2144/5341/2159 2280/5342/2253 2145/5343/2160
f 2280/5342/2253 2253/5344/2161 2252/5345/2254
f 2253/5344/2161 1677/5346/1705 2145/5343/2160
f 2252/5345/2254 2253/5344/2161 2254/5347/2255
f 2254/5347/2255 2253/5344/2161 2145/5343/2160
f 2252/5345/2254 2254/5347/2255 2255/5348/2256
f 2254/5347/2255 2145/5343/2160 2256/5349/2257
f 2252/5345/2254 2255/5348/2256 2257/5350/2258
f 2257/5350/2258 2255/5348/2256 2254/5347/2255
f 2257/5350/2258 2254/5347/2255 2256/5349/2257
f 2257/5350/2258 2256/5349/2257 2145/5343/2160
f 2252/5345/2254 2257/5350/2258 2280/5342/2253
f 2280/5342/2253 2257/5350/2258 2145/5343/2160
f 2239/5351/2172 2238/5352/2171 2156/5353/2170
f 1488/5354/1505 1487/5355/1502 2258/5356/2259
f 1486/5357/1504 1488/5354/1505 2258/5356/2259
f 1486/5357/1504 2258/5356/2259 2259/5358/2260
f 2395/5359/2261 1487/5355/1502 2259/5358/2260
f 2259/5358/2260 1487/5355/1502 1486/5360/1504
f 2260/5361/1947 1934/5362/1945 2261/5363/2262
f 2261/5363/2262 1934/5362/1945 1933/5364/1946
f 1933/5364/1946 2260/5361/1947 2261/5363/2262
f 2146/5073/2162 2253/5365/2161 2279/5075/2163
f 2338/5366/2037 2024/5367/2036 2025/5368/2035
f 2025/5368/2035 2023/5369/2034 2264/5370/2263
f 2264/5370/2263 2023/5369/2034 2026/5371/2038
f 2263/5372/2264 2338/5366/2037 2025/5368/2035
f 2264/5370/2263 2263/5372/2264 2025/5368/2035
f 2264/5370/2263 2265/5373/2265 2338/5366/2037
f 2265/5373/2265 2264/5370/2263 2026/5371/2038
f 2338/5366/2037 2265/5373/2265 2266/5374/2266
f 2266/5374/2266 2265/5373/2265 2267/5375/2267
f 2267/5375/2267 2265/5373/2265 2268/5376/2268
f 2267/5375/2267 2268/5376/2268 2266/5374/2266
f 2268/5376/2268 2265/5373/2265 2026/5371/2038
f 2338/5366/2037 2266/5374/2266 2269/5377/2269
f 2269/5377/2269 2266/5374/2266 2268/5376/2268
f 2269/5377/2269 2268/5376/2268 2026/5371/2038
f 2338/5366/2037 2269/5377/2269 2026/5371/2038
f 1566/5378/1585 1955/5379/1970 2290/5380/1969
f 1961/5381/1975 2270/5382/2270 1958/5383/1971
f 1958/5383/1971 2270/5382/2270 1960/5384/1976
f 1960/5384/1976 2271/5385/2271 1961/5381/1975
f 1961/5381/1975 2271/5385/2271 2270/5382/2270
f 2270/5382/2270 2271/5385/2271 2272/5386/2272
f 2270/5382/2270 2273/5387/2273 1960/5384/1976
f 1960/5384/1976 2273/5387/2273 2271/5385/2271
f 2273/5387/2273 2270/5382/2270 2272/5386/2272
f 2271/5385/2271 2273/5387/2273 2274/5388/2274
f 1939/5389/1952 1940/5390/1953 2275/5391/2275
f 1939/5389/1952 2275/5391/2275 2277/5392/2243
f 2275/5391/2275 1940/5390/1953 2276/5393/2276
f 2277/5392/2243 2275/5391/2275 2322/5394/2277
f 2276/5393/2276 2322/5394/2277 2275/5391/2275
f 2276/5393/2276 2277/5392/2243 2322/5394/2277
f 2277/5392/2243 2276/5393/2276 1940/5390/1953
f 2262/5395/2278 2215/5396/2279 2278/5397/2280
f 2262/5395/2278 2278/5397/2280 2215/5398/2279
f 2230/5399/1810 2221/5400/2281 1491/5401/1174
f 2144/5341/2159 2279/5402/2163 2221/5403/2281
f 2221/5403/2281 2230/5404/1810 2144/5341/2159
f 2280/5342/2253 2230/5404/1810 2220/5405/2223
f 2230/5404/1810 2280/5342/2253 2144/5341/2159
f 2220/5405/2223 2221/5406/2281 2253/5344/2161
f 2221/5406/2281 2279/5407/2163 2253/5344/2161
f 2220/5405/2223 2253/5344/2161 2280/5342/2253
f 2282/5408/2282 2283/5409/2283 2281/5410/2284
f 2281/5410/2284 2283/5409/2283 2285/5411/2285
f 2285/5411/2285 2284/5412/2286 2281/5410/2284
f 2281/5410/2284 2284/5412/2286 2282/5413/2282
f 2282/5413/2282 2284/5412/2286 2283/5414/2283
f 2375/5415/2287 2285/5411/2285 2283/5409/2283
f 2356/5416/2288 2288/5417/2289 2287/5418/2290
f 2286/5419/2197 2287/5418/2290 2288/5417/2289
f 2286/5419/2197 2288/5417/2289 2356/5416/2288
f 1955/5420/1970 1954/5421/1968 2289/5422/1980
f 2272/5423/2272 2274/5424/2274 2273/5425/2273
f 2274/5424/2274 2272/5423/2272 2271/5426/2271
f 2205/5276/1618 2226/5275/2229 2206/5427/2041
f 2226/5275/2229 2291/5279/2232 2206/5427/2041
f 2100/5428/2115 2292/5429/2291 2101/5430/2113
f 2099/5431/2114 2101/5430/2113 2292/5429/2291
f 2099/5431/2114 2293/5432/2292 2357/5433/2293
f 2357/5433/2293 2293/5432/2292 2295/5434/2294
f 2293/5432/2292 2294/5435/2295 2295/5434/2294
f 2296/5436/2296 2295/5434/2294 2294/5437/2295
f 2296/5436/2296 2294/5435/2295 2293/5432/2292
f 2301/5438/2297 2299/5439/2298 2333/5440/2299
f 2298/5441/2300 2333/5440/2299 2299/5439/2298
f 2428/5442/2301 2298/5441/2300 2299/5439/2298
f 2297/5443/2302 2298/5441/2300 2300/5444/2303
f 2328/5445/2304 2302/5446/2305 2301/5447/2297
f 2426/5448/2306 2328/5445/2304 2300/5444/2303
f 2328/5445/2304 2297/5443/2302 2300/5444/2303
f 2194/5449/2205 2193/5450/1929 2303/5451/2206
f 2400/5452/2227 2222/5262/2226 2401/5453/2307
f 1782/5291/1808 2220/5292/2223 2230/5399/1810
f 2085/5454/2096 2084/5455/2098 2304/5456/2308
f 2082/5457/2097 2083/5458/1870 2304/5456/2308
f 2304/5456/2308 2083/5458/1870 2085/5454/2096
f 2082/5457/2097 2304/5459/2308 2305/5460/2309
f 2084/5455/2098 2082/5457/2097 2305/5460/2309
f 2305/5460/2309 2311/5461/2310 2084/5455/2098
f 2356/5462/2288 2349/5463/2311 2304/5456/2308
f 2305/5464/2309 2349/5463/2311 2355/5465/2312
f 2354/5466/2313 2356/5462/2288 2305/5464/2309
f 2377/5467/2314 2307/5468/2315 2306/5469/2316
f 2312/5470/2317 2287/5471/2290 2184/5180/2196
f 2184/5180/2196 2084/5182/2098 2312/5470/2317
f 2311/5472/2310 2312/5470/2317 2084/5182/2098
f 2206/5473/2041 2291/5474/2232 2225/5475/2040
f 2225/5475/2040 2291/5474/2232 2308/5476/2230
f 2226/5477/2229 2308/5476/2230 2309/5478/2318
f 2311/5479/2310 2309/5478/2318 2308/5476/2230
f 2311/5479/2310 2308/5476/2230 2310/5480/2231
f 2309/5481/2318 2311/5479/2310 2305/5482/2309
f 2312/5483/2317 2305/5482/2309 2356/5484/2288
f 2311/5479/2310 2310/5480/2231 2312/5483/2317
f 2305/5482/2309 2310/5480/2231 2309/5481/2318
f 2310/5480/2231 2305/5482/2309 2312/5483/2317
f 2310/5480/2231 2308/5476/2230 2291/5474/2232
f 2313/5485/2123 2317/5486/2319 2112/5487/2124
f 2317/5488/2319 2313/5489/2123 2111/5490/2121
f 2111/5490/2121 2110/5491/2122 2317/5488/2319
f 2110/5491/2122 2314/5492/2125 2315/5493/2320
f 2110/5491/2122 2315/5493/2320 2316/5494/2321
f 2316/5494/2321 2317/5488/2319 2110/5491/2122
f 2320/5495/2322 2318/5496/2323 2179/5161/2193
f 2179/5161/2193 2319/5497/2324 2320/5495/2322
f 2319/5497/2324 2318/5498/2323 2503/5499/2325
f 2318/5496/2323 2320/5495/2322 2503/5500/2325
f 2521/5501/2326 2319/5497/2324 2503/5499/2325
f 2319/5497/2324 2521/5501/2326 2320/5495/2322
f 1968/5502/1988 1967/5503/1986 2321/5504/2327
f 1968/5321/1988 2321/5504/2327 2245/5505/1987
f 1967/5503/1986 2245/5505/1987 2321/5504/2327
f 1974/5506/1993 1975/5507/2328 2323/5508/1994
f 1974/5506/1993 1976/5509/1992 1975/5507/2328
f 2323/5508/1994 1975/5507/2328 2325/5510/2329
f 2324/5511/2330 2325/5510/2329 1975/5507/2328
f 2325/5510/2329 2324/5511/2330 2327/5512/2331
f 2324/5511/2330 2326/5513/2332 2327/5512/2331
f 2326/5513/2332 2475/5514/2333 2327/5512/2331
f 2327/5512/2331 2475/5514/2333 2411/5515/2334
f 2297/5516/2302 2333/5517/2299 2298/5518/2300
f 2328/5519/2304 2333/5520/2299 2297/5516/2302
f 2333/5520/2299 2328/5519/2304 2301/5521/2297
f 2003/5522/2018 2329/5523/2335 2005/4750/2016
f 2005/4750/2016 2329/5523/2335 2004/4748/2019
f 2004/4748/2019 2329/5524/2335 2003/4747/2018
f 1639/5525/1664 2332/5526/2336 1638/5527/1663
f 2331/5528/2337 1639/5525/1664 2330/5529/2338
f 2330/5529/2338 1638/5527/1663 2332/5526/2336
f 1639/5525/1664 2331/5528/2337 2332/5526/2336
f 2290/5530/1969 1955/5531/1970 2372/5532/2339
f 2289/5533/1980 2290/5530/1969 2372/5532/2339
f 2395/5359/2261 2258/5356/2259 1487/5355/1502
f 2340/5534/2340 2227/5280/2233 2228/5535/2235
f 2323/5508/1994 2325/5510/2329 2335/5536/2341
f 2323/5508/1994 2335/5536/2341 1976/5537/1992
f 2324/5538/2330 1975/5539/2328 1976/5537/1992
f 2324/5538/2330 1976/5537/1992 2334/5540/2342
f 2334/5540/2342 1976/5537/1992 2335/5536/2341
f 2327/5512/2331 2335/5536/2341 2325/5510/2329
f 2338/5541/2037 2263/5542/2264 2264/5543/2263
f 2286/5419/2197 2356/5416/2288 2084/5544/2098
f 2084/5544/2098 2356/5416/2288 2304/5545/2308
f 2356/5416/2288 2287/5418/2290 2312/5546/2317
f 2287/5418/2290 2286/5419/2197 2184/5547/2196
f 2179/5548/2193 2318/5496/2323 2154/5159/2191
f 2178/5160/2192 2154/5159/2191 2318/5496/2323
f 2179/5161/2193 2178/5160/2192 2319/5497/2324
f 2178/5160/2192 2318/5496/2323 2319/5497/2324
f 2227/5549/2233 2339/5550/2343 2342/5551/2234
f 2227/5552/2233 2340/5553/2340 2339/5554/2343
f 2221/5555/2281 2326/5556/2332 1491/5557/1174
f 2411/5558/2334 1491/5557/1174 2326/5556/2332
f 2344/5559/2344 2343/5560/2345 2345/5561/2346
f 2348/5562/2347 2346/5563/2348 2347/5564/2349
f 2349/5565/2311 2350/5566/2350 2304/5567/2308
f 2350/5566/2350 2349/5565/2311 2305/5568/2309
f 2350/5566/2350 2305/5568/2309 2304/5567/2308
f 2351/5569/2351 2226/5570/2229 2309/5571/2318
f 2351/5569/2351 2309/5571/2318 2352/5572/2352
f 2226/5570/2229 2351/5569/2351 2353/5573/2353
f 2310/5574/2231 2226/5570/2229 2353/5573/2353
f 2309/5571/2318 2310/5574/2231 2353/5573/2353
f 2352/5572/2352 2309/5571/2318 2353/5573/2353
f 2452/5575/2354 2352/5572/2352 2355/5576/2312
f 2352/5572/2352 2452/5575/2354 2351/5569/2351
f 2354/5577/2313 2351/5569/2351 2451/5578/2355
f 2354/5577/2313 2353/5573/2353 2351/5569/2351
f 2352/5579/2352 2353/5573/2353 2354/5577/2313
f 2452/5580/2354 2355/5581/2312 2451/5578/2355
f 2355/5581/2312 2352/5579/2352 2354/5577/2313
f 2451/5578/2355 2355/5581/2312 2356/5582/2288
f 2354/5577/2313 2451/5578/2355 2356/5582/2288
f 2305/5583/2309 2355/5581/2312 2354/5577/2313
f 2356/5582/2288 2355/5581/2312 2349/5584/2311
f 2293/5432/2292 2099/5431/2114 2292/5429/2291
f 2357/5433/2293 2292/5429/2291 2100/5428/2115
f 2100/5428/2115 2099/5431/2114 2357/5433/2293
f 2357/5433/2293 2295/5434/2294 2296/5436/2296
f 2357/5433/2293 2296/5436/2296 2292/5429/2291
f 2293/5432/2292 2292/5429/2291 2296/5436/2296
f 2213/5585/2218 2468/5586/2356 2358/5587/2357
f 2212/5588/2217 2358/5587/2357 2359/5589/2358
f 2213/5585/2218 2358/5587/2357 2214/5590/2219
f 2358/5587/2357 2212/5588/2217 2214/5590/2219
f 2213/5585/2218 2212/5588/2217 2359/5589/2358
f 2468/5586/2356 2213/5585/2218 2359/5589/2358
f 2469/5591/2359 2359/5589/2358 2358/5587/2357
f 2469/5591/2359 2358/5587/2357 2468/5586/2356
f 2250/5327/2250 2248/5326/2249 2361/5592/2360
f 2248/5326/2249 2249/5330/2251 2361/5592/2360
f 2360/5593/2361 2249/5330/2251 2250/5329/2250
f 2361/5592/2360 2249/5330/2251 2360/5593/2361
f 2440/5594/2362 2360/5593/2361 2250/5329/2250
f 2250/5329/2250 2361/5595/2360 2440/5594/2362
f 2339/5596/2343 2340/5597/2340 2341/5598/2363
f 2341/5598/2363 2340/5599/2340 2342/5600/2234
f 2341/5598/2363 2342/5600/2234 2362/5601/2364
f 2362/5602/2364 2363/5603/2365 2364/5604/2366
f 2363/5603/2365 2366/5605/2225 2365/5606/2367
f 2365/5606/2367 2367/5607/2368 2364/5604/2366
f 2363/5603/2365 2365/5606/2367 2364/5604/2366
f 2363/5608/2365 2367/5607/2368 2418/5609/2224
f 2368/5610/2369 2363/5608/2365 2362/5611/2364
f 2368/5610/2369 2362/5611/2364 2339/5596/2343
f 2362/5611/2364 2342/5612/2234 2339/5596/2343
f 2341/5598/2363 2364/5604/2366 2368/5610/2369
f 2362/5602/2364 2364/5604/2366 2341/5598/2363
f 2367/5607/2368 2363/5608/2365 2368/5610/2369
f 2348/5613/2347 2347/5614/2349 2346/5615/2348
f 2369/5616/2370 2337/5617/2371 2336/5618/2372
f 2370/5619/2373 1955/5620/1970 2289/5621/1980
f 1955/5620/1970 2370/5619/2373 2371/5622/2374
f 2370/5619/2373 2289/5621/1980 2372/5623/2339
f 1955/5624/1970 2371/5625/2374 2372/5623/2339
f 2372/5623/2339 2371/5625/2374 2373/5626/2375
f 2373/5626/2375 2374/5627/2376 2372/5623/2339
f 2342/5628/2234 2340/5629/2340 2228/5630/2235
f 2375/5631/2287 2283/5632/2283 2376/5633/2377
f 2306/5634/2316 2307/5635/2315 2378/5636/2378
f 2378/5636/2378 2307/5635/2315 2390/5637/2379
f 2378/5636/2378 2390/5637/2379 2377/5638/2314
f 2378/5636/2378 2377/5638/2314 2306/5634/2316
f 2189/5639/2203 2188/5640/2202 2379/5641/2380
f 2379/5641/2380 2188/5640/2202 2380/5642/2381
f 2383/5643/2382 2382/5644/2383 2384/5645/2384
f 2383/5646/2382 2384/5645/2384 2382/5644/2383
f 2176/5647/2190 1722/4080/1749 2109/4079/1748
f 1507/5648/1519 1508/5649/1520 1509/5650/1521
f 1507/5648/1519 1509/5650/1521 2385/5651/2385
f 1506/5652/1518 1507/5648/1519 2386/5653/2386
f 1506/5652/1518 2386/5653/2386 1509/5650/1521
f 1507/5648/1519 2385/5651/2385 2386/5653/2386
f 2387/5654/2387 2386/5653/2386 2388/5655/2388
f 2520/5656/2389 2388/5655/2388 2389/5657/2390
f 2389/5657/2390 2387/5654/2387 2520/5656/2389
f 2520/5656/2389 2387/5654/2387 2541/5658/2391
f 2388/5655/2388 2541/5658/2391 2387/5654/2387
f 2394/5659/2392 2283/5632/2283 2284/5660/2286
f 2375/5631/2287 2376/5633/2377 2284/5660/2286
f 2375/5631/2287 2284/5660/2286 2285/5661/2285
f 1640/5662/1665 2330/5529/2338 1639/5525/1664
f 2330/5529/2338 1640/5662/1665 1638/5527/1663
f 2189/5663/2203 2381/5664/2393 2186/5665/2200
f 2379/5641/2380 2380/5642/2381 2189/5639/2203
f 2393/5666/2394 2392/5667/2395 2391/5668/2396
f 2368/5610/2369 2339/5596/2343 2341/5598/2363
f 2284/5669/2286 2376/5670/2377 2394/5671/2392
f 2394/5671/2392 2371/5672/2374 2283/5673/2283
f 2371/5672/2374 2376/5670/2377 2283/5673/2283
f 2376/5674/2377 2371/5675/2374 2370/5676/2373
f 2370/5676/2373 2373/5677/2375 2376/5678/2377
f 2376/5678/2377 2373/5677/2375 2394/5679/2392
f 2373/5677/2375 2371/5675/2374 2394/5679/2392
f 2307/5680/2315 2377/5681/2314 2390/5682/2379
f 2395/5683/2261 2416/5684/2397 2258/5685/2259
f 2259/5686/2260 2258/5685/2259 2416/5684/2397
f 2326/5687/2332 2221/5688/2281 2220/5258/2223
f 2365/5689/2367 2219/5257/2155 2418/5260/2224
f 2343/5690/2345 2344/5691/2344 2345/5692/2346
f 2369/5693/2370 2336/5694/2372 2337/5695/2371
f 2396/5696/2398 2374/5697/2376 2370/5698/2373
f 2396/5699/2398 2372/5700/2339 2374/5701/2376
f 2397/5702/2399 2372/5700/2339 2396/5699/2398
f 2483/5703/2400 2397/5702/2399 2398/5704/2401
f 2397/5702/2399 2483/5703/2400 2372/5700/2339
f 2372/5700/2339 2483/5703/2400 2399/5705/2402
f 2398/5706/2401 2370/5698/2373 2372/5700/2339
f 2370/5698/2373 2398/5706/2401 2396/5696/2398
f 2398/5706/2401 2372/5700/2339 2399/5705/2402
f 2486/5707/2403 2483/5703/2400 2398/5704/2401
f 2391/5708/2396 2392/5709/2395 2393/5710/2394
f 2368/5610/2369 2364/5604/2366 2367/5607/2368
f 2326/5687/2332 2220/5258/2223 2475/5711/2333
f 2475/5711/2333 2220/5258/2223 2447/5712/2404
f 2447/5712/2404 2220/5258/2223 2219/5257/2155
f 2408/5713/2405 2403/5714/2406 2402/5715/2407
f 2406/5716/2408 2409/5717/2409 2404/5718/2410
f 2404/5718/2410 2409/5717/2409 2405/5719/2411
f 2408/5713/2405 2407/5720/2412 2406/5716/2408
f 2405/5721/2411 2406/5716/2408 2407/5720/2412
f 2406/5716/2408 2404/5718/2410 2408/5713/2405
f 2408/5713/2405 2402/5715/2407 2407/5720/2412
f 2402/5715/2407 2404/5722/2410 2407/5720/2412
f 2420/5723/2413 2404/5722/2410 2402/5715/2407
f 2420/5723/2413 2403/5724/2406 2404/5722/2410
f 2403/5724/2406 2408/5725/2405 2404/5722/2410
f 2404/5722/2410 2405/5721/2411 2407/5720/2412
f 2405/5721/2411 2409/5717/2409 2406/5716/2408
f 2464/5726/2414 2176/5647/2190 2410/5727/2062
f 2410/5727/2062 2240/5728/2065 2464/5726/2414
f 2464/5726/2414 2241/5729/2245 2176/5647/2190
f 2241/5729/2245 2243/5730/2246 2176/5647/2190
f 2176/5647/2190 2243/5730/2246 2244/5731/2415
f 2181/5732/1671 1491/5733/1174 2411/5734/2334
f 2411/5734/2334 1647/5735/1676 2181/5732/1671
f 2445/5736/2416 2411/5734/2334 2413/5737/2417
f 1647/5735/1676 2411/5734/2334 2445/5736/2416
f 2370/5738/2373 2374/5739/2376 2457/5740/2418
f 2414/5741/2419 2374/5739/2376 2373/5742/2375
f 2414/5741/2419 2373/5742/2375 2457/5740/2418
f 2370/5738/2373 2457/5740/2418 2373/5742/2375
f 2416/5684/2397 2395/5683/2261 2415/5743/2420
f 2415/5743/2420 2395/5683/2261 2259/5686/2260
f 2259/5686/2260 2416/5684/2397 2441/5744/2421
f 2381/5745/2393 2189/5746/2203 2380/5747/2381
f 2381/5745/2393 2380/5747/2381 2186/5748/2200
f 2380/5747/2381 2188/5749/2202 2186/5748/2200
f 2316/5750/2321 2490/5751/2422 2314/5752/2125
f 2315/5753/2320 2314/5752/2125 2490/5751/2422
f 2417/5754/2423 2315/5753/2320 2456/5755/2424
f 2316/5750/2321 2417/5756/2423 2490/5751/2422
f 2315/5757/2320 2417/5756/2423 2316/5750/2321
f 2334/5540/2342 2335/5536/2341 2327/5512/2331
f 2324/5538/2330 2334/5540/2342 2326/5758/2332
f 2326/5758/2332 2334/5540/2342 2411/5515/2334
f 2334/5540/2342 2327/5512/2331 2411/5515/2334
f 2367/5607/2368 2365/5606/2367 2418/5609/2224
f 2418/5609/2224 2366/5759/2225 2363/5608/2365
f 2403/5760/2406 2419/5761/2425 2402/5762/2407
f 2419/5761/2425 2420/5763/2413 2402/5762/2407
f 2464/5764/2414 2419/5761/2425 2403/5760/2406
f 2464/5764/2414 2403/5760/2406 2420/5763/2413
f 2464/5764/2414 2420/5763/2413 2241/5765/2245
f 2241/5765/2245 2420/5763/2413 2419/5761/2425
f 2241/5765/2245 2419/5761/2425 2240/5766/2065
f 2422/5767/2426 2421/5768/2427 2423/5769/2428
f 2421/5768/2427 2422/5767/2426 2425/5770/2429
f 2423/5769/2428 2421/5768/2427 2425/5770/2429
f 2422/5771/2426 2526/5772/2430 2424/5773/2431
f 2424/5774/2431 2524/5775/2432 2425/5770/2429
f 2425/5770/2429 2524/5775/2432 2423/5769/2428
f 2422/5771/2426 2423/5769/2428 2524/5775/2432
f 2424/5774/2431 2425/5770/2429 2422/5767/2426
f 2298/5441/2300 2428/5442/2301 2300/5444/2303
f 2427/5776/2433 2300/5444/2303 2428/5442/2301
f 2543/5777/2434 2428/5442/2301 2299/5439/2298
f 2543/5777/2434 2299/5439/2298 2301/5438/2297
f 2429/5778/2435 2314/5779/2125 2112/5780/2124
f 2316/5781/2321 2429/5782/2435 2317/5783/2319
f 2112/5780/2124 2317/5783/2319 2429/5784/2435
f 2316/5785/2321 2314/5492/2125 2429/5786/2435
f 2431/5787/2436 2430/5788/2437 2444/5789/2438
f 2387/5654/2387 2385/5651/2385 1509/5650/1521
f 2387/5654/2387 1509/5650/1521 2386/5653/2386
f 2388/5655/2388 2386/5653/2386 2389/5657/2390
f 2389/5657/2390 2385/5651/2385 2387/5654/2387
f 2385/5651/2385 2389/5657/2390 2386/5653/2386
f 2434/5790/2439 2433/5791/2440 2432/5792/2441
f 2440/5793/2362 2436/5794/2442 2547/5795/2443
f 2547/5795/2443 2360/5796/2361 2440/5793/2362
f 2436/5794/2442 2361/5797/2360 2437/5798/2444
f 2436/5794/2442 2437/5798/2444 2438/5799/2445
f 2437/5798/2444 2445/5800/2416 2413/5801/2417
f 2413/5801/2417 2438/5799/2445 2437/5798/2444
f 2439/5802/2446 2438/5799/2445 2413/5801/2417
f 2439/5802/2446 2548/5803/2447 2547/5795/2443
f 2439/5802/2446 2547/5795/2443 2438/5799/2445
f 2547/5795/2443 2437/5804/2444 2361/5805/2360
f 2436/5794/2442 2438/5799/2445 2547/5795/2443
f 2360/5796/2361 2547/5795/2443 2361/5805/2360
f 2436/5794/2442 2440/5793/2362 2361/5797/2360
f 2442/5806/2448 2441/5807/2421 2416/5808/2397
f 2442/5806/2448 2416/5808/2397 2415/5809/2420
f 2415/5809/2420 2259/5810/2260 2441/5807/2421
f 2415/5809/2420 2441/5807/2421 2442/5806/2448
f 2431/5811/2436 2443/5812/2449 2430/5813/2437
f 2444/5814/2438 2430/5813/2437 2443/5812/2449
f 2548/5815/2447 2413/5816/2417 2446/5817/2450
f 2548/5815/2447 2446/5817/2450 2445/5736/2416
f 2446/5817/2450 2413/5816/2417 2475/5818/2333
f 2447/5819/2404 2446/5817/2450 2475/5818/2333
f 2447/5819/2404 2536/5820/2451 2448/5821/2452
f 2448/5821/2452 2613/5822/2453 2449/5823/2454
f 2449/5823/2454 2446/5817/2450 2447/5819/2404
f 2449/5823/2454 2447/5819/2404 2448/5821/2452
f 2446/5817/2450 2449/5823/2454 2558/5824/2455
f 2451/5825/2355 2450/5826/2456 2453/5827/2457
f 2451/5825/2355 2453/5827/2457 2452/5828/2354
f 2451/5825/2355 2351/5829/2351 2450/5826/2456
f 2452/5828/2354 2450/5826/2456 2351/5829/2351
f 2453/5827/2457 2450/5826/2456 2460/5830/2458
f 2461/5831/2459 2460/5830/2458 2450/5826/2456
f 2453/5827/2457 2461/5831/2459 2452/5828/2354
f 2452/5828/2354 2461/5831/2459 2450/5826/2456
f 2455/5832/2460 2454/5833/2461 2456/5755/2424
f 2315/5753/2320 2455/5832/2460 2456/5755/2424
f 2490/5751/2422 2455/5832/2460 2315/5753/2320
f 2414/5834/2419 2457/5835/2418 2458/5836/2462
f 2458/5836/2462 2457/5835/2418 2374/5837/2376
f 2458/5836/2462 2374/5837/2376 2414/5838/2419
f 2398/5839/2401 2459/5840/2463 2396/5841/2398
f 2459/5840/2463 2398/5839/2401 2397/5842/2399
f 2462/5843/2464 2396/5841/2398 2459/5840/2463
f 2396/5841/2398 2462/5843/2464 2397/5842/2399
f 2459/5840/2463 2397/5842/2399 2460/5844/2458
f 2460/5844/2458 2397/5842/2399 2462/5843/2464
f 2462/5843/2464 2459/5840/2463 2461/5845/2459
f 2459/5840/2463 2460/5844/2458 2461/5845/2459
f 2461/5845/2459 2453/5846/2457 2462/5847/2464
f 2462/5847/2464 2453/5846/2457 2460/5844/2458
f 2454/5848/2461 2417/5849/2423 2456/5850/2424
f 2455/5851/2460 2417/5849/2423 2454/5848/2461
f 2444/5852/2438 2443/5853/2449 2463/5854/2465
f 2444/5852/2438 2463/5854/2465 2431/5855/2436
f 2443/5853/2449 2431/5855/2436 2463/5854/2465
f 2435/5856/2466 2433/5857/2440 2434/5858/2439
f 2432/5792/2441 2433/5857/2440 2435/5856/2466
f 2515/5859/2467 2419/5761/2425 2464/5764/2414
f 2465/5860/2468 2464/5764/2414 2240/5861/2065
f 2240/5862/2065 2419/5863/2425 2465/5864/2468
f 2465/5864/2468 2419/5863/2425 2466/5865/2469
f 2466/5865/2469 2419/5863/2425 2515/5866/2467
f 2515/5866/2467 2464/5867/2414 2465/5864/2468
f 2422/5771/2426 2524/5775/2432 2526/5772/2430
f 2503/5868/2325 2468/5869/2356 2470/5870/2470
f 2470/5870/2470 2468/5869/2356 2359/5871/2358
f 2244/5872/2415 2400/5873/2227 1722/5874/1749
f 2401/5875/2307 1722/5874/1749 2400/5873/2227
f 2411/5876/2334 2475/5877/2333 2413/5878/2417
f 2447/5879/2404 2473/5880/2471 2571/5881/2472
f 2473/5880/2471 2447/5879/2404 2474/5882/2473
f 2491/5883/2474 2492/5884/2475 2473/5885/2471
f 2571/5886/2472 2473/5885/2471 2492/5884/2475
f 2492/5884/2475 2474/5882/2473 2571/5886/2472
f 2492/5884/2475 2472/5887/2476 2474/5882/2473
f 2366/5888/2225 2447/5879/2404 2219/5889/2155
f 2366/5888/2225 2219/5889/2155 2365/5890/2367
f 2474/5882/2473 2366/5888/2225 2571/5886/2472
f 2366/5888/2225 2474/5882/2473 2447/5879/2404
f 2486/5891/2403 2398/5892/2401 2399/5893/2402
f 2476/5894/2477 2486/5891/2403 2399/5893/2402
f 2476/5894/2477 2399/5893/2402 2483/5895/2400
f 2477/5896/2478 2480/5897/2479 2476/5894/2477
f 2478/5898/2480 2480/5897/2479 2477/5896/2478
f 2480/5897/2479 2478/5898/2480 2511/5899/2481
f 2479/5900/2482 2477/5896/2478 2511/5899/2481
f 2477/5896/2478 2483/5895/2400 2511/5899/2481
f 2483/5895/2400 2480/5897/2479 2511/5899/2481
f 2477/5896/2478 2476/5894/2477 2483/5895/2400
f 2476/5894/2477 2480/5897/2479 2481/5901/2483
f 2481/5901/2483 2480/5897/2479 2483/5895/2400
f 2476/5894/2477 2481/5901/2483 2486/5902/2403
f 2482/5903/2484 2481/5901/2483 2483/5895/2400
f 2330/5904/2338 2485/5905/2485 2331/5906/2337
f 2330/5904/2338 2484/5907/2486 2487/5908/2487
f 2330/5904/2338 2332/5909/2336 2484/5907/2486
f 2484/5907/2486 2332/5909/2336 2331/5906/2337
f 2484/5907/2486 2331/5906/2337 2485/5905/2485
f 2330/5904/2338 2487/5908/2487 2485/5905/2485
f 2483/5910/2400 2486/5911/2403 2482/5912/2484
f 2486/5911/2403 2496/5913/2488 2497/5914/2489
f 2482/5912/2484 2486/5911/2403 2497/5914/2489
f 2481/5915/2483 2496/5913/2488 2486/5911/2403
f 2482/5912/2484 2496/5913/2488 2481/5915/2483
f 2485/5916/2485 2498/5917/2490 2484/5918/2486
f 2489/5919/2491 2417/5849/2423 2455/5851/2460
f 2490/5920/2422 2489/5919/2491 2455/5851/2460
f 2490/5920/2422 2417/5921/2423 2529/5922/2492
f 2417/5849/2423 2489/5919/2491 2529/5923/2492
f 2435/5924/2466 2434/5925/2439 2491/5926/2474
f 2491/5927/2474 2434/5928/2439 2432/5929/2441
f 2493/5930/2493 2432/5929/2441 2435/5924/2466
f 2473/5931/2471 2474/5932/2473 2472/5933/2476
f 2493/5930/2493 2492/5934/2475 2491/5927/2474
f 2492/5934/2475 2493/5930/2493 2472/5933/2476
f 2493/5930/2493 2491/5927/2474 2432/5929/2441
f 2493/5930/2493 2435/5924/2466 2472/5933/2476
f 2473/5931/2471 2472/5933/2476 2435/5924/2466
f 2473/5931/2471 2435/5924/2466 2491/5926/2474
f 2508/5935/2494 2495/5936/2495 2496/5937/2488
f 2495/5936/2495 2494/5938/2496 2497/5939/2489
f 2497/5939/2489 2508/5935/2494 2482/5940/2484
f 2508/5935/2494 2496/5937/2488 2482/5940/2484
f 2495/5936/2495 2497/5939/2489 2496/5937/2488
f 2485/5941/2485 2500/5942/2497 2498/5943/2490
f 2485/5941/2485 2487/5944/2487 2499/5945/2498
f 2500/5942/2497 2485/5941/2485 2499/5945/2498
f 2498/5943/2490 2499/5945/2498 2487/5944/2487
f 2501/5946/2499 2499/5945/2498 2498/5943/2490
f 2500/5942/2497 2502/5947/2500 2541/5948/2391
f 2499/5949/2498 2467/5950/2501 2500/5942/2497
f 2467/5950/2501 2502/5947/2500 2500/5942/2497
f 2499/5949/2498 2502/5947/2500 2467/5950/2501
f 2502/5947/2500 2499/5949/2498 2501/5951/2499
f 2468/5952/2356 2503/5953/2325 2320/5954/2322
f 2468/5952/2356 2320/5954/2322 2469/5955/2359
f 2503/5953/2325 2504/5956/2502 2521/5957/2326
f 2503/5958/2325 2469/5959/2359 2505/5960/2503
f 2469/5959/2359 2503/5958/2325 2470/5961/2470
f 2505/5960/2503 2469/5959/2359 2320/5962/2322
f 2505/5960/2503 2320/5962/2322 2521/5957/2326
f 2243/5320/2246 1646/5963/1674 2244/5964/2415
f 2244/5964/2415 1646/5963/1674 4957/5965/2504
f 1646/5963/1674 2243/5320/2246 2180/5162/1672
f 2508/5935/2494 2497/5939/2489 2494/5938/2496
f 2510/5966/2505 2495/5967/2495 2508/5968/2494
f 2495/5967/2495 2510/5966/2505 2494/5969/2496
f 2494/5969/2496 2510/5966/2505 2509/5970/2506
f 2508/5968/2494 2494/5969/2496 2509/5970/2506
f 2508/5968/2494 2509/5970/2506 2510/5966/2505
f 2498/5971/2490 2487/5972/2487 2513/5973/2507
f 2484/5974/2486 2498/5971/2490 2513/5973/2507
f 2487/5975/2487 2488/5976/2508 2511/5977/2481
f 2511/5977/2481 2488/5976/2508 2479/5978/2482
f 2512/5979/2509 2479/5978/2482 2488/5976/2508
f 2512/5979/2509 2488/5976/2508 2478/5980/2480
f 2511/5981/2481 2478/5980/2480 2513/5973/2507
f 2513/5973/2507 2478/5980/2480 2488/5976/2508
f 2513/5973/2507 2488/5976/2508 2484/5974/2486
f 2487/5972/2487 2484/5982/2486 2488/5983/2508
f 2511/5981/2481 2513/5973/2507 2487/5972/2487
f 2465/5864/2468 2466/5865/2469 2514/5984/2510
f 2515/5866/2467 2465/5864/2468 2514/5984/2510
f 2466/5865/2469 2515/5866/2467 2516/5985/2511
f 2466/5865/2469 2516/5985/2511 2514/5984/2510
f 2515/5866/2467 2514/5984/2510 2517/5986/2512
f 2515/5866/2467 2517/5986/2512 2516/5985/2511
f 2518/5987/2513 2517/5986/2512 2519/5988/2514
f 2516/5985/2511 2519/5988/2514 2514/5984/2510
f 2517/5986/2512 2514/5984/2510 2519/5988/2514
f 2504/5989/2502 2503/5990/2325 2505/5991/2503
f 2504/5989/2502 2505/5991/2503 2470/5992/2470
f 2504/5989/2502 2470/5992/2470 2359/5993/2358
f 2504/5989/2502 2359/5993/2358 2520/5994/2389
f 2504/5989/2502 2388/5995/2388 2521/5996/2326
f 2388/5995/2388 2520/5997/2389 2521/5996/2326
f 2505/5998/2503 2521/5996/2326 2520/5997/2389
f 2505/5998/2503 2520/5997/2389 2470/5999/2470
f 2520/6000/2389 2359/6001/2358 2469/6002/2359
f 2470/6003/2470 2520/6004/2389 2469/6005/2359
f 2302/6006/2305 2543/6007/2434 2301/6008/2297
f 2543/6007/2434 2302/6006/2305 2593/6009/2515
f 2426/6010/2306 2302/6006/2305 2328/6011/2304
f 2428/6012/2301 2573/6013/2516 2427/6014/2433
f 2522/6015/2517 2573/6013/2516 2428/6012/2301
f 2522/6015/2517 2543/6007/2434 2593/6009/2515
f 2300/6016/2303 2574/6017/2518 2426/6018/2306
f 2427/6019/2433 2574/6017/2518 2300/6016/2303
f 2498/5943/2490 2500/5942/2497 2501/5946/2499
f 2478/6020/2480 2523/6021/2519 2512/6022/2509
f 2523/6021/2519 2478/6023/2480 2479/6024/2482
f 2479/6024/2482 2512/6022/2509 2523/6021/2519
f 2526/6025/2430 2524/6026/2432 2552/6027/2520
f 2424/6028/2431 2526/6025/2430 2525/6029/2521
f 2524/6026/2432 2424/6030/2431 2525/6031/2521
f 2524/6026/2432 2525/6031/2521 2552/6027/2520
f 2506/6032/2522 2527/6033/2523 2507/6034/2524
f 2507/6035/2524 2527/6033/2523 2506/6032/2522
f 2528/6036/2525 2490/6037/2422 2529/6038/2492
f 2490/6037/2422 2528/6036/2525 2489/6039/2491
f 2489/6039/2491 2528/6036/2525 2530/6040/2526
f 2489/6039/2491 2530/6040/2526 2529/6041/2492
f 2531/6042/2527 2529/6041/2492 2530/6040/2526
f 2531/6042/2527 2530/6040/2526 2563/6043/2528
f 2563/6043/2528 2530/6040/2526 2528/6036/2525
f 2528/6036/2525 2529/6038/2492 2531/6044/2527
f 2528/6036/2525 2532/6045/2529 2563/6043/2528
f 2528/6036/2525 2531/6044/2527 2532/6045/2529
f 2532/6045/2529 2531/6044/2527 2539/6046/2530
f 2532/6045/2529 2539/6046/2530 2533/6047/2531
f 2539/6046/2530 2534/6048/2532 2533/6047/2531
f 2448/6049/2452 2533/6047/2531 2534/6048/2532
f 2539/6046/2530 2536/6050/2451 2534/6048/2532
f 2535/6051/2533 2448/6049/2452 2536/6052/2451
f 2448/6049/2452 2535/6051/2533 2533/6047/2531
f 2539/6053/2530 2535/6051/2533 2536/6052/2451
f 2532/6045/2529 2533/6047/2531 2537/6054/2534
f 2539/6053/2530 2538/6055/2535 2537/6054/2534
f 2539/6053/2530 2537/6054/2534 2535/6051/2533
f 2537/6054/2534 2533/6047/2531 2535/6051/2533
f 2542/6056/2536 2477/6057/2478 2479/6058/2482
f 2478/6059/2480 2477/6057/2478 2542/6056/2536
f 2479/6058/2482 2540/6060/2537 2542/6056/2536
f 2540/6060/2537 2479/6058/2482 2478/6059/2480
f 2478/6059/2480 2504/6061/2502 2540/6060/2537
f 2540/6060/2537 2504/6061/2502 2541/6062/2391
f 2540/6060/2537 2541/6062/2391 2388/6063/2388
f 2388/6063/2388 2504/6061/2502 2542/6056/2536
f 2504/6061/2502 2478/6059/2480 2542/6056/2536
f 2388/6063/2388 2542/6056/2536 2540/6060/2537
f 2504/6064/2502 2520/6065/2389 2501/5946/2499
f 2520/6065/2389 2541/5948/2391 2501/5946/2499
f 2501/5946/2499 2541/5948/2391 2502/5947/2500
f 2500/5942/2497 2504/6064/2502 2501/5946/2499
f 2504/6064/2502 2500/5942/2497 2541/5948/2391
f 2522/6015/2517 2428/6012/2301 2543/6007/2434
f 2591/6066/2538 2593/6009/2515 2302/6006/2305
f 2546/6067/2539 2544/6068/2540 2545/6069/2541
f 2545/6070/2541 2544/6071/2540 2546/6072/2539
f 2437/5804/2444 2547/5795/2443 2445/6073/2416
f 2413/5801/2417 2548/5803/2447 2439/5802/2446
f 2548/5803/2447 2445/6073/2416 2547/5795/2443
f 2551/6074/2542 2549/6075/2543 2412/6076/2544
f 2412/6076/2544 2549/6075/2543 2550/6077/2545
f 2549/6075/2543 2551/6074/2542 2446/5817/2450
f 2445/5736/2416 2446/5817/2450 2551/6074/2542
f 2445/5736/2416 2551/6074/2542 1647/5735/1676
f 2553/6078/2546 2525/6079/2521 2526/6080/2430
f 2552/6081/2520 2553/6078/2546 2526/6080/2430
f 2553/6078/2546 2552/6081/2520 2554/6082/2547
f 2555/6083/2548 2554/6082/2547 2552/6081/2520
f 2553/6078/2546 2554/6082/2547 2525/6079/2521
f 2525/6079/2521 2554/6082/2547 2519/6084/2514
f 2555/6083/2548 2562/6085/2549 2554/6082/2547
f 2554/6082/2547 2562/6085/2549 2518/6086/2513
f 2554/6082/2547 2518/6086/2513 2519/6084/2514
f 2576/6087/2550 2556/6088/2551 2557/6089/2552
f 1649/6090/1673 2412/6091/2544 4957/6092/2504
f 2412/6091/2544 1649/6090/1673 1647/6093/1676
f 1649/6090/1673 4957/6092/2504 1648/6094/1675
f 2412/6076/2544 1647/5735/1676 2551/6074/2542
f 4957/6095/2504 2412/6076/2544 2550/6077/2545
f 2559/6096/2553 2550/6077/2545 2549/6075/2543
f 2549/6075/2543 2446/5817/2450 2558/5824/2455
f 2449/5823/2454 2613/5822/2453 2558/5824/2455
f 2558/5824/2455 2613/5822/2453 2559/6096/2553
f 2525/6097/2521 2562/6098/2549 2552/6081/2520
f 2561/6099/2554 2552/6081/2520 2562/6098/2549
f 2555/6083/2548 2552/6081/2520 2560/6100/2555
f 2552/6081/2520 2561/6099/2554 2560/6100/2555
f 2555/6101/2548 2560/6102/2555 2607/6103/2556
f 2561/6099/2554 2555/6101/2548 2607/6103/2556
f 2518/6104/2513 2516/6105/2511 2517/6106/2512
f 2519/6107/2514 2516/6105/2511 2562/6108/2549
f 2519/6107/2514 2562/6108/2549 2525/6109/2521
f 2518/6104/2513 2562/6108/2549 2516/6105/2511
f 2538/6055/2535 2531/6042/2527 2563/6043/2528
f 2531/6042/2527 2538/6055/2535 2539/6053/2530
f 2564/6110/2557 2565/6111/2558 2568/6112/2559
f 2565/6111/2558 2566/6113/2560 2568/6112/2559
f 2566/6113/2560 2565/6111/2558 2567/6114/2561
f 2568/6112/2559 2566/6113/2560 4958/6115/2562
f 2570/6116/2563 2564/6110/2557 2568/6112/2559
f 2567/6114/2561 2568/6112/2559 4958/6115/2562
f 2568/6112/2559 2567/6114/2561 2570/6116/2563
f 2569/6117/2564 2567/6114/2561 2565/6111/2558
f 2567/6114/2561 2569/6117/2564 2570/6116/2563
f 2563/6043/2528 2532/6045/2529 2537/6054/2534
f 2563/6043/2528 2537/6054/2534 2538/6055/2535
f 2447/6118/2404 2571/6119/2472 2536/6120/2451
f 2536/6120/2451 2571/6119/2472 2534/6121/2532
f 2534/6121/2532 2613/6122/2453 2448/6123/2452
f 2534/6121/2532 2400/5873/2227 2471/6124/2565
f 2366/6125/2225 2400/5873/2227 2534/6121/2532
f 2366/6125/2225 2534/6121/2532 2571/6119/2472
f 2562/6098/2549 2555/6101/2548 2561/6099/2554
f 2574/6126/2518 2427/6127/2433 2573/6128/2516
f 2592/6129/2566 2574/6126/2518 2573/6130/2516
f 2572/6131/2567 2426/6132/2306 2574/6126/2518
f 2574/6126/2518 2592/6129/2566 2572/6131/2567
f 2575/6133/2568 2556/6088/2551 2576/6134/2550
f 2556/6088/2551 2575/6133/2568 2557/6089/2552
f 2576/6087/2550 2557/6089/2552 2577/6135/2569
f 2557/6089/2552 2575/6133/2568 2577/6135/2569
f 2575/6133/2568 2576/6134/2550 2577/6136/2569
f 2579/6137/2570 2581/6138/2571 2652/6139/2572
f 2578/6140/2573 2580/6141/2574 2618/6142/2575
f 2578/6140/2573 2618/6142/2575 2652/6139/2572
f 2652/6139/2572 2580/6141/2574 2579/6137/2570
f 2582/6143/2576 2581/6144/2571 2579/6145/2570
f 2579/6145/2570 2578/6146/2573 2582/6143/2576
f 2585/6147/2577 2578/6148/2573 2581/6144/2571
f 2609/6149/2578 2581/6144/2571 2582/6143/2576
f 2585/6147/2577 2581/6144/2571 2609/6149/2578
f 2582/6143/2576 2585/6150/2577 2583/6151/2579
f 2584/6152/2580 2582/6143/2576 2590/6153/2581
f 2634/6154/2582 2582/6143/2576 2583/6151/2579
f 2578/6146/2573 2585/6150/2577 2582/6143/2576
f 2587/6155/2583 2586/6156/2584 2590/6157/2581
f 2589/6158/2585 2586/6156/2584 2588/6159/2586
f 2589/6158/2585 2588/6159/2586 2587/6160/2583
f 2426/6010/2306 2572/6161/2567 2591/6066/2538
f 2591/6066/2538 2592/6162/2566 2593/6009/2515
f 2593/6009/2515 2592/6162/2566 2594/6163/2587
f 2591/6066/2538 2302/6006/2305 2426/6010/2306
f 2581/6164/2571 2578/6165/2573 2652/6166/2572
f 2579/6167/2570 2580/6168/2574 2578/6165/2573
f 2588/6169/2586 2586/6170/2584 2595/6171/2588
f 2594/6163/2587 2522/6015/2517 2593/6009/2515
f 2572/6161/2567 2592/6162/2566 2591/6066/2538
f 2573/6172/2516 2594/6163/2587 2592/6162/2566
f 2573/6172/2516 2522/6015/2517 2594/6163/2587
f 2587/6173/2583 2595/6171/2588 2586/6170/2584
f 2595/6171/2588 2587/6173/2583 2588/6169/2586
f 2619/6174/2589 2618/6175/2575 2580/6176/2574
f 2598/6177/2590 2603/6178/2591 2600/6179/2592
f 2598/6177/2590 2615/6180/2593 2610/6181/2594
f 2599/6182/2595 2598/6177/2590 2610/6181/2594
f 2603/6178/2591 2598/6177/2590 2599/6182/2595
f 2600/6179/2592 2603/6178/2591 2617/6183/2596
f 2617/6183/2596 2616/6184/2597 2600/6179/2592
f 2600/6179/2592 2640/6185/2598 2598/6177/2590
f 2599/6182/2595 2611/6186/2599 2601/6187/2600
f 2599/6182/2595 2601/6187/2600 2603/6178/2591
f 2601/6187/2600 2602/6188/2601 2603/6178/2591
f 2586/6156/2584 2589/6158/2585 2634/6189/2582
f 2589/6190/2585 2587/6155/2583 2635/6191/2602
f 2635/6191/2602 2587/6155/2583 2590/6157/2581
f 2605/6192/2603 2604/6193/2604 2606/6194/2605
f 2604/6195/2604 2605/6196/2603 2606/6197/2605
f 2607/6198/2556 2560/6199/2555 2561/6200/2554
f 2609/6201/2578 2599/6202/2595 2610/6203/2594
f 2599/6202/2595 2584/6204/2580 2611/6205/2599
f 2608/6206/2606 2603/6207/2591 2602/6208/2601
f 2603/6207/2591 2608/6206/2606 2612/6209/2607
f 2601/6210/2600 2735/6211/2608 2602/6208/2601
f 2609/6201/2578 2584/6204/2580 2599/6202/2595
f 2609/6201/2578 2610/6203/2594 2583/6212/2579
f 2583/6212/2579 2610/6203/2594 2603/6213/2591
f 2612/6214/2607 2583/6212/2579 2603/6213/2591
f 2596/6215/2609 2659/6216/2610 2597/6217/2611
f 2615/6180/2593 2598/6177/2590 2614/6218/2612
f 2615/6180/2593 2642/6219/2613 2616/6220/2597
f 2617/6221/2596 2603/6222/2591 2615/6180/2593
f 2615/6180/2593 2603/6222/2591 2610/6181/2594
f 2619/6223/2589 2580/6224/2574 2652/6225/2572
f 2620/6226/2614 2618/6227/2575 2619/6223/2589
f 2652/6225/2572 2618/6227/2575 2620/6226/2614
f 2622/6228/2615 2621/6229/2616 2653/6230/2617
f 2602/6208/2601 2735/6211/2608 2739/6231/2618
f 2739/6231/2618 2608/6206/2606 2602/6208/2601
f 2601/6210/2600 2584/6204/2580 2624/6232/2619
f 2624/6232/2619 2584/6204/2580 2625/6233/2620
f 2624/6232/2619 2735/6211/2608 2601/6210/2600
f 2611/6205/2599 2584/6204/2580 2601/6210/2600
f 2584/6204/2580 2609/6201/2578 2582/6234/2576
f 2583/6212/2579 2612/6214/2607 2738/6235/2621
f 2627/6236/2622 2630/6237/2623 2626/6238/2624
f 2627/6236/2622 2626/6238/2624 2684/6239/2625
f 2628/6240/2626 2684/6239/2625 2626/6238/2624
f 2628/6240/2626 2626/6238/2624 2629/6241/2627
f 2629/6241/2627 2627/6236/2622 2628/6240/2626
f 2632/6242/2628 2629/6241/2627 2626/6238/2624
f 2631/6243/2629 2626/6244/2624 2630/6245/2623
f 2626/6244/2624 2631/6243/2629 2632/6246/2628
f 2633/6247/2630 2630/6245/2623 2632/6246/2628
f 2633/6247/2630 2632/6246/2628 2631/6243/2629
f 2609/6149/2578 2583/6248/2579 2585/6147/2577
f 2584/6204/2580 2590/6249/2581 2634/6250/2582
f 2584/6204/2580 2634/6250/2582 2625/6233/2620
f 2589/6251/2585 2635/6252/2602 2634/6250/2582
f 2635/6191/2602 2582/6253/2576 2634/6254/2582
f 2582/6253/2576 2635/6191/2602 2590/6157/2581
f 2586/6156/2584 2634/6189/2582 2590/6157/2581
f 2636/6255/2631 2637/6256/2632 2638/6257/2633
f 2630/6245/2623 2633/6247/2630 2631/6243/2629
f 2639/6258/2634 2614/6259/2612 2598/6260/2590
f 2641/6261/2635 2642/6262/2613 2615/6263/2593
f 2641/6261/2635 2615/6263/2593 2614/6264/2612
f 2643/6265/2636 2640/6266/2598 2642/6262/2613
f 2641/6261/2635 2643/6265/2636 2642/6262/2613
f 2641/6261/2635 2645/6267/2637 2643/6265/2636
f 2644/6268/2638 2651/6269/2639 2643/6265/2636
f 2640/6266/2598 2643/6265/2636 2651/6269/2639
f 2647/6270/2640 2644/6268/2638 2645/6267/2637
f 2645/6267/2637 2644/6268/2638 2643/6265/2636
f 2641/6261/2635 2703/6271/2641 2645/6267/2637
f 2645/6267/2637 2703/6271/2641 2646/6272/2642
f 2637/6273/2632 2636/6274/2631 2638/6275/2633
f 2649/6276/2643 2648/6277/2644 2650/6278/2645
f 2632/6242/2628 2630/6279/2623 2629/6241/2627
f 2630/6279/2623 2627/6236/2622 2629/6241/2627
f 2651/6269/2639 2639/6258/2634 2598/6260/2590
f 2651/6269/2639 2598/6260/2590 2640/6266/2598
f 2622/6280/2615 2655/6281/2646 2621/6282/2616
f 2621/6282/2616 2655/6281/2646 2653/6283/2617
f 2654/6284/2647 2653/6283/2617 2655/6281/2646
f 2622/6280/2615 2656/6285/2648 2655/6281/2646
f 2655/6281/2646 2656/6285/2648 2654/6284/2647
f 2656/6285/2648 2622/6286/2615 2654/6284/2647
f 2596/6287/2609 2657/6288/2649 2659/6289/2610
f 2658/6290/2650 2657/6288/2649 2596/6287/2609
f 2596/6287/2609 2597/6291/2611 2658/6290/2650
f 2597/6291/2611 2659/6289/2610 2658/6290/2650
f 2661/6292/2651 2660/6293/2652 2662/6294/2653
f 2664/6295/2654 2663/6296/2655 2665/6297/2656
f 2665/6297/2656 2663/6296/2655 2666/6298/2657
f 2666/6298/2657 2663/6296/2655 2667/6299/2658
f 2666/6298/2657 2667/6299/2658 2781/6300/2659
f 2619/6301/2589 2652/6302/2572 2687/6303/2660
f 2654/6284/2647 2622/6280/2615 2653/6283/2617
f 2669/6304/2661 2670/6305/2662 2671/6306/2663
f 2671/6306/2663 2670/6305/2662 2723/6307/2664
f 2724/6308/2665 2721/6309/2666 2669/6310/2661
f 2671/6306/2663 2721/6309/2666 2724/6308/2665
f 4958/6311/2562 2570/6312/2563 2672/6313/2667
f 4958/6314/2562 2672/6313/2667 2567/6315/2561
f 2567/6315/2561 2672/6313/2667 2673/6316/2668
f 2567/6315/2561 2673/6316/2668 2566/6317/2560
f 4958/6314/2562 2566/6317/2560 2673/6316/2668
f 2673/6316/2668 2672/6313/2667 2569/6318/2564
f 2569/6318/2564 2672/6313/2667 2570/6312/2563
f 2673/6316/2668 2569/6318/2564 2565/6319/2558
f 2660/6320/2652 2661/6321/2651 2662/6322/2653
f 2674/6323/2669 2675/6324/2670 2676/6325/2669
f 2678/6326/2671 2664/6327/2654 2666/6328/2657
f 2678/6326/2671 2781/6329/2659 2667/6330/2658
f 2664/6327/2654 2667/6330/2658 2663/6331/2655
f 2667/6330/2658 2664/6327/2654 2678/6326/2671
f 2627/6332/2622 2680/6333/2672 2628/6334/2626
f 2680/6333/2672 2627/6332/2622 2684/6335/2625
f 2680/6333/2672 2684/6335/2625 2681/6336/2673
f 2684/6335/2625 2679/6337/2674 2681/6336/2673
f 2681/6336/2673 2679/6337/2674 2682/6338/2675
f 2682/6339/2675 2679/6340/2674 2680/6333/2672
f 2684/6335/2625 2628/6334/2626 2679/6337/2674
f 2680/6333/2672 2620/6341/2614 2685/6342/2676
f 2680/6333/2672 2685/6342/2676 2628/6334/2626
f 2686/6343/2677 2685/6344/2676 2687/6345/2660
f 2687/6345/2660 2620/6346/2614 2686/6343/2677
f 2688/6347/2678 2686/6343/2677 2680/6348/2672
f 2686/6343/2677 2620/6346/2614 2680/6348/2672
f 2687/6349/2660 2685/6350/2676 2688/6351/2678
f 2685/6350/2676 2620/6352/2614 2689/6353/2679
f 2685/6350/2676 2689/6353/2679 2688/6351/2678
f 2688/6351/2678 2680/6354/2672 2687/6349/2660
f 2687/6349/2660 2680/6354/2672 2679/6355/2674
f 2688/6351/2678 2689/6353/2679 2686/6356/2677
f 2686/6356/2677 2689/6353/2679 2679/6355/2674
f 2620/6357/2614 2687/6358/2660 2652/6359/2572
f 2689/6360/2679 2687/6358/2660 2679/6361/2674
f 2690/6362/2680 2691/6363/2681 2692/6364/2682
f 2649/6365/2643 2650/6366/2645 2648/6367/2644
f 2676/6368/2669 2675/6369/2670 2674/6370/2669
f 2695/6371/2683 2614/6372/2612 2639/6373/2634
f 2651/6374/2639 2693/6375/2684 2639/6373/2634
f 2693/6375/2684 2694/6376/2685 2697/6377/2686
f 2697/6377/2686 2694/6376/2685 2696/6378/2687
f 2685/6379/2676 2686/6380/2677 2679/6381/2674
f 2685/6379/2676 2679/6381/2674 2628/6382/2626
f 2689/6383/2679 2620/6384/2614 2619/6385/2589
f 2698/6386/2688 2704/6387/2689 2705/6388/2690
f 2619/6389/2589 2687/6390/2660 2689/6391/2679
f 2666/6392/2657 2700/6393/2691 2665/6394/2656
f 2666/6395/2657 2664/6396/2654 2701/6397/2692
f 2701/6397/2692 2664/6396/2654 2665/6394/2656
f 2700/6393/2691 2701/6397/2692 2665/6394/2656
f 2701/6397/2692 2702/6398/2693 2666/6395/2657
f 2666/6395/2657 2702/6398/2693 2700/6393/2691
f 2693/6375/2684 2695/6371/2683 2639/6373/2634
f 2695/6399/2683 2703/6400/2641 2614/6401/2612
f 2646/6402/2642 2703/6400/2641 2694/6403/2685
f 2698/6404/2688 2705/6405/2690 2704/6406/2689
f 2706/6407/2694 2710/6408/2695 2707/6409/2696
f 2708/6410/2697 2709/6411/2698 2707/6409/2696
f 2708/6410/2697 2710/6412/2695 2709/6411/2698
f 2710/6412/2695 2712/6413/2699 2709/6411/2698
f 2707/6409/2696 2709/6411/2698 2706/6407/2694
f 2712/6413/2699 2710/6412/2695 2706/6414/2694
f 2714/6415/2700 2712/6413/2699 2711/6416/2701
f 2711/6416/2701 2713/6417/2702 2715/6418/2703
f 2714/6415/2700 2715/6419/2703 2713/6417/2702
f 2718/6420/2704 2715/6419/2703 2714/6415/2700
f 2714/6415/2700 2711/6416/2701 2716/6421/2705
f 2716/6421/2705 2711/6416/2701 2715/6418/2703
f 2718/6420/2704 2714/6415/2700 2716/6421/2705
f 2715/6419/2703 2718/6420/2704 2717/6422/2706
f 2715/6418/2703 2717/6423/2706 2716/6421/2705
f 2670/6424/2662 2721/6425/2666 2719/6426/2707
f 2723/6427/2664 2670/6424/2662 2719/6426/2707
f 2720/6428/2708 2721/6425/2666 2671/6429/2663
f 2720/6428/2708 2671/6429/2663 2723/6430/2664
f 2669/6431/2661 2671/6432/2663 2724/6433/2665
f 2697/6434/2686 2726/6435/2709 2693/6436/2684
f 2697/6437/2686 2798/6438/2710 2726/6435/2709
f 2727/6439/2711 2693/6436/2684 2726/6435/2709
f 2727/6440/2711 2726/6441/2709 2732/6442/2712
f 2732/6442/2712 2789/6443/2713 2727/6440/2711
f 2694/6444/2685 2733/6445/2714 2728/6446/2715
f 2726/6447/2709 2694/6444/2685 2728/6446/2715
f 2732/6448/2712 2726/6449/2709 2728/6446/2715
f 2729/6450/2716 2727/6440/2711 2728/6451/2715
f 2729/6450/2716 2728/6451/2715 2733/6452/2714
f 2693/6453/2684 2727/6440/2711 2731/6454/2717
f 2730/6455/2718 2731/6454/2717 2727/6440/2711
f 2730/6455/2718 2727/6440/2711 2729/6450/2716
f 2733/6445/2714 2695/6456/2683 2731/6454/2717
f 2728/6446/2715 2727/6457/2711 2791/6458/2719
f 2791/6458/2719 2732/6448/2712 2728/6446/2715
f 2695/6456/2683 2693/6453/2684 2731/6454/2717
f 2729/6459/2716 2733/6460/2714 2793/6461/2720
f 2733/6460/2714 2731/6462/2717 2734/6463/2721
f 2745/6464/2722 2731/6462/2717 2730/6465/2718
f 2583/6466/2579 2735/6467/2608 2634/6468/2582
f 2735/6467/2608 2625/6469/2620 2634/6468/2582
f 2736/6470/2723 2735/6467/2608 2583/6466/2579
f 2583/6466/2579 2737/6471/2724 2736/6470/2723
f 2735/6467/2608 2736/6470/2723 2739/6472/2618
f 2737/6471/2724 2583/6473/2579 2738/6474/2621
f 2739/6472/2618 2738/6474/2621 2623/6475/2725
f 2738/6474/2621 2612/6476/2607 2623/6475/2725
f 2739/6472/2618 2623/6475/2725 2608/6477/2606
f 2738/6474/2621 2739/6472/2618 2737/6471/2724
f 2624/6478/2619 2625/6479/2620 2707/6480/2696
f 2710/6481/2695 2624/6482/2619 2707/6483/2696
f 2707/6483/2696 2625/6484/2620 2740/6485/2726
f 2740/6485/2726 2625/6486/2620 2708/6487/2697
f 2707/6483/2696 2740/6485/2726 2741/6488/2727
f 2712/6413/2699 2706/6414/2694 2711/6416/2701
f 2711/6489/2701 2706/6407/2694 2709/6411/2698
f 2709/6411/2698 2713/6417/2702 2711/6489/2701
f 2713/6417/2702 2709/6411/2698 2712/6413/2699
f 2713/6417/2702 2712/6413/2699 2714/6415/2700
f 2721/6490/2666 2670/6491/2662 2669/6492/2661
f 2677/6493/2728 2744/6494/2728 2743/6495/2729
f 2549/6075/2543 2558/5824/2455 2559/6096/2553
f 2680/6333/2672 2681/6336/2673 2683/6496/2730
f 2680/6333/2672 2683/6496/2730 2682/6339/2675
f 2731/6462/2717 2745/6497/2722 2734/6463/2721
f 2703/6498/2641 2695/6499/2683 2733/6500/2714
f 2703/6498/2641 2733/6501/2714 2694/6502/2685
f 2696/6503/2687 2694/6502/2685 2726/6504/2709
f 2697/6505/2686 2696/6503/2687 2798/6506/2710
f 2747/6507/2731 2746/6508/2732 2748/6509/2733
f 2746/6510/2732 2747/6511/2731 2748/6512/2733
f 2735/6513/2608 2624/6514/2619 2710/6412/2695
f 2710/6412/2695 2708/6410/2697 2735/6513/2608
f 2735/6513/2608 2708/6410/2697 2625/6515/2620
f 2707/6516/2696 2741/6517/2727 2749/6518/2734
f 2707/6516/2696 2749/6518/2734 2708/6519/2697
f 2750/6520/2735 2749/6518/2734 2741/6517/2727
f 2740/6521/2726 2708/6519/2697 2749/6518/2734
f 2740/6521/2726 2749/6518/2734 2751/6522/2736
f 2740/6521/2726 2751/6522/2736 2741/6517/2727
f 2751/6522/2736 2749/6518/2734 2750/6520/2735
f 2719/6523/2707 2721/6524/2666 2752/6525/2737
f 2719/6523/2707 2752/6525/2737 2753/6526/2738
f 2723/6527/2664 2754/6528/2739 2752/6529/2737
f 2719/6523/2707 2754/6528/2739 2723/6527/2664
f 2752/6529/2737 2721/6530/2666 2723/6527/2664
f 2743/6531/2729 2744/6532/2728 2677/6533/2728
f 2755/6534/2740 2668/6535/2741 2699/6536/2742
f 2858/6537/2743 2699/6536/2742 2668/6535/2741
f 2755/6534/2740 2858/6537/2743 2668/6535/2741
f 2723/6538/2664 2721/6539/2666 2722/6540/2744
f 2722/6540/2744 2721/6541/2666 2756/6542/2745
f 2756/6543/2745 2721/6544/2666 2720/6545/2708
f 2756/6543/2745 2720/6545/2708 2723/6538/2664
f 2725/6546/2746 2759/6547/2747 2758/6548/2748
f 2725/6549/2746 2758/6548/2748 2742/6550/2749
f 2760/6551/2750 2734/6552/2721 2729/6553/2716
f 2733/6554/2714 2734/6552/2721 2760/6551/2750
f 2760/6551/2750 2793/6555/2720 2733/6554/2714
f 2641/6261/2635 2614/6264/2612 2703/6556/2641
f 2657/6557/2649 2658/6558/2650 2763/6559/2751
f 2657/6557/2649 2763/6559/2751 2659/6560/2610
f 2658/6558/2650 2659/6560/2610 2762/6561/2752
f 2761/6562/2753 2762/6561/2752 2659/6560/2610
f 2761/6562/2753 2659/6560/2610 2763/6559/2751
f 2761/6562/2753 2763/6559/2751 2764/6563/2754
f 2764/6563/2754 2718/6564/2704 2765/6565/2755
f 2764/6563/2754 2763/6559/2751 2717/6566/2706
f 2765/6567/2755 2717/6566/2706 2763/6559/2751
f 2762/6568/2752 2764/6569/2754 2658/6558/2650
f 2658/6558/2650 2764/6569/2754 2765/6567/2755
f 2658/6558/2650 2765/6567/2755 2763/6559/2751
f 2766/6570/2756 2788/6571/2757 2757/6572/2758
f 2767/6573/2759 2773/6574/2760 2768/6575/2761
f 2768/6575/2761 2785/6576/2762 2767/6573/2759
f 2771/6577/2763 2768/6575/2761 2787/6578/2764
f 2786/6579/2765 2768/6575/2761 2771/6577/2763
f 2786/6579/2765 2954/6580/2766 2770/6581/2767
f 2954/6580/2766 2786/6579/2765 2769/6582/2768
f 2769/6582/2768 2786/6579/2765 2771/6577/2763
f 2770/6583/2767 2769/6582/2768 2771/6577/2763
f 2787/6578/2764 2786/6584/2765 2770/6583/2767
f 2771/6577/2763 2787/6578/2764 2770/6583/2767
f 2767/6585/2759 2785/6586/2762 2772/6587/2769
f 2772/6587/2769 2785/6586/2762 2773/6588/2760
f 2767/6589/2759 2774/6590/2770 2773/6588/2760
f 2772/6587/2769 2773/6588/2760 2774/6590/2770
f 2772/6587/2769 2774/6590/2770 2794/6591/2771
f 2772/6587/2769 2794/6591/2771 2767/6585/2759
f 2794/6592/2771 2774/6593/2770 2840/6594/2772
f 2767/6585/2759 2794/6591/2771 2775/6595/2773
f 2810/6596/2774 2774/6593/2770 2767/6585/2759
f 2776/6597/2775 2725/6598/2746 2777/6599/2776
f 2725/6600/2746 2742/6601/2749 2778/6602/2777
f 2725/6600/2746 2778/6602/2777 2777/6603/2776
f 2778/6602/2777 2742/6601/2749 2776/6604/2775
f 2777/6603/2776 2778/6602/2777 2797/6605/2778
f 2797/6605/2778 2778/6602/2777 2779/6606/2779
f 2779/6606/2779 2780/6607/2780 2797/6605/2778
f 2682/6608/2675 2683/6609/2730 2812/6610/2781
f 2682/6611/2675 2814/6612/2782 2681/6613/2673
f 2814/6612/2782 2682/6611/2675 2813/6614/2783
f 2681/6613/2673 2814/6612/2782 2683/6609/2730
f 2682/6608/2675 2812/6610/2781 2813/6615/2783
f 2814/6612/2782 2812/6610/2781 2683/6609/2730
f 2666/6616/2657 2781/6617/2659 2678/6618/2671
f 2782/6619/2784 2784/6620/2785 2783/6621/2786
f 2617/6622/2596 2623/6623/2725 2616/6624/2597
f 2616/6624/2597 2623/6623/2725 2615/6625/2593
f 2608/6626/2606 2615/6625/2593 2612/6627/2607
f 2615/6625/2593 2623/6623/2725 2612/6627/2607
f 2617/6622/2596 2608/6206/2606 2623/6623/2725
f 2615/6625/2593 2608/6206/2606 2617/6622/2596
f 2787/6628/2764 2785/6576/2762 2786/6579/2765
f 2785/6576/2762 2795/6629/2787 2773/6630/2760
f 2766/6631/2756 2757/6632/2758 2788/6633/2757
f 2782/6634/2784 2745/6635/2722 2730/6636/2718
f 2790/6637/2788 2845/6638/2789 2791/6639/2719
f 2845/6638/2789 2804/6640/2790 2791/6639/2719
f 2789/6641/2713 2730/6642/2718 2791/6639/2719
f 2789/6641/2713 2791/6639/2719 2727/6643/2711
f 2804/6640/2790 2732/6644/2712 2791/6639/2719
f 2789/6641/2713 2782/6645/2784 2730/6642/2718
f 2730/6642/2718 2729/6646/2716 2791/6639/2719
f 2790/6637/2788 2791/6639/2719 2792/6647/2791
f 2791/6639/2719 2783/6648/2786 2792/6647/2791
f 2783/6648/2786 2791/6639/2719 2729/6646/2716
f 2745/6649/2722 2782/6650/2784 2783/6648/2786
f 2745/6649/2722 2783/6648/2786 2729/6646/2716
f 2734/6651/2721 2745/6652/2722 2729/6653/2716
f 2729/6653/2716 2793/6654/2720 2760/6655/2750
f 2717/6423/2706 2765/6656/2755 2716/6421/2705
f 2716/6421/2705 2765/6656/2755 2718/6420/2704
f 2722/6657/2744 2864/6658/2792 2723/6659/2664
f 2723/6659/2664 2864/6658/2792 2756/6660/2745
f 2795/6661/2787 2785/6662/2762 2787/6663/2764
f 2795/6661/2787 2787/6663/2764 2794/6664/2771
f 2787/6663/2764 2768/6665/2761 2794/6664/2771
f 2794/6664/2771 2768/6665/2761 2773/6666/2760
f 2794/6667/2771 2840/6668/2772 2795/6669/2787
f 2795/6669/2787 2840/6668/2772 2775/6670/2773
f 2795/6669/2787 2775/6670/2773 2773/6671/2760
f 2773/6671/2760 2775/6670/2773 2794/6672/2771
f 2777/6673/2776 2758/6674/2748 2759/6675/2747
f 2759/6675/2747 2725/6676/2746 2776/6677/2775
f 2759/6675/2747 2776/6677/2775 2742/6678/2749
f 2759/6675/2747 2742/6678/2749 2796/6679/2793
f 2759/6675/2747 2796/6679/2793 2777/6673/2776
f 2796/6679/2793 2742/6678/2749 2758/6680/2748
f 2777/6673/2776 2796/6679/2793 2776/6681/2775
f 2776/6681/2775 2796/6679/2793 2797/6682/2778
f 2758/6683/2748 2777/6684/2776 2797/6685/2778
f 2758/6683/2748 2797/6685/2778 2796/6686/2793
f 2798/6687/2710 2799/6688/2794 2726/6689/2709
f 2696/6690/2687 2726/6691/2709 2799/6688/2794
f 2696/6690/2687 2800/6692/2795 2798/6687/2710
f 2800/6692/2795 2696/6690/2687 2799/6693/2794
f 2801/6694/2796 2799/6693/2794 2802/6695/2797
f 2799/6693/2794 2801/6694/2796 2800/6692/2795
f 2803/6696/2798 2802/6697/2797 2800/6692/2795
f 2873/6698/2799 2802/6697/2797 2803/6696/2798
f 2803/6696/2798 2800/6692/2795 2801/6694/2796
f 2919/6699/2800 2803/6696/2798 2801/6694/2796
f 2919/6699/2800 2801/6694/2796 2873/6700/2799
f 2873/6700/2799 2801/6694/2796 2802/6695/2797
f 2789/6641/2713 2804/6701/2790 2790/6702/2788
f 2789/6641/2713 2732/6703/2712 2804/6701/2790
f 2789/6641/2713 2790/6702/2788 2782/6645/2784
f 2651/6374/2639 2694/6376/2685 2693/6375/2684
f 2694/6376/2685 2651/6374/2639 2646/6704/2642
f 2644/6705/2638 2646/6704/2642 2651/6374/2639
f 2600/6179/2592 2642/6706/2613 2640/6185/2598
f 2616/6184/2597 2642/6706/2613 2600/6179/2592
f 2953/6707/2801 2808/6708/2802 2809/6709/2803
f 2807/6710/2804 2809/6709/2803 2808/6708/2802
f 2768/6575/2761 2786/6579/2765 2785/6576/2762
f 2775/6711/2773 2810/6712/2774 2767/6713/2759
f 2811/6714/2805 2810/6712/2774 2775/6711/2773
f 2813/6715/2783 2812/6716/2781 2815/6717/2806
f 2962/6718/2807 2813/6715/2783 2815/6717/2806
f 2816/6719/2808 2962/6718/2807 2815/6717/2806
f 2817/6720/2809 2816/6719/2808 2815/6717/2806
f 2815/6717/2806 2818/6721/2810 2817/6720/2809
f 2962/6718/2807 2817/6720/2809 2818/6721/2810
f 2962/6718/2807 2818/6721/2810 2813/6715/2783
f 2813/6715/2783 2818/6721/2810 2819/6722/2811
f 2814/6723/2782 2813/6715/2783 2820/6724/2812
f 2813/6715/2783 2819/6722/2811 2820/6724/2812
f 2819/6722/2811 2818/6721/2810 2821/6725/2813
f 2819/6722/2811 2821/6725/2813 2968/6726/2814
f 2700/6727/2691 2822/6728/2815 2701/6729/2692
f 2825/6730/2816 2828/6731/2817 2824/6732/2818
f 2824/6732/2818 2828/6731/2817 2826/6733/2819
f 2823/6734/2820 2824/6732/2818 2826/6733/2819
f 2823/6734/2820 2826/6733/2819 2827/6735/2821
f 2798/6687/2710 2800/6692/2795 2802/6697/2797
f 2799/6736/2794 2798/6687/2710 2802/6697/2797
f 2784/6737/2785 2782/6738/2784 2790/6739/2788
f 2784/6737/2785 2824/6740/2818 2783/6741/2786
f 2784/6737/2785 2792/6742/2791 2824/6740/2818
f 2790/6739/2788 2792/6742/2791 2784/6737/2785
f 2824/6740/2818 2823/6743/2820 2783/6741/2786
f 2792/6744/2791 2783/6741/2786 2828/6745/2817
f 2828/6745/2817 2783/6741/2786 2823/6743/2820
f 2828/6745/2817 2823/6743/2820 2827/6746/2821
f 2792/6744/2791 2828/6745/2817 2825/6747/2816
f 2856/6748/2822 2805/6749/2823 2806/6750/2824
f 2805/6751/2823 2829/6752/2825 2806/6753/2824
f 2806/6753/2824 2829/6752/2825 2856/6754/2822
f 2829/6752/2825 2855/6755/2826 2856/6754/2822
f 2831/6756/2827 2830/6757/2828 2880/6758/2829
f 2831/6756/2827 2832/6759/2830 2830/6757/2828
f 2830/6757/2828 2832/6759/2830 2880/6758/2829
f 2834/6760/2831 2833/6761/2832 2835/6762/2833
f 2751/6763/2736 2862/6764/2834 2836/6765/2835
f 2741/6766/2727 2751/6763/2736 2836/6765/2835
f 2741/6766/2727 2836/6765/2835 2750/6767/2735
f 2717/6566/2706 2718/6564/2704 2764/6563/2754
f 2837/6768/2836 2838/6769/2837 2839/6770/2838
f 2837/6771/2836 2839/6772/2838 2838/6773/2837
f 2774/6774/2770 2810/6775/2774 2842/6776/2839
f 2774/6774/2770 2841/6777/2840 2840/6778/2772
f 2840/6779/2772 2842/6776/2839 2810/6775/2774
f 2842/6776/2839 2841/6777/2840 2774/6774/2770
f 2779/6606/2779 2778/6602/2777 2776/6604/2775
f 2844/6780/2841 2875/6781/2842 2900/6782/2843
f 2843/6783/2844 2875/6781/2842 2870/6784/2845
f 2845/6785/2789 2843/6783/2844 2886/6786/2846
f 2845/6787/2789 2790/6788/2788 2843/6789/2844
f 2843/6789/2844 2804/6790/2790 2875/6791/2842
f 2843/6792/2844 2790/6793/2788 2804/6794/2790
f 2875/6795/2842 2804/6794/2790 2845/6796/2789
f 2846/6797/2847 2848/6798/2848 2849/6799/2849
f 2849/6799/2849 2848/6798/2848 2829/6800/2825
f 2829/6800/2825 2805/6801/2823 2849/6799/2849
f 2849/6799/2849 2805/6801/2823 2847/6802/2850
f 2852/6803/2851 2847/6804/2850 2850/6805/2852
f 2850/6805/2852 2851/6806/2853 2852/6803/2851
f 2851/6806/2853 2850/6805/2852 2849/6807/2849
f 2852/6803/2851 2849/6808/2849 2847/6804/2850
f 2851/6809/2853 2930/6810/2854 2852/6811/2851
f 2852/6811/2851 2930/6810/2854 2853/6812/2855
f 2853/6812/2855 2877/6813/2856 2880/6814/2829
f 2847/6815/2850 2805/6816/2823 2848/6817/2848
f 2848/6817/2848 2805/6816/2823 2855/6818/2826
f 2847/6815/2850 2848/6817/2848 2856/6819/2822
f 2848/6817/2848 2855/6818/2826 2829/6820/2825
f 2805/6821/2823 2856/6819/2822 2857/6822/2857
f 2877/6823/2856 2832/6759/2830 2831/6756/2827
f 2880/6758/2829 2877/6823/2856 2831/6756/2827
f 2699/6824/2742 2858/6825/2743 2859/6826/2858
f 2699/6824/2742 2859/6826/2858 2755/6827/2740
f 2755/6827/2740 2859/6826/2858 2898/6828/2859
f 2898/6828/2859 2859/6826/2858 2860/6829/2860
f 2833/6830/2832 2834/6831/2831 2835/6832/2833
f 2862/6833/2834 2736/6834/2723 2737/6835/2724
f 2862/6833/2834 2861/6836/2861 2736/6834/2723
f 2862/6833/2834 2737/6835/2724 2863/6837/2862
f 2739/6838/2618 2861/6836/2861 2737/6835/2724
f 2739/6838/2618 2736/6839/2723 2861/6836/2861
f 2722/6840/2744 2756/6841/2745 3066/6842/2863
f 2865/6843/2864 2866/6844/2865 2867/6845/2866
f 2866/6844/2865 2865/6843/2864 2868/6846/2867
f 2868/6846/2867 2865/6843/2864 2867/6845/2866
f 2812/6716/2781 2814/6847/2782 2821/6725/2813
f 2821/6725/2813 2815/6717/2806 2812/6716/2781
f 2821/6725/2813 2814/6847/2782 2820/6848/2812
f 2871/6849/2868 2870/6850/2845 2826/6851/2819
f 2871/6849/2868 2826/6851/2819 2828/6852/2817
f 2826/6851/2819 2870/6850/2845 2827/6853/2821
f 2827/6853/2821 2870/6850/2845 2869/6854/2869
f 2827/6853/2821 2887/6855/2870 2886/6856/2846
f 2870/6850/2845 2872/6857/2871 2869/6854/2869
f 2872/6857/2871 2827/6853/2821 2869/6854/2869
f 2876/6858/2872 2873/6859/2799 2803/6860/2798
f 2876/6858/2872 2803/6860/2798 2875/6861/2842
f 2874/6862/2873 2900/6863/2843 2803/6860/2798
f 2854/6864/2874 2878/6865/2875 2853/6866/2855
f 2854/6867/2874 2853/6866/2855 2879/6868/2876
f 2878/6865/2875 2854/6864/2874 2880/6869/2829
f 2832/6870/2830 2878/6865/2875 2880/6869/2829
f 2878/6865/2875 2832/6870/2830 2877/6871/2856
f 2847/6872/2850 2846/6873/2847 2850/6874/2852
f 2846/6873/2847 2882/6875/2877 2850/6874/2852
f 2846/6873/2847 2881/6876/2878 2882/6875/2877
f 2881/6876/2878 2846/6873/2847 2849/6877/2849
f 2849/6877/2849 2850/6874/2852 2881/6878/2878
f 2850/6874/2852 2882/6875/2877 2883/6879/2879
f 2883/6879/2879 2881/6876/2878 2850/6874/2852
f 2932/6880/2880 2881/6876/2878 2883/6879/2879
f 2882/6875/2877 2881/6876/2878 2932/6880/2880
f 2932/6880/2880 2933/6881/2881 2882/6875/2877
f 2882/6875/2877 2933/6881/2881 2883/6879/2879
f 2847/6882/2850 2856/6883/2822 2855/6884/2826
f 2880/6814/2829 2852/6811/2851 2853/6812/2855
f 2775/6885/2773 2840/6886/2772 2884/6887/2882
f 2870/6888/2845 2871/6889/2868 2824/6890/2818
f 2824/6890/2818 2871/6889/2868 2825/6891/2816
f 2870/6888/2845 2824/6890/2818 2792/6892/2791
f 2870/6888/2845 2792/6892/2791 2843/6893/2844
f 2870/6888/2845 2885/6894/2883 2900/6895/2843
f 2870/6896/2845 2875/6897/2842 2844/6898/2841
f 2870/6896/2845 2844/6898/2841 2845/6899/2789
f 2886/6900/2846 2870/6896/2845 2845/6899/2789
f 2871/6901/2868 2843/6902/2844 2792/6903/2791
f 2871/6901/2868 2792/6903/2791 2825/6904/2816
f 2871/6901/2868 2828/6905/2817 2843/6902/2844
f 2828/6905/2817 2827/6906/2821 2886/6900/2846
f 2828/6905/2817 2886/6900/2846 2843/6902/2844
f 2885/6907/2883 2886/6900/2846 2887/6908/2870
f 2805/6909/2823 2857/6910/2857 2910/6911/2884
f 2805/6909/2823 2910/6911/2884 2888/6912/2885
f 2888/6912/2885 2910/6911/2884 2857/6913/2857
f 2888/6912/2885 2857/6913/2857 2848/6914/2848
f 2857/6913/2857 2856/6915/2822 2848/6914/2848
f 2888/6912/2885 2848/6914/2848 2889/6916/2886
f 2889/6916/2886 2848/6914/2848 2893/6917/2887
f 2855/6918/2826 2889/6916/2886 2846/6919/2847
f 2889/6916/2886 2855/6918/2826 2805/6909/2823
f 2889/6916/2886 2805/6909/2823 2888/6912/2885
f 2847/6920/2850 2855/6918/2826 2846/6919/2847
f 2846/6919/2847 2889/6916/2886 2894/6921/2888
f 2891/6922/2889 2890/6923/2889 2892/6924/2889
f 2892/6924/2889 2890/6923/2889 2891/6922/2889
f 2894/6925/2888 2889/6926/2886 2895/6927/2890
f 2894/6925/2888 2895/6927/2890 2896/6928/2891
f 2854/6929/2874 2852/6930/2851 2880/6931/2829
f 2930/6932/2854 2851/6933/2853 2854/6929/2874
f 2849/6934/2849 2854/6929/2874 2851/6933/2853
f 2854/6929/2874 2849/6934/2849 2852/6930/2851
f 2755/6935/2740 2897/6936/2892 2858/6937/2743
f 2858/6937/2743 2912/6938/2893 2898/6939/2859
f 2751/6940/2736 2750/6941/2735 2863/6942/2862
f 2863/6942/2862 2750/6941/2735 2836/6943/2835
f 2863/6942/2862 2836/6943/2835 2862/6944/2834
f 2751/6940/2736 2863/6942/2862 2861/6945/2861
f 2862/6944/2834 2751/6940/2736 2861/6945/2861
f 2840/6946/2772 2810/6947/2774 2899/6948/2894
f 2884/6949/2882 2840/6946/2772 2899/6948/2894
f 2899/6948/2894 2810/6947/2774 2811/6950/2805
f 2811/6950/2805 2775/6951/2773 2884/6952/2882
f 2701/6729/2692 2822/6728/2815 2702/6953/2693
f 2822/6728/2815 2700/6727/2691 3037/6954/2895
f 2700/6727/2691 2702/6953/2693 3037/6954/2895
f 3283/6955/2896 3037/6954/2895 2702/6953/2693
f 3283/6955/2896 2702/6953/2693 2822/6728/2815
f 2885/6956/2883 2844/6957/2841 2900/6958/2843
f 2870/6959/2845 2900/6958/2843 2872/6960/2871
f 2909/6961/2897 2874/6962/2873 2901/6963/2898
f 2901/6963/2898 3038/6964/2899 2902/6965/2900
f 2903/6966/2901 2906/6967/2902 2904/6968/2903
f 2904/6968/2903 2905/6969/2904 2909/6961/2897
f 2909/6961/2897 2905/6969/2904 2906/6967/2902
f 2909/6961/2897 2906/6967/2902 2993/6970/2905
f 2907/6971/2906 2993/6970/2905 2936/6972/2907
f 2993/6970/2905 2907/6971/2906 2908/6973/2908
f 2900/6958/2843 2908/6973/2908 2872/6960/2871
f 2908/6973/2908 2900/6958/2843 2909/6961/2897
f 2900/6958/2843 2874/6962/2873 2909/6961/2897
f 2909/6961/2897 2901/6963/2898 2902/6965/2900
f 2902/6965/2900 2903/6966/2901 2909/6961/2897
f 2909/6961/2897 2903/6966/2901 2904/6968/2903
f 2803/6860/2798 2900/6863/2843 2875/6861/2842
f 2911/6974/2909 2877/6975/2856 2853/6976/2855
f 2877/6975/2856 2911/6974/2909 2929/6977/2910
f 2877/6975/2856 2929/6977/2910 2879/6978/2876
f 2877/6975/2856 2879/6978/2876 2878/6979/2875
f 2911/6980/2909 2853/6981/2855 2878/6982/2875
f 2911/6980/2909 2878/6982/2875 2879/6983/2876
f 2858/6984/2743 2897/6985/2892 2912/6986/2893
f 2755/6987/2740 2898/6988/2859 2897/6989/2892
f 2913/6990/2911 2897/6989/2892 2898/6988/2859
f 2897/6989/2892 2913/6990/2911 2737/6991/2724
f 2863/6992/2862 2737/6991/2724 2913/6990/2911
f 2898/6988/2859 2912/6986/2893 2913/6990/2911
f 2863/6992/2862 2912/6986/2893 2897/6985/2892
f 2913/6990/2911 2912/6986/2893 2863/6992/2862
f 2737/6991/2724 2861/6993/2861 2897/6985/2892
f 2897/6985/2892 2861/6993/2861 2863/6992/2862
f 2761/6562/2753 2764/6563/2754 2914/6994/2912
f 2761/6562/2753 2914/6994/2912 2915/6995/2913
f 2761/6562/2753 2915/6995/2913 2762/6561/2752
f 2762/6561/2752 2915/6995/2913 2764/6563/2754
f 2916/6996/2914 2914/6994/2912 2764/6563/2754
f 2915/6995/2913 2916/6996/2914 2764/6563/2754
f 2915/6995/2913 2914/6994/2912 3091/6997/2915
f 2754/6998/2739 2719/6999/2707 2753/7000/2738
f 2754/6998/2739 2918/7001/2916 2752/7002/2737
f 2918/7001/2916 2917/7003/2917 2752/7002/2737
f 2753/7004/2738 2752/7002/2737 2917/7003/2917
f 3096/7005/2918 2753/7004/2738 2917/7003/2917
f 2753/7004/2738 3096/7005/2918 2918/7006/2916
f 2753/7004/2738 2918/7006/2916 2754/7007/2739
f 2864/7008/2792 2722/7009/2744 3065/7010/2919
f 3066/7011/2863 2756/7012/2745 3065/7010/2919
f 3065/7010/2919 2756/7012/2745 2864/7008/2792
f 2885/7013/2883 2870/7014/2845 2886/7015/2846
f 2844/7016/2841 2885/7013/2883 2845/7017/2789
f 2845/7017/2789 2885/7013/2883 2875/7018/2842
f 2876/7019/2872 2875/7020/2842 2919/6699/2800
f 2873/6700/2799 2876/7019/2872 2919/6699/2800
f 2919/6699/2800 2875/7020/2842 2885/7021/2883
f 2803/6696/2798 2919/6699/2800 2874/7022/2873
f 2920/7023/2920 2921/7024/2921 2922/7025/2922
f 2920/7026/2920 2922/7027/2922 2923/7028/2923
f 2920/7026/2920 2923/7028/2923 2921/7029/2921
f 2927/7030/2924 2896/7031/2891 2895/7032/2890
f 2883/7033/2879 2896/7031/2891 2934/7034/2925
f 2896/7031/2891 2927/7030/2924 2934/7034/2925
f 2927/7030/2924 2895/7032/2890 3020/7035/2926
f 2951/7036/2927 3020/7035/2926 2895/7032/2890
f 2926/7037/2928 2883/7038/2879 2927/7039/2924
f 2883/7038/2879 2926/7037/2928 2896/7031/2891
f 2926/7037/2928 2951/7036/2927 2895/7032/2890
f 2928/7040/2929 2925/7041/2930 2924/7042/2931
f 2924/7042/2931 2925/7041/2930 2928/7040/2929
f 2931/7043/2932 2929/7044/2910 2930/7045/2854
f 2931/7043/2932 2930/7045/2854 2934/7046/2925
f 2934/7046/2925 2930/7045/2854 2932/7047/2880
f 2853/7048/2855 2930/7045/2854 2879/7049/2876
f 2879/7049/2876 2930/7045/2854 2911/7050/2909
f 2911/7050/2909 2930/7045/2854 2929/7044/2910
f 2929/7044/2910 2854/7051/2874 2879/7052/2876
f 2854/7051/2874 2932/7053/2880 2930/7054/2854
f 2932/7053/2880 2854/7051/2874 2929/7044/2910
f 2932/7053/2880 2929/7044/2910 2931/7043/2932
f 2932/7053/2880 2931/7043/2932 2933/7055/2881
f 2931/7043/2932 2934/7046/2925 3018/7056/2933
f 2932/7057/2880 2883/7058/2879 2934/7046/2925
f 2934/7046/2925 2927/7059/2924 2933/7060/2881
f 2933/7060/2881 2927/7059/2924 2883/7058/2879
f 2934/7046/2925 2933/7060/2881 3018/7056/2933
f 2894/6925/2888 2893/7061/2887 2846/7062/2847
f 2846/7062/2847 2893/7061/2887 2848/7063/2848
f 2840/6778/2772 3029/7064/2934 2842/7065/2839
f 2841/6777/2840 3029/7064/2934 2840/6778/2772
f 2821/6725/2813 2818/6721/2810 2815/6717/2806
f 2936/7066/2907 2872/7067/2871 2908/7068/2908
f 2872/7067/2871 2936/7066/2907 3068/7069/2935
f 2646/7070/2642 2647/7071/2640 2938/7072/2936
f 2940/7073/2937 2939/7074/2938 3002/7075/2939
f 2942/7076/2940 2941/7077/2941 2947/7078/2942
f 2941/7077/2941 2946/7079/2943 2947/7078/2942
f 2946/7079/2943 2941/7077/2941 2943/7080/2944
f 2946/7079/2943 3009/7081/2945 2947/7078/2942
f 2947/7078/2942 3009/7081/2945 3012/7082/2946
f 2948/7083/2947 2952/7084/2948 2949/7085/2949
f 2948/7083/2947 2949/7085/2949 2947/7078/2942
f 2949/7085/2949 3016/7086/2950 2947/7078/2942
f 2951/7087/2927 2950/7088/2951 2949/7089/2949
f 2950/7088/2951 2952/7090/2948 3016/7091/2950
f 2952/7090/2948 2948/7092/2947 3016/7091/2950
f 2895/7093/2890 2889/7094/2886 2926/7095/2928
f 2896/7096/2891 2926/7095/2928 2889/7094/2886
f 2896/7096/2891 2889/7094/2886 2893/7097/2887
f 2893/7097/2887 2894/7098/2888 2896/7096/2891
f 2807/7099/2804 2953/7100/2801 2954/7101/2766
f 2809/7102/2803 2807/7099/2804 2954/7101/2766
f 2808/7103/2802 2953/7104/2801 2807/7105/2804
f 2954/7106/2766 2953/7104/2801 2770/7107/2767
f 2770/7107/2767 2953/7104/2801 2809/7102/2803
f 2769/7108/2768 2770/7107/2767 2809/7102/2803
f 2958/7109/2952 2955/7110/2953 2957/7111/2954
f 2957/7111/2954 2955/7110/2953 2956/7112/2955
f 2960/7113/2956 2959/7114/2957 2965/7115/2958
f 2961/7116/2959 2960/7113/2956 2965/7115/2958
f 3261/7117/2960 2961/7116/2959 2965/7115/2958
f 2965/7115/2958 2957/7111/2954 3261/7117/2960
f 3261/7117/2960 2957/7111/2954 3260/7118/2961
f 2963/7119/2962 2964/7120/2963 2974/7121/2964
f 2964/7120/2963 2963/7119/2962 2977/7122/2965
f 2974/7121/2964 2964/7120/2963 2956/7123/2955
f 2956/7123/2955 3039/7124/2966 2974/7121/2964
f 2955/7125/2953 2986/7126/2967 3039/7124/2966
f 2966/7127/2968 2965/7128/2958 2959/7129/2957
f 2966/7127/2968 2959/7129/2957 2967/7130/2969
f 2965/7131/2958 2966/7127/2968 2972/7132/2970
f 2972/7132/2970 2966/7127/2968 2973/7133/2971
f 2965/7131/2958 2972/7132/2970 2958/7134/2952
f 2968/7135/2814 2971/7136/2972 2970/7137/2973
f 2971/7136/2972 3233/7138/2974 2970/7137/2973
f 2968/7135/2814 2821/7139/2813 2958/7140/2952
f 3151/7141/2975 2971/7136/2972 2985/7142/2976
f 3156/7143/2977 3153/7144/2978 2972/7132/2970
f 2972/7132/2970 2973/7133/2971 3156/7143/2977
f 3305/7145/2979 2973/7133/2971 2979/7146/2980
f 3039/7147/2966 2995/7148/2981 2984/7149/2982
f 2984/7149/2982 2974/7150/2964 3039/7147/2966
f 2975/7151/2983 2963/7152/2962 2974/7150/2964
f 2975/7151/2983 2974/7150/2964 2984/7149/2982
f 3165/7153/2984 2963/7152/2962 2975/7151/2983
f 2963/7152/2962 3165/7153/2984 2976/7154/2985
f 2963/7152/2962 2976/7154/2985 2977/7155/2965
f 2976/7154/2985 2980/7156/2986 2978/7157/2987
f 2977/7155/2965 2976/7154/2985 2978/7157/2987
f 2957/7158/2954 2956/7159/2955 2977/7155/2965
f 2957/7158/2954 2979/7160/2980 3260/7161/2961
f 2978/7157/2987 2957/7158/2954 2977/7155/2965
f 2979/7162/2980 2966/7163/2968 3275/7164/2988
f 3275/7164/2988 2966/7163/2968 2967/7165/2969
f 2966/7163/2968 2979/7162/2980 2973/7166/2971
f 3305/7167/2979 2979/7160/2980 3282/7168/2989
f 2978/7157/2987 3282/7168/2989 2979/7160/2980
f 2980/7156/2986 3165/7153/2984 2981/7169/2990
f 2902/7170/2900 2981/7169/2990 2982/7171/2991
f 2901/7172/2898 2982/7171/2991 2983/7173/2992
f 2982/7171/2991 2981/7169/2990 3165/7153/2984
f 2983/7173/2992 2982/7171/2991 2975/7151/2983
f 2982/7171/2991 3165/7153/2984 2975/7151/2983
f 2984/7149/2982 2983/7173/2992 2975/7151/2983
f 2972/7174/2970 3185/7175/2993 2985/7176/2976
f 2971/7177/2972 2972/7174/2970 2985/7176/2976
f 2821/7178/2813 2986/7179/2967 2955/7180/2953
f 2821/7178/2813 2955/7180/2953 2958/7181/2952
f 2995/7182/2981 2903/7183/2901 3038/7184/2899
f 2903/7183/2901 2981/7185/2990 3038/7184/2899
f 2968/7186/2814 2958/7181/2952 2972/7174/2970
f 2972/7174/2970 2971/7177/2972 2968/7186/2814
f 2820/7187/2812 2986/7188/2967 2821/7189/2813
f 2988/7190/2994 2936/7191/2907 2992/7192/2995
f 2989/7193/2996 2992/7192/2995 2937/7194/2997
f 2990/7195/2998 2988/7196/2994 2994/7197/2999
f 2994/7197/2999 2988/7196/2994 2991/7198/3000
f 2994/7197/2999 2991/7198/3000 2987/7199/3001
f 2994/7197/2999 2987/7199/3001 3161/7200/3002
f 3161/7200/3002 2978/7201/2987 2994/7197/2999
f 2992/7192/2995 2994/7197/2999 3070/7202/3003
f 2992/7192/2995 3070/7202/3003 2993/7203/2905
f 3070/7202/3003 2905/7204/2904 2993/7203/2905
f 2995/7205/2981 2987/7206/3001 2906/7207/2902
f 2906/7207/2902 2903/7208/2901 2995/7205/2981
f 2988/7190/2994 2992/7192/2995 2993/7203/2905
f 2988/7190/2994 2993/7203/2905 2987/7206/3001
f 2993/7203/2905 2906/7207/2902 2987/7206/3001
f 2987/7206/3001 2995/7205/2981 2820/7187/2812
f 2919/6699/2800 2885/7021/2883 2887/7209/2870
f 2874/7022/2873 2919/6699/2800 2887/7209/2870
f 2997/7210/3004 2999/7211/3005 2998/7212/3006
f 2998/7212/3006 2999/7211/3005 3000/7213/3007
f 3053/7214/3008 2998/7212/3006 3001/7215/3009
f 2997/7210/3004 2998/7212/3006 3053/7214/3008
f 3001/7215/3009 2998/7212/3006 3000/7213/3007
f 2945/7216/3010 2943/7080/2944 2941/7077/2941
f 2945/7216/3010 2941/7077/2941 2944/7217/3011
f 2944/7217/3011 3014/7218/3012 3056/7219/3013
f 2944/7217/3011 3056/7219/3013 2945/7216/3010
f 2945/7216/3010 3056/7219/3013 2645/7220/2637
f 2645/7220/2637 2938/7221/2936 2945/7216/3010
f 2938/7221/2936 2645/7220/2637 2646/7222/2642
f 2940/7223/2937 3002/7224/2939 3003/7225/3014
f 2939/7226/2938 2940/7223/2937 3003/7225/3014
f 3004/7227/3015 3005/7228/3016 3006/7229/3017
f 3005/7228/3016 3004/7227/3015 3007/7230/3018
f 3004/7227/3015 3006/7229/3017 3008/7231/3019
f 3004/7227/3015 3008/7231/3019 3009/7232/2945
f 3009/7232/2945 3008/7231/3019 3006/7229/3017
f 3006/7229/3017 3005/7228/3016 3011/7233/3020
f 3011/7233/3020 3005/7228/3016 3007/7230/3018
f 3006/7229/3017 3011/7233/3020 3009/7232/2945
f 3009/7232/2945 3011/7233/3020 3010/7234/3021
f 3007/7230/3018 3046/7235/3022 3011/7233/3020
f 3007/7230/3018 3004/7236/3015 3009/7232/2945
f 3010/7234/3021 3007/7230/3018 2946/7237/2943
f 3012/7238/2946 3009/7232/2945 3010/7234/3021
f 3009/7232/2945 2946/7237/2943 3007/7230/3018
f 3012/7238/2946 3013/7239/3023 2947/7240/2942
f 3013/7239/3023 2948/7241/2947 2947/7240/2942
f 2947/7242/2942 3016/7243/2950 2942/7244/2940
f 2946/7237/2943 3016/7243/2950 3012/7238/2946
f 2946/7237/2943 3012/7238/2946 3010/7234/3021
f 3056/7245/3013 3014/7246/3012 2943/7247/2944
f 2942/7244/2940 3016/7243/2950 2946/7237/2943
f 2942/7244/2940 2946/7237/2943 3014/7246/3012
f 3013/7239/3023 3012/7238/2946 3048/7248/3024
f 2948/7249/2947 3013/7239/3023 3015/7250/3025
f 3015/7250/3025 3012/7238/2946 2948/7249/2947
f 2948/7249/2947 3012/7238/2946 3016/7243/2950
f 3016/7243/2950 2949/7251/2949 2950/7252/2951
f 3019/7253/3026 3017/7254/3027 2999/7255/3005
f 2999/7255/3005 3017/7254/3027 3018/7256/2933
f 3019/7253/3026 3020/7257/2926 2951/7258/2927
f 3017/7254/3027 2951/7259/2927 3018/7256/2933
f 2926/7260/2928 2927/7261/2924 3020/7262/2926
f 2926/7260/2928 2931/7263/2932 2951/7259/2927
f 2926/7260/2928 3020/7262/2926 2931/7263/2932
f 2931/7263/2932 3020/7262/2926 2933/7264/2881
f 3018/7256/2933 2951/7259/2927 2931/7263/2932
f 3018/7256/2933 3019/7265/3026 3000/7266/3007
f 3000/7266/3007 2999/7255/3005 3018/7256/2933
f 3020/7257/2926 3019/7253/3026 2933/7267/2881
f 2933/7267/2881 3019/7253/3026 3018/7268/2933
f 2951/7269/2927 2952/7270/2948 3019/7271/3026
f 3017/7272/3027 3019/7271/3026 2952/7270/2948
f 3017/7272/3027 2950/7273/2951 2951/7274/2927
f 2950/7273/2951 3017/7272/3027 2952/7270/2948
f 2952/7270/2948 2951/7269/2927 2949/7275/2949
f 2922/7276/2922 2921/7277/2921 2923/7278/2923
f 3022/7279/3028 2860/7280/2860 2859/7281/2858
f 3021/7282/3029 2860/7280/2860 3144/7283/3030
f 3144/7283/3030 2860/7280/2860 3022/7279/3028
f 3021/7282/3029 2858/7284/2743 2860/7280/2860
f 2898/7285/2859 2860/7280/2860 2858/7284/2743
f 2858/7284/2743 3021/7282/3029 2859/7281/2858
f 3024/7286/3031 2935/7287/3032 3023/7288/3033
f 3024/7286/3031 3023/7288/3033 3470/7289/3034
f 3470/7289/3034 3023/7288/3033 3064/7290/3035
f 3025/7291/3036 3064/7290/3035 3023/7288/3033
f 3025/7291/3036 3023/7288/3033 2935/7287/3032
f 3026/7292/3037 2899/7293/2894 2811/7294/2805
f 3026/7292/3037 2811/7294/2805 2884/7295/2882
f 3223/7296/3038 2884/7295/2882 3224/7297/3039
f 3223/7296/3038 3222/7298/3040 3026/7299/3037
f 3026/7299/3037 3222/7298/3040 3224/7300/3039
f 3224/7300/3039 3028/7301/3041 3026/7299/3037
f 3223/7296/3038 3026/7299/3037 2884/7295/2882
f 3028/7302/3041 3027/7303/3042 3026/7304/3037
f 2899/7305/2894 3026/7306/3037 3029/7307/2934
f 3029/7307/2934 3026/7306/3037 3027/7308/3042
f 2899/7305/2894 3030/7309/3043 3028/7310/3041
f 2842/7311/2839 3029/7307/2934 3027/7308/3042
f 2842/7311/2839 3027/7308/3042 2841/7312/2840
f 3030/7313/3043 3029/7307/2934 2841/7314/2840
f 3030/7315/3043 2841/7312/2840 3027/7308/3042
f 3029/7316/2934 3030/7315/3043 2899/7317/2894
f 3028/7318/3041 3030/7315/3043 3027/7308/3042
f 3034/7319/3044 2817/7320/2809 3031/7321/3045
f 3031/7321/3045 2817/7320/2809 3032/7322/3046
f 3032/7322/3046 2817/7320/2809 3033/7323/3047
f 3105/7324/3048 3032/7322/3046 3034/7319/3044
f 3034/7319/3044 3032/7322/3046 3033/7323/3047
f 2817/7325/2809 3034/7326/3044 2816/7327/2808
f 3033/7328/3047 2817/7325/2809 2962/7329/2807
f 2816/7330/2808 3034/7331/3044 3035/7332/3049
f 3035/7332/3049 3034/7331/3044 3033/7333/3047
f 2816/7330/2808 3035/7332/3049 2962/7334/2807
f 2820/7335/2812 2995/7336/2981 2986/7179/2967
f 3036/7337/3050 3283/7338/2896 2822/7339/2815
f 2822/7339/2815 3037/7340/2895 3036/7337/3050
f 3038/7341/2899 2901/7172/2898 2984/7149/2982
f 2984/7149/2982 2901/7172/2898 2983/7173/2992
f 2902/7342/2900 3038/7341/2899 2981/7343/2990
f 3039/7147/2966 2986/7344/2967 2995/7148/2981
f 2909/6961/2897 2993/6970/2905 2908/6973/2908
f 2997/7345/3004 3040/7346/3051 2996/7347/3052
f 2996/7347/3052 3040/7346/3051 3053/7348/3008
f 3045/7349/3053 3041/7350/3054 3007/7351/3018
f 3007/7351/3018 3041/7350/3054 3046/7352/3022
f 3041/7353/3054 2943/7354/2944 3042/7355/3055
f 3075/7356/3056 3041/7353/3054 3043/7357/3057
f 3043/7357/3057 3041/7353/3054 3044/7358/3058
f 3041/7359/3054 3045/7360/3053 2946/7361/2943
f 2946/7361/2943 3045/7360/3053 3014/7362/3012
f 3014/7363/3012 3042/7364/3055 2943/7365/2944
f 3011/7366/3020 3046/7367/3022 3047/7368/3059
f 3007/7369/3018 3010/7370/3021 3047/7368/3059
f 3011/7366/3020 3047/7368/3059 3010/7370/3021
f 3048/7371/3024 3049/7372/3060 3050/7373/3061
f 3048/7371/3024 3050/7373/3061 3052/7374/3062
f 3050/7373/3061 3051/7375/3063 3052/7374/3062
f 3049/7372/3060 3052/7374/3062 3051/7375/3063
f 3051/7375/3063 3047/7376/3059 3049/7372/3060
f 3051/7375/3063 3080/7377/3064 3047/7376/3059
f 3080/7377/3064 3051/7375/3063 3074/7378/3065
f 2996/7379/3052 3001/7380/3009 2997/7381/3004
f 3001/7382/3009 2996/7379/3052 3053/7383/3008
f 2943/7384/2944 3041/7385/3054 2946/7237/2943
f 3048/7371/3024 3012/7386/2946 3015/7387/3025
f 3048/7371/3024 3015/7387/3025 3049/7372/3060
f 3052/7374/3062 3015/7387/3025 3013/7388/3023
f 3049/7372/3060 3015/7387/3025 3052/7374/3062
f 3048/7371/3024 3052/7374/3062 3013/7388/3023
f 2997/7389/3004 3001/7390/3009 2999/7391/3005
f 2999/7391/3005 3001/7390/3009 3019/7392/3026
f 3019/7392/3026 3001/7390/3009 3000/7393/3007
f 3054/7394/3066 3055/7395/3067 3057/7396/3068
f 2944/7397/3011 2941/7398/2941 3014/7246/3012
f 2941/7398/2941 2942/7244/2940 3014/7246/3012
f 2645/7399/2637 3056/7245/3013 2647/7400/2640
f 3024/7401/3031 3058/7402/3069 2935/7403/3032
f 2935/7403/3032 3058/7402/3069 3025/7404/3036
f 3058/7402/3069 3024/7401/3031 3523/7405/3070
f 3523/7405/3070 3697/7406/3071 3060/7407/3072
f 3523/7405/3070 3805/7408/3073 3623/7409/3074
f 3061/7410/3075 3062/7411/3076 3623/7409/3074
f 3623/7409/3074 3062/7411/3076 3523/7405/3070
f 3061/7410/3075 3063/7412/3077 3062/7411/3076
f 3399/7413/3078 3063/7412/3077 3061/7410/3075
f 3399/7413/3078 3397/7414/3079 3063/7412/3077
f 3397/7414/3079 3025/7404/3036 3063/7412/3077
f 3058/7402/3069 3062/7411/3076 3063/7412/3077
f 3062/7411/3076 3058/7402/3069 3523/7405/3070
f 3025/7404/3036 3058/7402/3069 3063/7412/3077
f 3066/7415/2863 3065/7416/2919 2722/7417/2744
f 3068/7418/2935 2887/7419/2870 2872/7420/2871
f 2872/7420/2871 2887/7419/2870 2827/7421/2821
f 3067/7422/3080 2887/7419/2870 3068/7418/2935
f 2937/7423/2997 3068/7424/2935 2988/7425/2994
f 3068/7424/2935 2937/7423/2997 3067/7422/3080
f 2901/7426/2898 2874/7427/2873 2982/7428/2991
f 2874/7427/2873 3069/7429/3081 2982/7428/2991
f 2887/7430/2870 3069/7429/3081 2874/7427/2873
f 2887/7430/2870 3067/7431/3080 3069/7429/3081
f 3067/7431/3080 2936/7432/2907 2908/7433/2908
f 3067/7431/3080 2908/7433/2908 3069/7429/3081
f 2903/7434/2901 2902/7435/2900 2982/7428/2991
f 2981/7436/2990 2903/7434/2901 3070/7437/3003
f 2981/7436/2990 3070/7437/3003 2980/7438/2986
f 2980/7438/2986 3070/7437/3003 2994/7439/2999
f 3070/7437/3003 2904/7440/2903 2906/7441/2902
f 2978/7442/2987 2980/7438/2986 2994/7439/2999
f 3073/7443/3082 3072/7444/3083 3050/7445/3061
f 3050/7445/3061 3080/7446/3064 3073/7443/3082
f 3080/7446/3064 3074/7447/3065 3073/7443/3082
f 3041/7448/3054 3075/7449/3056 3076/7450/3084
f 3075/7449/3056 3140/7451/3085 3076/7450/3084
f 3076/7450/3084 3140/7451/3085 3043/7452/3057
f 3119/7453/3086 3076/7450/3084 3007/7454/3018
f 3080/7455/3064 3119/7453/3086 3047/7456/3059
f 3007/7454/3018 3047/7456/3059 3119/7453/3086
f 3049/7457/3060 3047/7456/3059 3046/7458/3022
f 3041/7459/3054 3076/7460/3084 3046/7458/3022
f 3072/7461/3083 3074/7462/3065 3051/7463/3063
f 3072/7461/3083 3051/7463/3063 3050/7464/3061
f 3072/7461/3083 3073/7465/3082 3077/7466/3087
f 3078/7467/3088 2647/7468/2640 2945/7469/3010
f 2945/7470/3010 2647/7471/2640 3114/7472/3089
f 2945/7470/3010 3114/7472/3089 3079/7473/3090
f 3079/7473/3090 3114/7472/3089 3078/7474/3088
f 3079/7473/3090 3078/7474/3088 2938/7475/2936
f 3078/7476/3088 2945/7470/3010 2938/7477/2936
f 3044/7478/3058 3041/7479/3054 3042/7480/3055
f 3116/7481/3091 3044/7478/3058 3042/7480/3055
f 3116/7481/3091 3114/7482/3089 2647/7483/2640
f 2647/7483/2640 3056/7484/3013 3116/7481/3091
f 3056/7485/3013 2943/7486/2944 3116/7481/3091
f 2943/7486/2944 2945/7487/3010 3116/7481/3091
f 3116/7481/3091 2945/7487/3010 3044/7478/3058
f 3049/7488/3060 3046/7489/3022 3080/7490/3064
f 3049/7488/3060 3080/7490/3064 3050/7491/3061
f 3083/7492/3092 3081/7493/3093 3082/7494/3094
f 3084/7495/3095 3085/7496/3096 3086/7497/3097
f 3086/7497/3097 3087/7498/3098 3088/7499/3099
f 3089/7500/3100 3086/7497/3097 3088/7499/3099
f 3089/7500/3100 3087/7498/3098 2916/7501/2914
f 3089/7500/3100 2916/7501/2914 3084/7502/3095
f 2916/7501/2914 3087/7498/3098 3086/7497/3097
f 3088/7499/3099 3087/7498/3098 3085/7503/3096
f 3085/7503/3096 3087/7498/3098 3090/7504/3101
f 3087/7498/3098 3089/7500/3100 3090/7504/3101
f 3091/7505/2915 3090/7504/3101 3089/7500/3100
f 3091/7505/2915 3088/7499/3099 3085/7503/3096
f 3088/7499/3099 3091/7505/2915 3089/7500/3100
f 2916/7506/2914 3086/7507/3097 3090/7508/3101
f 3090/7508/3101 3086/7507/3097 3085/7509/3096
f 3090/7508/3101 3092/7510/3102 3093/7511/3103
f 2916/7506/2914 3090/7508/3101 3093/7511/3103
f 3091/7512/2915 2916/7513/2914 2915/7514/2913
f 2916/7513/2914 3091/7512/2915 3084/7515/3095
f 3084/7515/3095 3091/7512/2915 3094/7516/3104
f 3094/7516/3104 3091/7512/2915 3095/7517/3105
f 3092/7518/3102 3095/7517/3105 3093/7519/3103
f 3093/7519/3103 3095/7517/3105 3091/7512/2915
f 3093/7519/3103 3091/7512/2915 3085/7520/3096
f 3091/7512/2915 2914/7521/2912 3092/7518/3102
f 3095/7522/3105 3092/7518/3102 3094/7516/3104
f 3092/7518/3102 2914/7521/2912 3094/7516/3104
f 3094/7516/3104 2914/7521/2912 2916/7523/2914
f 3099/7524/3106 2917/7003/2917 2918/7001/2916
f 3099/7524/3106 2918/7001/2916 3207/7525/3107
f 3099/7524/3106 3096/7005/2918 2917/7003/2917
f 2918/7006/2916 3096/7005/2918 3097/7526/3108
f 3098/7527/3109 3097/7526/3108 3096/7005/2918
f 3098/7527/3109 3096/7005/2918 3099/7524/3106
f 3097/7526/3108 3098/7527/3109 3099/7528/3106
f 3097/7526/3108 3099/7528/3106 3207/7529/3107
f 2954/6580/2766 2769/6582/2768 2809/7530/2803
f 3100/7531/3110 3101/7532/3111 3126/7533/3112
f 3101/7532/3111 3100/7531/3110 3102/7534/3113
f 3103/7535/3114 3102/7534/3113 3100/7531/3110
f 3103/7535/3114 3126/7536/3112 3102/7534/3113
f 3123/7537/3115 3103/7535/3114 3100/7531/3110
f 3034/7538/3044 3031/7539/3045 3149/7540/3116
f 3149/7540/3116 3104/7541/3117 3105/7542/3048
f 3034/7538/3044 3149/7540/3116 3105/7542/3048
f 3032/7543/3046 3105/7542/3048 3031/7539/3045
f 3105/7542/3048 3106/7544/3118 3031/7539/3045
f 3107/7545/3119 3106/7544/3118 3108/7546/3120
f 3106/7544/3118 3105/7542/3048 3108/7546/3120
f 3109/7547/3121 3105/7542/3048 3104/7548/3117
f 3109/7547/3121 3104/7548/3117 3106/7544/3118
f 3109/7547/3121 3106/7544/3118 3107/7549/3119
f 3038/7341/2899 2984/7149/2982 2995/7148/2981
f 3110/7550/3122 3241/7551/3123 3073/7552/3082
f 3073/7552/3082 3241/7551/3123 3131/7553/3124
f 3168/7554/3125 3241/7551/3123 3132/7555/3126
f 3132/7555/3126 3241/7551/3123 3110/7550/3122
f 3112/7556/3127 3132/7555/3126 3110/7550/3122
f 3112/7556/3127 3110/7550/3122 3111/7557/3128
f 3110/7550/3122 3073/7552/3082 3111/7557/3128
f 3111/7557/3128 3073/7552/3082 3129/7558/3129
f 3129/7558/3129 3073/7552/3082 3112/7559/3127
f 3112/7559/3127 3073/7552/3082 3074/7560/3065
f 3115/7561/3130 3114/7562/3089 3116/7563/3091
f 3117/7564/3131 3114/7562/3089 3113/7565/3132
f 3117/7564/3131 3044/7566/3058 2945/7567/3010
f 3117/7564/3131 2945/7567/3010 3079/7568/3090
f 3117/7564/3131 3079/7568/3090 2938/7569/2936
f 3117/7564/3131 2938/7569/2936 2647/7570/2640
f 3117/7564/3131 2647/7570/2640 3078/7571/3088
f 3117/7564/3131 3078/7571/3088 3114/7562/3089
f 3136/7572/3133 3044/7573/3058 3115/7574/3130
f 3117/7575/3131 3113/7576/3132 3044/7573/3058
f 3044/7573/3058 3113/7576/3132 3115/7574/3130
f 3139/7577/3134 3080/7578/3064 3118/7579/3135
f 3118/7579/3135 3080/7578/3064 3076/7580/3084
f 3119/7581/3086 3118/7579/3135 3076/7580/3084
f 3119/7581/3086 3140/7582/3085 3118/7579/3135
f 3118/7579/3135 3167/7583/3136 3132/7584/3126
f 3140/7582/3085 3167/7583/3136 3118/7579/3135
f 3076/7585/3084 3080/7490/3064 3046/7489/3022
f 2644/7586/2638 2647/7071/2640 2646/7070/2642
f 3040/7587/3051 2997/7210/3004 3053/7214/3008
f 3045/7588/3053 3007/7589/3018 3076/7590/3084
f 3014/7591/3012 3045/7588/3053 3042/7592/3055
f 3045/7588/3053 3076/7590/3084 3042/7592/3055
f 3042/7592/3055 3076/7590/3084 3043/7593/3057
f 3115/7594/3130 3042/7592/3055 3043/7593/3057
f 3042/7592/3055 3115/7594/3130 3116/7595/3091
f 3115/7594/3130 3043/7593/3057 3138/7596/3137
f 3082/7597/3094 3081/7598/3093 3083/7599/3092
f 3055/7600/3067 3054/7601/3066 3057/7602/3068
f 3121/7603/3138 3223/7604/3038 3120/7605/3139
f 3223/7604/3038 3121/7603/3138 3222/7606/3040
f 3222/7606/3040 3121/7603/3138 3148/7607/3140
f 3223/7608/3038 3148/7607/3140 3120/7609/3139
f 3224/7610/3039 2884/7611/2882 2899/7612/2894
f 2899/7612/2894 3028/7613/3041 3224/7610/3039
f 3126/7536/3112 3103/7535/3114 3122/7614/3141
f 3123/7537/3115 3125/7615/3142 3103/7535/3114
f 3103/7535/3114 3125/7615/3142 3122/7614/3141
f 3123/7537/3115 3124/7616/3143 3125/7615/3142
f 3124/7616/3143 3123/7537/3115 3122/7614/3141
f 3126/7533/3112 3122/7614/3141 3100/7531/3110
f 3100/7531/3110 3122/7614/3141 3123/7537/3115
f 3335/7617/3144 3031/7618/3045 3128/7619/3145
f 3127/7620/3146 3335/7617/3144 3109/7621/3121
f 3127/7620/3146 3109/7621/3121 3107/7622/3119
f 3127/7620/3146 3107/7622/3119 3128/7619/3145
f 3149/7623/3116 3128/7619/3145 3106/7624/3118
f 3107/7622/3119 3108/7625/3120 3128/7619/3145
f 3108/7625/3120 3109/7621/3121 3128/7619/3145
f 3128/7619/3145 3109/7621/3121 3335/7617/3144
f 3128/7619/3145 3031/7618/3045 3106/7624/3118
f 3104/7626/3117 3149/7623/3116 3106/7624/3118
f 3105/7627/3048 3033/7333/3047 2962/7334/2807
f 3108/7628/3120 3105/7627/3048 2962/7334/2807
f 3109/7629/3121 3108/7628/3120 3033/7333/3047
f 3109/7629/3121 3033/7333/3047 3105/7627/3048
f 3035/7332/3049 3033/7333/3047 3108/7628/3120
f 3035/7332/3049 3108/7628/3120 2962/7334/2807
f 2936/7066/2907 2937/7630/2997 2992/7631/2995
f 3068/7632/2935 2936/7066/2907 2988/7633/2994
f 3069/7429/3081 2905/7634/2904 2982/7428/2991
f 2982/7428/2991 2905/7634/2904 2904/7440/2903
f 3070/7437/3003 2903/7434/2901 2982/7428/2991
f 3070/7437/3003 2982/7428/2991 2904/7440/2903
f 2906/7441/2902 2905/7634/2904 3070/7635/3003
f 2905/7634/2904 3069/7429/3081 2908/7433/2908
f 2905/7634/2904 2908/7433/2908 2907/7636/2906
f 2905/7634/2904 3067/7431/3080 2993/7637/2905
f 3067/7431/3080 2905/7634/2904 2907/7636/2906
f 3067/7431/3080 2907/7636/2906 2936/7638/2907
f 3073/7639/3082 3131/7640/3124 3077/7641/3087
f 3074/7642/3065 3077/7641/3087 3129/7643/3129
f 3129/7643/3129 3077/7641/3087 3111/7644/3128
f 3133/7645/3147 3129/7643/3129 3112/7646/3127
f 3133/7645/3147 3112/7646/3127 3111/7644/3128
f 3168/7647/3125 3132/7648/3126 3111/7644/3128
f 3132/7648/3126 3133/7645/3147 3111/7644/3128
f 3169/7649/3148 3168/7647/3125 3130/7650/3149
f 3130/7650/3149 3168/7647/3125 3111/7644/3128
f 3130/7650/3149 3238/7651/3150 3169/7649/3148
f 3131/7640/3124 3111/7644/3128 3077/7641/3087
f 3130/7650/3149 3111/7644/3128 3241/7652/3123
f 3241/7652/3123 3111/7644/3128 3131/7640/3124
f 3133/7653/3147 3167/7654/3136 3139/7655/3134
f 3133/7653/3147 3132/7656/3126 3167/7654/3136
f 3132/7657/3126 3074/7658/3065 3139/7659/3134
f 3133/7660/3147 3139/7659/3134 3074/7658/3065
f 3074/7658/3065 3129/7661/3129 3133/7660/3147
f 3134/7662/3151 3115/7663/3130 3113/7565/3132
f 3134/7662/3151 3113/7565/3132 3135/7664/3152
f 3135/7664/3152 3113/7565/3132 3171/7665/3153
f 3171/7665/3153 3113/7565/3132 3114/7562/3089
f 3115/7561/3130 3134/7666/3151 3114/7562/3089
f 3114/7562/3089 3134/7666/3151 3171/7665/3153
f 3171/7665/3153 3134/7666/3151 3137/7667/3154
f 3077/7668/3087 3074/7669/3065 3072/7670/3083
f 3115/7671/3130 3138/7672/3137 3137/7673/3154
f 3115/7671/3130 3137/7673/3154 3136/7674/3133
f 3138/7672/3137 3136/7675/3133 3170/7676/3155
f 3136/7674/3133 3137/7673/3154 3170/7677/3155
f 3190/7678/3156 3138/7672/3137 3170/7676/3155
f 3118/7679/3135 3132/7680/3126 3139/7681/3134
f 3075/7682/3056 3043/7683/3057 3119/7684/3086
f 3119/7684/3086 3043/7683/3057 3140/7685/3085
f 3119/7684/3086 3167/7686/3136 3075/7682/3056
f 3139/7681/3134 3167/7686/3136 3119/7684/3086
f 3080/7687/3064 3139/7681/3134 3119/7684/3086
f 3043/7688/3057 3136/7689/3133 3138/7690/3137
f 3136/7689/3133 3043/7688/3057 3044/7691/3058
f 3145/7692/3157 3147/7693/3158 3142/7694/3159
f 3145/7692/3157 3142/7694/3159 3141/7695/3160
f 3141/7695/3160 3318/7696/3161 3146/7697/3162
f 3142/7694/3159 3146/7697/3162 3318/7696/3161
f 3142/7694/3159 3147/7693/3158 3146/7697/3162
f 3146/7697/3162 3145/7692/3157 3141/7695/3160
f 3084/7698/3095 3086/7699/3097 3202/7700/3163
f 3202/7700/3163 3089/7701/3100 3084/7698/3095
f 3021/7282/3029 3143/7702/3164 2859/7281/2858
f 2859/7281/2858 3143/7702/3164 3022/7279/3028
f 3021/7282/3029 3144/7283/3030 3143/7702/3164
f 3147/7703/3158 3143/7702/3164 3144/7283/3030
f 3147/7703/3158 3144/7283/3030 3022/7279/3028
f 3022/7279/3028 3143/7702/3164 3145/7704/3157
f 3146/7705/3162 3022/7279/3028 3145/7704/3157
f 3146/7705/3162 3147/7703/3158 3022/7279/3028
f 3147/7703/3158 3145/7704/3157 3143/7702/3164
f 3084/7706/3095 3093/7707/3103 3085/7708/3096
f 3093/7707/3103 3084/7706/3095 3094/7709/3104
f 3093/7707/3103 3094/7709/3104 2916/7710/2914
f 3092/7711/3102 3090/7712/3101 3091/7713/2915
f 3121/7714/3138 3120/7715/3139 3178/7716/3165
f 3148/7717/3140 3206/7718/3166 3120/7719/3139
f 3335/7720/3144 3149/7721/3116 3031/7722/3045
f 3149/7721/3116 3127/7723/3146 3128/7724/3145
f 3232/7725/3167 3126/7726/3112 3101/7727/3111
f 3150/7728/3168 3232/7725/3167 3101/7727/3111
f 3150/7728/3168 3101/7727/3111 2971/7729/2972
f 3151/7730/2975 3150/7728/3168 2971/7729/2972
f 3233/7731/2974 2971/7729/2972 3152/7732/3169
f 2970/7733/2973 3152/7732/3169 2968/7734/2814
f 2968/7734/2814 3152/7732/3169 2969/7735/3170
f 3152/7732/3169 2971/7729/2972 3101/7727/3111
f 3102/7736/3113 3152/7732/3169 3101/7727/3111
f 2972/7132/2970 3153/7144/2978 3185/7737/2993
f 3154/7738/3171 3185/7737/2993 3153/7144/2978
f 3154/7738/3171 3153/7144/2978 3155/7739/3172
f 3155/7739/3172 3153/7144/2978 3280/7740/3173
f 2965/7115/2958 2958/7109/2952 2957/7111/2954
f 3161/7741/3002 2819/7742/2811 3159/7743/3174
f 3161/7741/3002 3159/7743/3174 2969/7744/3170
f 3157/7745/3175 3158/7746/3176 3160/7747/3177
f 3160/7747/3177 3158/7746/3176 2819/7748/2811
f 3158/7746/3176 3159/7749/3174 2819/7748/2811
f 3157/7745/3175 3160/7747/3177 3159/7743/3174
f 3160/7747/3177 2968/7750/2814 3159/7743/3174
f 3160/7747/3177 2819/7748/2811 2968/7750/2814
f 2968/7750/2814 2969/7744/3170 3159/7743/3174
f 2820/7751/2812 3161/7752/3002 2987/7753/3001
f 2820/7751/2812 2819/7754/2811 3161/7752/3002
f 3233/7755/2974 3161/7752/3002 2970/7756/2973
f 2970/7756/2973 3161/7752/3002 2969/7757/3170
f 2956/7112/2955 2955/7110/2953 3039/7758/2966
f 3162/7759/3178 3163/7760/3179 3164/7761/3180
f 3164/7761/3180 3163/7762/3179 3162/7759/3178
f 2976/7154/2985 3165/7153/2984 2980/7156/2986
f 2936/7763/2907 2993/7764/2905 2937/7423/2997
f 2937/7423/2997 2993/7764/2905 3067/7422/3080
f 3075/7765/3056 3166/7766/3181 3140/7767/3085
f 3140/7767/3085 3166/7766/3181 3167/7768/3136
f 3167/7768/3136 3166/7766/3181 3168/7769/3125
f 3166/7766/3181 3075/7770/3056 3169/7771/3148
f 3169/7771/3148 3075/7770/3056 3167/7768/3136
f 3169/7771/3148 3167/7768/3136 3168/7769/3125
f 3166/7766/3181 3169/7771/3148 3240/7772/3182
f 3170/7773/3155 3137/7774/3154 3135/7775/3152
f 3189/7776/3183 3188/7777/3184 3172/7778/3185
f 3188/7777/3184 3135/7775/3152 3171/7779/3153
f 3134/7780/3151 3135/7775/3152 3137/7774/3154
f 3188/7777/3184 3171/7779/3153 3172/7778/3185
f 3173/7781/3186 3172/7778/3185 3242/7782/3187
f 3317/7783/3188 3173/7781/3186 3290/7784/3189
f 3317/7783/3188 3172/7778/3185 3173/7781/3186
f 3317/7783/3188 3245/7785/3190 3172/7778/3185
f 3132/7786/3126 3112/7787/3127 3074/7788/3065
f 3177/7789/3191 3175/7790/3192 3176/7791/3193
f 3121/7792/3138 3178/7793/3165 3148/7794/3140
f 3206/7795/3166 3148/7794/3140 3178/7793/3165
f 3179/7796/3194 3178/7793/3165 3120/7605/3139
f 3183/7797/3195 3182/7798/3196 3184/7799/3197
f 3182/7798/3196 3181/7800/3198 3184/7799/3197
f 3185/7801/2993 3227/7802/3199 2985/7803/2976
f 3185/7801/2993 3186/7804/3200 3227/7802/3199
f 3185/7801/2993 2978/7805/2987 3186/7804/3200
f 2978/7805/2987 2985/7803/2976 3186/7804/3200
f 3071/7806/3201 2978/7805/2987 3185/7801/2993
f 3230/7807/3202 3185/7808/2993 3154/7809/3171
f 3230/7810/3202 3071/7806/3201 3185/7801/2993
f 3187/7811/3203 2956/7112/2955 2964/7812/2963
f 2964/7120/2963 2977/7122/2965 3187/7813/3203
f 2991/7814/3000 2988/7190/2994 2987/7206/3001
f 2988/7815/2994 2990/7816/2998 2989/7817/2996
f 2988/7815/2994 2989/7817/2996 2937/7818/2997
f 3188/7819/3184 3198/7820/3204 3190/7821/3156
f 3135/7822/3152 3188/7819/3184 3170/7823/3155
f 3170/7823/3155 3188/7819/3184 3190/7821/3156
f 3188/7819/3184 3189/7824/3183 3191/7825/3205
f 3192/7826/3206 3189/7824/3183 3172/7827/3185
f 3193/7828/3207 3198/7829/3204 3188/7830/3184
f 3198/7829/3204 3193/7828/3207 3197/7831/3208
f 3194/7832/3209 3193/7828/3207 3188/7830/3184
f 3194/7832/3209 3195/7833/3210 3193/7828/3207
f 3193/7828/3207 3287/7834/3211 3197/7831/3208
f 3166/7835/3181 3198/7829/3204 3168/7836/3125
f 3168/7837/3125 3198/7829/3204 3237/7838/3212
f 3237/7838/3212 3198/7829/3204 3197/7831/3208
f 3190/7821/3156 3198/7820/3204 3166/7839/3181
f 3176/7840/3193 3175/7841/3192 3177/7842/3191
f 3199/7843/3213 3201/7844/3214 3200/7845/3215
f 3200/7846/3215 3201/7847/3214 3199/7848/3213
f 3202/7849/3163 3086/7850/3097 3203/7851/3216
f 3089/7852/3100 3203/7851/3216 3086/7850/3097
f 3202/7849/3163 3203/7851/3216 3464/7853/3217
f 3202/7849/3163 3354/7854/3218 3089/7852/3100
f 3354/7854/3218 3202/7849/3163 3464/7853/3217
f 3089/7852/3100 3354/7854/3218 3203/7851/3216
f 3206/7855/3166 3178/7856/3165 3097/7857/3108
f 3178/7856/3165 3179/7858/3194 3204/7859/3219
f 3178/7856/3165 3204/7859/3219 3205/7860/3220
f 3178/7856/3165 3205/7860/3220 3207/7861/3107
f 3206/7855/3166 3207/7862/3107 3204/7863/3219
f 3204/7863/3219 3207/7862/3107 3209/7864/3221
f 3204/7863/3219 3179/7865/3194 3206/7855/3166
f 3208/7866/3222 3209/7867/3221 3179/7868/3194
f 3208/7866/3222 3179/7868/3194 3120/7869/3139
f 3209/7870/3221 3208/7866/3222 3204/7871/3219
f 3204/7871/3219 3208/7866/3222 3205/7872/3220
f 3205/7872/3220 3208/7866/3222 3210/7873/3223
f 3211/7874/3224 3212/7875/3225 3208/7866/3222
f 3212/7875/3225 3211/7874/3224 3210/7876/3223
f 3210/7876/3223 3211/7874/3224 3205/7877/3220
f 3205/7877/3220 3209/7867/3221 3207/7878/3107
f 3209/7867/3221 3205/7877/3220 3211/7874/3224
f 3211/7874/3224 3208/7866/3222 3120/7869/3139
f 3209/7867/3221 3211/7874/3224 3179/7868/3194
f 3211/7879/3224 3206/7880/3166 3179/7881/3194
f 3215/7882/3226 3214/7883/3227 3213/7884/3228
f 3215/7882/3226 3213/7884/3228 3216/7885/3229
f 3214/7883/3227 3215/7882/3226 3218/7886/3230
f 3215/7882/3226 3216/7885/3229 3217/7887/3231
f 3215/7882/3226 3217/7887/3231 3218/7886/3230
f 3216/7885/3229 3219/7888/3232 3217/7887/3231
f 3492/7889/3233 3218/7886/3230 3217/7887/3231
f 3219/7890/3232 3218/7886/3230 3491/7891/3234
f 3219/7890/3232 3491/7891/3234 3217/7892/3231
f 3219/7890/3232 3216/7885/3229 3218/7886/3230
f 3218/7886/3230 3216/7885/3229 3214/7883/3227
f 3214/7883/3227 3216/7885/3229 3221/7893/3235
f 3216/7885/3229 3220/7894/3236 3221/7893/3235
f 3220/7894/3236 3216/7885/3229 3213/7884/3228
f 3148/7895/3140 3251/7896/3237 3222/7897/3040
f 3251/7896/3237 3148/7895/3140 3223/7898/3038
f 3181/7899/3198 3182/7900/3196 3180/7901/3238
f 3335/7902/3144 3127/7903/3146 3225/7904/3239
f 3149/7905/3116 3226/7906/3240 3225/7904/3239
f 3226/7906/3240 3149/7905/3116 3335/7902/3144
f 3149/7905/3116 3225/7904/3239 3127/7903/3146
f 2985/7907/2976 3228/7908/3241 3186/7909/3200
f 3229/7910/3242 3186/7909/3200 3230/7911/3202
f 3228/7912/3241 3231/7913/3243 3186/7914/3200
f 3186/7914/3200 3231/7913/3243 3071/7915/3201
f 3230/7916/3202 3186/7914/3200 3071/7915/3201
f 3230/7911/3202 3154/7917/3171 3229/7910/3242
f 3229/7910/3242 3154/7917/3171 3071/7915/3201
f 3229/7910/3242 3071/7915/3201 3231/7913/3243
f 2985/7918/2976 3227/7919/3199 3228/7920/3241
f 3102/7921/3113 2969/7922/3170 3152/7923/3169
f 3102/7921/3113 3232/7924/3167 2969/7922/3170
f 2969/7922/3170 3232/7924/3167 2970/7925/2973
f 2970/7925/2973 3232/7924/3167 3152/7926/3169
f 3152/7926/3169 3232/7924/3167 3233/7927/2974
f 3234/7928/3244 3233/7927/2974 3150/7929/3168
f 3232/7924/3167 3150/7929/3168 3233/7927/2974
f 3235/7930/3245 3232/7924/3167 3102/7921/3113
f 3235/7930/3245 3102/7921/3113 3126/7931/3112
f 3151/7730/2975 2985/7932/2976 3234/7933/3244
f 3151/7730/2975 3236/7934/3246 3150/7728/3168
f 3237/7935/3212 3197/7936/3208 3239/7937/3247
f 3238/7938/3150 3241/7939/3123 3237/7940/3212
f 3238/7938/3150 3237/7940/3212 3239/7941/3247
f 3240/7942/3182 3238/7938/3150 3239/7941/3247
f 3239/7941/3247 3197/7943/3208 3240/7942/3182
f 3241/7944/3123 3238/7945/3150 3130/7946/3149
f 3237/7947/3212 3241/7944/3123 3168/7948/3125
f 3171/7779/3153 3242/7782/3187 3172/7778/3185
f 3293/7949/3248 3243/7950/3249 3246/7951/3250
f 3243/7950/3249 3293/7949/3248 3242/7782/3187
f 3242/7782/3187 3171/7779/3153 3137/7952/3154
f 3242/7782/3187 3137/7952/3154 3191/7953/3205
f 3245/7954/3190 3242/7782/3187 3244/7955/3251
f 3245/7954/3190 3243/7950/3249 3242/7782/3187
f 3243/7950/3249 3245/7954/3190 3450/7956/3252
f 3246/7951/3250 3243/7950/3249 3247/7957/3253
f 3450/7956/3252 3247/7957/3253 3243/7950/3249
f 3166/7958/3181 3240/7959/3182 3190/7960/3156
f 3194/7832/3209 3240/7959/3182 3196/7961/3254
f 3169/7962/3148 3238/7963/3150 3240/7959/3182
f 3138/7964/3137 3190/7965/3156 3137/7952/3154
f 3137/7952/3154 3190/7965/3156 3240/7966/3182
f 3137/7952/3154 3240/7966/3182 3191/7953/3205
f 3244/7955/3251 3242/7782/3187 3191/7953/3205
f 3194/7967/3209 3191/7953/3205 3240/7966/3182
f 3211/7968/3224 3120/7719/3139 3206/7718/3166
f 3213/7884/3228 3214/7883/3227 3221/7893/3235
f 3213/7884/3228 3221/7893/3235 3329/7969/3255
f 3213/7884/3228 3329/7969/3255 3220/7894/3236
f 3248/7970/3256 3300/7971/3257 3249/7972/3258
f 3325/7973/3259 3249/7972/3258 3300/7971/3257
f 3326/7974/3260 3324/7975/3261 3300/7971/3257
f 3326/7974/3260 3248/7976/3256 3249/7977/3258
f 3300/7978/3257 3248/7979/3256 3250/7980/3262
f 3326/7981/3260 3300/7978/3257 3400/7982/3263
f 3326/7981/3260 3400/7982/3263 3248/7983/3256
f 3222/7984/3040 3251/7985/3237 3224/7986/3039
f 3223/7987/3038 3224/7986/3039 3252/7988/3264
f 3252/7988/3264 3224/7986/3039 3253/7989/3265
f 3224/7986/3039 3251/7985/3237 3253/7989/3265
f 3254/7990/3266 3253/7989/3265 3223/7991/3038
f 3223/7991/3038 3253/7989/3265 3251/7985/3237
f 3254/7990/3266 3223/7991/3038 3252/7992/3264
f 3256/7993/3267 3254/7990/3266 3252/7992/3264
f 3253/7989/3265 3254/7990/3266 3256/7993/3267
f 3252/7988/3264 3253/7989/3265 3255/7994/3268
f 3252/7988/3264 3255/7994/3268 3250/7995/3262
f 3250/7995/3262 3255/7994/3268 3299/7996/3269
f 3255/7994/3268 3253/7989/3265 3256/7993/3267
f 3181/7800/3198 3180/7997/3238 3257/7998/3270
f 3180/7997/3238 3183/7999/3195 3258/8000/3271
f 3180/7997/3238 3258/8000/3271 3257/7998/3270
f 3257/7998/3270 3691/8001/3272 3181/7800/3198
f 3183/7999/3195 3259/8002/3273 3258/8000/3271
f 3183/7999/3195 3775/8003/3274 3259/8002/3273
f 3183/7999/3195 3180/7997/3238 3182/8004/3196
f 3281/8005/3275 3261/8006/2960 3260/8007/2961
f 3265/8008/3276 3264/8009/3277 3262/8010/3278
f 3263/8011/3279 3262/8010/3278 3307/8012/3280
f 3262/8010/3278 3261/8006/2960 3307/8012/3280
f 3281/8005/3275 3307/8012/3280 3261/8006/2960
f 3269/8013/3281 3339/8014/3282 3268/8015/3283
f 3339/8014/3282 3269/8013/3281 3272/8016/3284
f 3272/8016/3284 3269/8013/3281 3266/8017/3285
f 3266/8017/3285 3269/8013/3281 3340/8018/3286
f 3266/8017/3285 3342/8019/3287 3270/8020/3288
f 3342/8019/3287 3269/8021/3281 3267/8022/3289
f 3270/8020/3288 3342/8019/3287 3267/8022/3289
f 3267/8022/3289 3269/8021/3281 3271/8023/3290
f 3271/8023/3290 3269/8021/3281 3357/8024/3291
f 3272/8025/3284 3155/7739/3172 3280/7740/3173
f 3272/8025/3284 3280/7740/3173 3273/8026/3292
f 3272/8027/3284 3274/8028/3293 3339/8029/3282
f 3155/8030/3172 3272/8027/3284 3266/8031/3285
f 3266/8031/3285 3270/8032/3288 3155/8030/3172
f 3275/8033/2988 3277/8034/3294 2959/8035/2957
f 3276/8036/3295 3277/8037/3294 3278/8038/3296
f 3278/8038/3296 3277/8037/3294 3279/8039/3297
f 3276/8036/3295 3278/8038/3296 3280/8040/3173
f 3276/8036/3295 3280/8040/3173 2973/8041/2971
f 2973/8041/2971 3278/8042/3296 3275/8043/2988
f 3278/8042/3296 3279/8044/3297 3275/8043/2988
f 2979/7160/2980 2957/7158/2954 2978/7157/2987
f 2961/8045/2959 3281/8046/3275 3260/7161/2961
f 2961/8045/2959 3260/7161/2961 2960/8047/2956
f 3275/7164/2988 2959/8048/2957 2979/7162/2980
f 2979/7162/2980 2959/8048/2957 3260/7161/2961
f 2978/7157/2987 3071/8049/3201 3154/8050/3171
f 3154/8050/3171 3155/8051/3172 2978/7157/2987
f 2978/7157/2987 3155/8051/3172 3282/7168/2989
f 3282/7168/2989 3155/8051/3172 3270/8052/3288
f 3282/7168/2989 3270/8052/3288 3153/8053/2978
f 3153/8053/2978 3305/7167/2979 3282/7168/2989
f 3233/7755/2974 2985/8054/2976 3161/7752/3002
f 2978/8055/2987 3161/7752/3002 2985/8054/2976
f 3233/7755/2974 3234/8056/3244 2985/8054/2976
f 2977/7122/2965 2956/8057/2955 3187/7813/3203
f 3036/8058/3050 3284/8059/3298 3283/8060/2896
f 3284/8059/3298 3036/8058/3050 3285/8061/3299
f 3283/8060/2896 3284/8059/3298 3286/8062/3300
f 3285/8063/3299 3036/8064/3050 3037/8065/2895
f 3285/8063/3299 3037/8065/2895 3283/8060/2896
f 3286/8062/3300 3285/8063/3299 3283/8060/2896
f 3287/8066/3211 2989/7817/2996 3288/8067/3301
f 3288/8067/3301 2989/7817/2996 2990/7816/2998
f 3289/8068/3302 2992/8069/2995 2989/8070/2996
f 2992/8069/2995 3289/8068/3302 3288/8067/3301
f 2992/8069/2995 3288/8067/3301 2990/7816/2998
f 3288/8067/3301 3289/8068/3302 3380/8071/3303
f 3288/8067/3301 3380/8071/3303 3287/8066/3211
f 3173/8072/3186 3242/8073/3187 3293/8074/3248
f 3290/8075/3189 3292/8076/3304 3174/8077/3305
f 3291/8078/3306 3174/8077/3305 3292/8076/3304
f 3294/8079/3307 3173/8072/3186 3293/8074/3248
f 3294/8079/3307 3295/8080/3308 3292/8076/3304
f 3292/8076/3304 3290/8075/3189 3173/8072/3186
f 3294/8079/3307 3292/8076/3304 3173/8072/3186
f 3245/8081/3190 3192/8082/3206 3172/8083/3185
f 3192/8082/3206 3245/8081/3190 3296/8084/3309
f 3244/8085/3251 3191/8086/3205 3189/8087/3183
f 3189/8087/3183 3192/8088/3206 3244/8085/3251
f 3245/8081/3190 3244/8085/3251 3296/8084/3309
f 3296/8084/3309 3297/8089/3310 3192/8082/3206
f 3192/8082/3206 3297/8089/3310 3195/8090/3210
f 3297/8089/3310 3352/8091/3311 3193/8092/3207
f 3195/8090/3210 3297/8089/3310 3193/8092/3207
f 3195/8090/3210 3188/8093/3184 3192/8082/3206
f 3192/8082/3206 3188/8093/3184 3191/8094/3205
f 3194/8095/3209 3192/8082/3206 3191/8094/3205
f 3194/8095/3209 3244/8096/3251 3192/8082/3206
f 2918/8097/2916 3210/8098/3223 3208/8099/3222
f 3208/8099/3222 3212/8100/3225 2918/8097/2916
f 3210/8098/3223 2918/8097/2916 3178/8101/3165
f 3210/8098/3223 3178/8101/3165 3207/8102/3107
f 3250/8103/3262 3248/8104/3256 3298/8105/3312
f 3298/8105/3312 3248/8104/3256 3400/8106/3263
f 3300/8107/3257 3299/8108/3269 3400/8109/3263
f 3303/8110/3313 3301/8111/3314 3344/8112/3315
f 3344/8112/3315 3301/8111/3314 3304/8113/3316
f 3264/8114/3277 3409/8115/3317 3301/8111/3314
f 3262/8116/3278 3264/8114/3277 3301/8111/3314
f 3301/8111/3314 3261/8117/2960 3262/8116/3278
f 3261/8117/2960 3301/8111/3314 2961/8118/2959
f 3306/8119/3318 2961/8118/2959 3301/8111/3314
f 2960/8120/2956 3306/8119/3318 3301/8111/3314
f 2959/8121/2957 2960/8120/2956 3301/8111/3314
f 2959/8121/2957 3301/8111/3314 3343/8122/3319
f 3343/8122/3319 3301/8111/3314 3302/8123/3320
f 3273/8124/3292 3274/8125/3293 3278/8126/3296
f 3278/8126/3296 3274/8125/3293 3272/8127/3284
f 3272/8127/3284 3270/8128/3288 3278/8126/3296
f 3344/8129/3315 3273/8130/3292 3280/8131/3173
f 3156/8132/2977 2973/8133/2971 3280/8131/3173
f 3156/8132/2977 3280/8131/3173 3305/8134/2979
f 3280/8131/3173 3270/8135/3288 3305/8134/2979
f 3267/8136/3289 3339/8137/3282 3274/8138/3293
f 3270/8139/3288 3267/8136/3289 3274/8138/3293
f 2959/8140/2957 3343/8141/3319 3308/8142/3321
f 3260/8143/2961 2959/8140/2957 3306/8144/3318
f 3260/8143/2961 3306/8144/3318 2960/8145/2956
f 2961/8146/2959 3306/8144/3318 3281/8147/3275
f 3307/8148/3280 3281/8147/3275 3306/8144/3318
f 3308/8142/3321 3302/8149/3320 3306/8144/3318
f 3308/8142/3321 3306/8144/3318 2959/8140/2957
f 3228/8150/3241 3229/8151/3242 3231/8152/3243
f 3228/8150/3241 3227/8153/3199 3346/8154/3322
f 3228/8150/3241 3346/8154/3322 3229/8151/3242
f 3346/8154/3322 3227/8153/3199 3315/8155/3323
f 3229/8151/3242 3346/8154/3322 3309/8156/3324
f 3229/8151/3242 3309/8156/3324 3310/8157/3325
f 3229/8151/3242 3310/8157/3325 3186/8158/3200
f 3227/8159/3199 3186/8158/3200 3310/8157/3325
f 3227/8159/3199 3310/8157/3325 3151/8160/2975
f 3312/8161/3326 3236/8162/3246 3151/8160/2975
f 3312/8161/3326 3151/8160/2975 3315/8163/3323
f 3236/8162/3246 3312/8161/3326 3232/8164/3167
f 3232/8164/3167 3312/8161/3326 3311/8165/3327
f 3232/8164/3167 3311/8165/3327 3126/8166/3112
f 3313/8167/3328 3312/8161/3326 3235/8168/3245
f 3315/8163/3323 3314/8169/3329 3312/8161/3326
f 3310/8157/3325 3315/8163/3323 3151/8160/2975
f 3362/8170/3330 3310/8157/3325 3309/8156/3324
f 2967/8171/2969 2959/8172/2957 3316/8173/3331
f 3316/8174/3331 3277/8175/3294 3275/8176/2988
f 3277/8175/3294 3316/8174/3331 3279/8177/3297
f 3316/8174/3331 3275/8176/2988 3276/8178/3295
f 3279/8177/3297 3316/8174/3331 2959/8179/2957
f 2967/8180/2969 3316/8181/3331 3276/8182/3295
f 2967/8180/2969 3276/8182/3295 2973/8183/2971
f 2967/8180/2969 2973/8183/2971 3275/8184/2988
f 3276/8182/3295 3275/8185/2988 3279/8186/3297
f 3276/8182/3295 3279/8186/3297 2959/8187/2957
f 2959/8187/2957 3277/8188/3294 3276/8189/3295
f 2994/7197/2999 2992/7192/2995 2990/7195/2998
f 3368/8190/3332 3352/8191/3311 3297/8192/3310
f 3297/8192/3310 3296/8193/3309 3317/8194/3188
f 3142/7694/3159 3451/8195/3333 3141/7695/3160
f 3142/7694/3159 3318/8196/3161 3319/8197/3334
f 2918/8198/2916 3097/8199/3108 3178/8200/3165
f 3097/8199/3108 3207/8201/3107 3206/8202/3166
f 3210/8203/3223 3207/8201/3107 3212/8100/3225
f 3212/8204/3225 3207/8205/3107 3320/8206/3335
f 3212/8204/3225 3320/8206/3335 3321/8207/3336
f 2918/8208/2916 3212/8209/3225 3321/8210/3336
f 3322/8211/3337 2918/8208/2916 3321/8210/3336
f 3320/8206/3335 3324/8212/3261 3323/8213/3338
f 3324/8212/3261 3320/8206/3335 3322/8211/3337
f 2918/8208/2916 3322/8211/3337 3320/8206/3335
f 3207/8205/3107 2918/8208/2916 3320/8206/3335
f 3321/8207/3336 3320/8206/3335 3323/8213/3338
f 3323/8214/3338 3324/8215/3261 3326/8216/3260
f 3323/8214/3338 3249/8217/3258 3401/8218/3339
f 3323/8214/3338 3326/8216/3260 3249/8217/3258
f 3324/8215/3261 3322/8219/3337 3325/8220/3259
f 3324/8215/3261 3325/8220/3259 3300/8221/3257
f 3249/8222/3258 3325/8220/3259 3298/8223/3312
f 3298/8223/3312 3325/8220/3259 3401/8224/3339
f 3323/8225/3338 3401/8224/3339 3325/8220/3259
f 3323/8225/3338 3325/8220/3259 3321/8226/3336
f 3322/8219/3337 3321/8226/3336 3325/8220/3259
f 3327/8227/3340 3220/8228/3236 3329/8229/3255
f 3220/8228/3236 3328/8230/3341 3221/8231/3235
f 3329/8229/3255 3221/8231/3235 3328/8230/3341
f 3327/8227/3340 3328/8230/3341 3220/8228/3236
f 3329/8229/3255 3328/8230/3341 3330/8232/3342
f 3329/8229/3255 3330/8232/3342 3327/8227/3340
f 3332/8233/3343 3327/8227/3340 3330/8232/3342
f 3328/8230/3341 3327/8234/3340 3331/8235/3344
f 3331/8235/3344 3327/8234/3340 3333/8236/3345
f 3328/8230/3341 3331/8235/3344 3330/8232/3342
f 3332/8233/3343 3330/8232/3342 3331/8235/3344
f 3332/8233/3343 3333/8237/3345 3327/8227/3340
f 3334/8238/3346 3333/8237/3345 3332/8233/3343
f 3334/8238/3346 3332/8233/3343 3331/8235/3344
f 3225/8239/3239 3338/8240/3347 3336/8241/3348
f 3225/8239/3239 3226/8242/3240 3338/8240/3347
f 3336/8241/3348 3338/8240/3347 3337/8243/3349
f 3226/8244/3240 3336/8241/3348 3337/8243/3349
f 3226/8242/3240 3337/8245/3349 3338/8240/3347
f 3273/8246/3292 3344/8247/3315 3268/8248/3283
f 3271/8249/3290 3274/8250/3293 3273/8246/3292
f 3271/8249/3290 3273/8246/3292 3339/8251/3282
f 3271/8249/3290 3339/8251/3282 3267/8252/3289
f 3268/8248/3283 3339/8251/3282 3273/8246/3292
f 3268/8248/3283 3271/8253/3290 3357/8254/3291
f 3344/8247/3315 3271/8255/3290 3432/8256/3350
f 3432/8256/3350 3271/8255/3290 3430/8257/3351
f 3432/8256/3350 3424/8258/3352 3344/8247/3315
f 3344/8247/3315 3424/8258/3352 3268/8248/3283
f 3269/8259/3281 3341/8260/3353 3340/8261/3286
f 3342/8262/3287 3340/8261/3286 3341/8260/3353
f 3341/8263/3353 3269/8264/3281 3342/8262/3287
f 3340/8261/3286 3342/8262/3287 3266/8265/3285
f 3344/8266/3315 3343/8267/3319 3302/8268/3320
f 3344/8266/3315 3302/8268/3320 3303/8269/3313
f 3280/8270/3173 3343/8267/3319 3344/8266/3315
f 3308/8271/3321 3280/8270/3173 3271/8272/3290
f 3308/8271/3321 3271/8272/3290 3344/8273/3315
f 3302/8274/3320 3308/8271/3321 3303/8275/3313
f 3343/8267/3319 3280/8270/3173 3308/8271/3321
f 3278/8276/3296 3270/8277/3288 3271/8278/3290
f 3271/8278/3290 3270/8277/3288 3274/8279/3293
f 3278/8276/3296 3271/8278/3290 3280/8131/3173
f 3305/8280/2979 3278/8276/3296 2973/8281/2971
f 3278/8276/3296 3305/8280/2979 3273/8282/3292
f 3236/8283/3246 3235/8284/3245 3345/8285/3354
f 3151/8286/2975 3345/8285/3354 3227/8287/3199
f 3227/8287/3199 3345/8285/3354 3315/8288/3323
f 3315/8288/3323 3345/8285/3354 3314/8289/3329
f 3235/8290/3245 3126/8291/3112 3311/8292/3327
f 3345/8293/3354 3235/8290/3245 3312/8294/3326
f 3345/8293/3354 3346/8295/3322 3310/8296/3325
f 3345/8293/3354 3310/8296/3325 3314/8297/3329
f 3310/8296/3325 3346/8295/3322 3315/8298/3323
f 3270/8299/3288 3280/8300/3173 3153/8301/2978
f 3270/8299/3288 3273/8302/3292 3305/8303/2979
f 3272/8304/3284 3273/8302/3292 3270/8299/3288
f 3156/8305/2977 3305/8280/2979 3153/8306/2978
f 3289/8307/3302 2989/8308/2996 3287/8309/3211
f 3289/8307/3302 3287/8309/3211 3347/8310/3355
f 3460/8311/3356 3347/8310/3355 3350/8312/3357
f 3461/8313/3358 3460/8311/3356 3350/8312/3357
f 3552/8314/3359 3348/8315/3360 3351/8316/3361
f 3348/8315/3360 3350/8312/3357 3351/8316/3361
f 3552/8314/3359 3351/8316/3361 3349/8317/3362
f 3297/8192/3310 3351/8316/3361 3350/8312/3357
f 3350/8312/3357 3347/8310/3355 3297/8192/3310
f 3317/8194/3188 3351/8316/3361 3297/8192/3310
f 3290/8318/3189 3351/8316/3361 3317/8194/3188
f 3174/8319/3305 3351/8316/3361 3290/8318/3189
f 3193/8320/3207 3196/8321/3254 3287/8309/3211
f 3347/8310/3355 3287/8309/3211 3297/8192/3310
f 3297/8192/3310 3287/8309/3211 3196/8321/3254
f 3297/8192/3310 3196/8321/3254 3368/8190/3332
f 3194/8322/3209 3188/8323/3184 3244/8324/3251
f 3244/8324/3251 3188/8323/3184 3195/8325/3210
f 3195/8325/3210 3352/8326/3311 3244/8324/3251
f 3244/8324/3251 3352/8326/3311 3296/8327/3309
f 3296/8327/3309 3352/8326/3311 3367/8328/3363
f 3193/8329/3207 3352/8326/3311 3196/8330/3254
f 3196/8330/3254 3352/8326/3311 3195/8325/3210
f 3196/8330/3254 3195/8325/3210 3194/8331/3209
f 3464/8332/3217 3203/7851/3216 3353/8333/3364
f 3353/8333/3364 3203/7851/3216 3354/7854/3218
f 3225/8239/3239 3336/8241/3348 3335/8334/3144
f 3335/8334/3144 3336/8241/3348 3226/8244/3240
f 3268/8335/3283 3357/8336/3291 3433/8337/3365
f 3356/8338/3366 3268/8335/3283 3433/8337/3365
f 3433/8339/3365 3357/8336/3291 3358/8340/3367
f 3358/8340/3367 3357/8336/3291 3356/8338/3366
f 3269/8341/3281 3268/8335/3283 3356/8338/3366
f 3357/8336/3291 3269/8341/3281 3356/8338/3366
f 3360/8342/3368 3359/8343/3369 3361/8344/3370
f 3362/8345/3330 3363/8346/3371 3361/8344/3370
f 3361/8344/3370 3313/8347/3328 3362/8345/3330
f 3361/8344/3370 3312/8348/3326 3313/8347/3328
f 3361/8344/3370 3359/8343/3369 3312/8348/3326
f 3313/8347/3328 3235/8349/3245 3346/8350/3322
f 3346/8350/3322 3345/8351/3354 3312/8348/3326
f 3346/8350/3322 3312/8348/3326 3362/8345/3330
f 3362/8345/3330 3312/8348/3326 3314/8352/3329
f 3313/8347/3328 3346/8350/3322 3362/8345/3330
f 3362/8345/3330 3314/8352/3329 3310/8353/3325
f 3359/8343/3369 3311/8354/3327 3312/8348/3326
f 3364/8355/3372 3311/8354/3327 3359/8343/3369
f 3364/8355/3372 3235/8356/3245 3311/8354/3327
f 3151/8357/2975 3234/7928/3244 3345/8358/3354
f 3345/8358/3354 3234/7928/3244 3150/7929/3168
f 3345/8358/3354 3150/7929/3168 3236/8359/3246
f 3366/8360/3373 3365/8361/3374 3377/8362/3375
f 3317/8363/3188 3296/8327/3309 3367/8328/3363
f 3245/8364/3190 3317/8363/3188 3367/8328/3363
f 3367/8328/3363 3352/8326/3311 3368/8365/3332
f 3369/8366/3376 3368/8365/3332 3380/8367/3303
f 3368/8365/3332 3450/8368/3252 3367/8328/3363
f 3368/8365/3332 3612/8369/3377 3450/8368/3252
f 3450/8368/3252 3612/8369/3377 3461/8370/3358
f 3380/8367/3303 3289/8371/3302 3379/8372/3378
f 3380/8367/3303 3379/8372/3378 3369/8366/3376
f 3380/8367/3303 3368/8365/3332 3196/8373/3254
f 2939/8374/2938 3003/8375/3014 3002/8376/2939
f 3300/8377/3257 3250/8378/3262 3299/8379/3269
f 3355/8380/3379 3265/8381/3276 3263/8382/3279
f 3265/8381/3276 3262/8383/3278 3263/8382/3279
f 3265/8381/3276 3355/8384/3379 3370/8385/3380
f 3363/8386/3371 3359/8387/3369 3371/8388/3381
f 3371/8388/3381 3359/8387/3369 3372/8389/3382
f 3359/8387/3369 3360/8390/3368 3362/8391/3330
f 3362/8391/3330 3360/8390/3368 3363/8392/3371
f 3359/8387/3369 3362/8391/3330 3372/8389/3382
f 3236/8393/3246 3232/8394/3167 3235/8290/3245
f 3291/8395/3306 3351/8396/3361 3174/8397/3305
f 3349/8398/3362 3291/8395/3306 3553/8399/3383
f 3553/8399/3383 3291/8395/3306 3552/8400/3359
f 3348/8401/3360 3291/8395/3306 3374/8402/3384
f 3375/8403/3385 3374/8402/3384 3291/8395/3306
f 3375/8403/3385 3291/8395/3306 3373/8404/3386
f 3374/8402/3384 3375/8403/3385 3619/8405/3387
f 3375/8403/3385 3618/8406/3388 3619/8405/3387
f 3295/8080/3308 3366/8407/3373 3292/8076/3304
f 3292/8076/3304 3366/8407/3373 3377/8408/3375
f 3620/8409/3389 3377/8408/3375 3378/8410/3390
f 3378/8410/3390 3377/8408/3375 3382/8411/3391
f 3289/8307/3302 3347/8310/3355 3379/8412/3378
f 3380/8413/3303 3240/7942/3182 3197/7943/3208
f 3240/7942/3182 3380/8413/3303 3196/8414/3254
f 3294/8415/3307 3293/8416/3248 3295/8417/3308
f 3293/8416/3248 3246/8418/3250 3295/8417/3308
f 3247/8419/3253 3381/8420/3392 3246/8418/3250
f 3246/8418/3250 3381/8420/3392 3295/8417/3308
f 3366/8360/3373 3295/8417/3308 3365/8361/3374
f 3383/8421/3393 3382/8422/3391 3381/8420/3392
f 3378/8423/3390 3382/8422/3391 3384/8424/3394
f 3384/8424/3394 3382/8422/3391 3383/8421/3393
f 3635/8425/3395 3383/8421/3393 3522/8426/3396
f 3380/8367/3303 3197/8427/3208 3287/8428/3211
f 3387/8429/3397 3386/8430/3398 3388/8431/3399
f 3388/8431/3399 3390/8432/3400 3389/8433/3401
f 3390/8432/3400 3388/8431/3399 3386/8430/3398
f 3390/8432/3400 3386/8430/3398 3452/8434/3402
f 3453/8435/3403 3388/8431/3399 3391/8436/3404
f 3389/8433/3401 3391/8436/3404 3388/8431/3399
f 3391/8436/3404 3389/8433/3401 3396/8437/3405
f 3391/8436/3404 3396/8437/3405 3453/8435/3403
f 3453/8435/3403 3396/8437/3405 3392/8438/3406
f 3453/8435/3403 3392/8438/3406 3393/8439/3407
f 3395/8440/3408 3394/8441/3409 3396/8437/3405
f 3396/8437/3405 3389/8433/3401 3395/8440/3408
f 3390/8432/3400 3394/8442/3409 3395/8443/3408
f 3395/8443/3408 3397/8444/3079 3390/8432/3400
f 3524/8445/3410 3399/8446/3078 3389/8433/3401
f 3395/8440/3408 3389/8433/3401 3399/8446/3078
f 3398/8447/3411 3397/8448/3079 3395/8440/3408
f 3399/8446/3078 3398/8447/3411 3395/8440/3408
f 3397/8444/3079 3399/8446/3078 3524/8445/3410
f 3387/8429/3397 3388/8431/3399 3453/8435/3403
f 3249/8449/3258 3298/8450/3312 3400/8451/3263
f 3249/8449/3258 3400/8451/3263 3401/8452/3339
f 3299/8453/3269 3298/8454/3312 3401/8452/3339
f 3299/8453/3269 3401/8452/3339 3400/8451/3263
f 3124/8455/3143 3122/8456/3141 3403/8457/3412
f 3124/8455/3143 3403/8457/3412 3402/8458/3413
f 3122/8456/3141 3405/8459/3414 3403/8457/3412
f 3403/8457/3412 3404/8460/3415 3402/8458/3413
f 3404/8460/3415 3403/8457/3412 3407/8461/3416
f 3403/8457/3412 3405/8462/3414 3407/8461/3416
f 3405/8462/3414 3406/8463/3417 3407/8461/3416
f 3406/8464/3417 3405/8459/3414 3404/8460/3415
f 3408/8465/3418 3404/8460/3415 3407/8461/3416
f 3405/8466/3414 3122/8467/3141 3125/7615/3142
f 3125/7615/3142 3124/7616/3143 3405/8468/3414
f 3304/8469/3316 3301/8470/3314 3409/8471/3317
f 3264/8472/3277 3412/8473/3419 3422/8474/3420
f 3426/8475/3421 3412/8473/3419 3410/8476/3422
f 3426/8475/3421 3410/8476/3422 3411/8477/3423
f 3412/8473/3419 3264/8472/3277 3413/8478/3424
f 3413/8478/3424 3264/8472/3277 3513/8479/3425
f 3414/8480/3426 3413/8478/3424 3513/8479/3425
f 3415/8481/3427 3513/8479/3425 3417/8482/3428
f 3602/8483/3429 3417/8482/3428 3416/8484/3430
f 3417/8482/3428 3264/8472/3277 3418/8485/3431
f 3513/8479/3425 3264/8472/3277 3417/8482/3428
f 3422/8486/3420 3420/8487/3432 3421/8488/3433
f 3425/8489/3434 3423/8490/3435 3304/8491/3316
f 3423/8490/3435 3425/8489/3434 3421/8488/3433
f 3423/8490/3435 3421/8488/3433 3409/8492/3317
f 3409/8492/3317 3421/8488/3433 3420/8487/3432
f 3425/8493/3434 3304/8494/3316 3409/8492/3317
f 3425/8493/3434 3409/8492/3317 3420/8487/3432
f 3420/8495/3432 3432/8496/3350 3425/8497/3434
f 3420/8495/3432 3422/8498/3420 3432/8496/3350
f 3422/8498/3420 3426/8499/3421 3432/8496/3350
f 3432/8496/3350 3426/8499/3421 3434/8500/3436
f 3427/8501/3437 3426/8499/3421 3428/8502/3438
f 3427/8501/3437 3428/8502/3438 3579/8503/3439
f 3579/8503/3439 3438/8504/3440 3427/8501/3437
f 3427/8501/3437 3438/8504/3440 3578/8505/3441
f 3427/8501/3437 3509/8506/3442 3429/8507/3443
f 3426/8499/3421 3427/8501/3437 3429/8507/3443
f 3429/8507/3443 3437/8508/3444 3426/8499/3421
f 3502/8509/3445 3434/8500/3436 3426/8499/3421
f 3431/8510/3446 3430/8511/3351 3424/8512/3352
f 3431/8510/3446 3424/8512/3352 3433/8513/3365
f 3433/8513/3365 3424/8512/3352 3432/8496/3350
f 3432/8496/3350 3434/8500/3436 3435/8514/3447
f 3432/8496/3350 3435/8514/3447 3433/8513/3365
f 3439/8515/3448 3431/8510/3446 3434/8516/3436
f 3432/8517/3350 3431/8510/3446 3439/8515/3448
f 3431/8510/3446 3432/8517/3350 3430/8511/3351
f 3436/8518/3449 3439/8515/3448 3434/8516/3436
f 3439/8515/3448 3436/8518/3449 3437/8519/3444
f 3437/8519/3444 3429/8520/3443 3439/8515/3448
f 3439/8515/3448 3429/8520/3443 3438/8521/3440
f 3438/8521/3440 3429/8520/3443 3509/8522/3442
f 3438/8521/3440 3411/8523/3423 3439/8515/3448
f 3439/8515/3448 3411/8523/3423 3515/8524/3450
f 3425/8525/3434 3439/8515/3448 3421/8526/3433
f 3425/8525/3434 3432/8517/3350 3439/8515/3448
f 3442/8527/3451 3440/8528/3452 3441/8529/3453
f 3442/8527/3451 3441/8530/3453 3440/8528/3452
f 3430/8511/3351 3271/8531/3290 3268/8532/3283
f 3430/8511/3351 3268/8532/3283 3424/8512/3352
f 3344/8533/3315 3304/8534/3316 3423/8535/3435
f 3344/8533/3315 3423/8535/3435 3308/8536/3321
f 3308/8536/3321 3423/8535/3435 3303/8537/3313
f 3303/8537/3313 3423/8535/3435 3301/8538/3314
f 3301/8538/3314 3423/8535/3435 3302/8149/3320
f 3443/8539/3454 3306/8144/3318 3423/8535/3435
f 3423/8535/3435 3306/8144/3318 3302/8149/3320
f 3361/8540/3370 3235/8541/3245 3360/8542/3368
f 3235/8541/3245 3363/8543/3371 3360/8542/3368
f 3363/8543/3371 3235/8541/3245 3364/8544/3372
f 3306/8144/3318 3443/8539/3454 3263/8545/3279
f 3306/8144/3318 3263/8545/3279 3307/8148/3280
f 3355/8546/3379 3263/8545/3279 3370/8547/3380
f 3370/8547/3380 3444/8548/3455 3419/8549/3456
f 3444/8548/3455 3370/8547/3380 3263/8545/3279
f 3347/8550/3355 3445/8551/3457 3379/8552/3378
f 3446/8553/3458 3379/8552/3378 3445/8551/3457
f 3292/8076/3304 3373/8554/3386 3291/8078/3306
f 3292/8076/3304 3447/8555/3459 3373/8554/3386
f 3447/8555/3459 3589/8556/3460 3373/8554/3386
f 3589/8556/3460 3447/8555/3459 3448/8557/3461
f 3373/8554/3386 3589/8556/3460 3588/8558/3462
f 3588/8558/3462 3589/8556/3460 3449/8559/3463
f 3379/8560/3378 3446/8561/3458 3369/8562/3376
f 3611/8563/3464 3369/8562/3376 3446/8561/3458
f 3446/8561/3458 3445/8564/3457 3611/8563/3464
f 3450/8368/3252 3245/8364/3190 3367/8328/3363
f 3553/8565/3383 3247/8566/3253 3349/8567/3362
f 3349/8567/3362 3247/8566/3253 3450/8368/3252
f 3318/7696/3161 3141/7695/3160 3319/8197/3334
f 3469/8568/3465 3319/8197/3334 3141/7695/3160
f 3141/7695/3160 3451/8195/3333 3469/8568/3465
f 3319/8197/3334 3451/8195/3333 3142/7694/3159
f 3452/8434/3402 3386/8430/3398 3387/8429/3397
f 3393/8569/3407 3387/8570/3397 3453/8571/3403
f 3256/8572/3267 3252/8573/3264 3250/8574/3262
f 3255/8575/3268 3256/8572/3267 3299/8576/3269
f 3256/8572/3267 3298/8577/3312 3299/8576/3269
f 3250/8574/3262 3298/8577/3312 3256/8572/3267
f 3435/8514/3447 3434/8500/3436 3431/8578/3446
f 3436/8579/3449 3434/8500/3436 3455/8580/3466
f 3435/8514/3447 3455/8581/3466 3433/8513/3365
f 3356/8582/3366 3433/8513/3365 3454/8583/3467
f 3454/8583/3467 3433/8513/3365 3455/8581/3466
f 3356/8582/3366 3454/8583/3467 3358/8584/3367
f 3431/8578/3446 3433/8513/3365 3358/8584/3367
f 3431/8578/3446 3358/8584/3367 3454/8583/3467
f 3431/8578/3446 3507/8585/3468 3435/8514/3447
f 3435/8514/3447 3507/8585/3468 3455/8581/3466
f 3454/8583/3467 3455/8581/3466 3484/8586/3469
f 3484/8586/3469 3507/8585/3468 3431/8578/3446
f 3484/8586/3469 3431/8578/3446 3454/8583/3467
f 3371/8587/3381 3372/8588/3382 3346/8589/3322
f 3346/8589/3322 3372/8588/3382 3309/8590/3324
f 3372/8588/3382 3362/8591/3330 3309/8590/3324
f 3346/8589/3322 3235/8592/3245 3361/8593/3370
f 3363/8594/3371 3346/8589/3322 3361/8593/3370
f 3371/8587/3381 3346/8589/3322 3363/8594/3371
f 3423/8490/3435 3409/8492/3317 3443/8595/3454
f 3457/8596/3470 3456/8597/3471 3458/8598/3472
f 3456/8599/3471 3457/8600/3470 3458/8601/3472
f 3363/8602/3371 3364/8603/3372 3359/8604/3369
f 3377/8408/3375 3447/8555/3459 3292/8076/3304
f 3377/8408/3375 3620/8409/3389 3447/8555/3459
f 3347/8605/3355 3459/8606/3473 3445/8607/3457
f 3460/8608/3356 3459/8606/3473 3347/8605/3355
f 3461/8609/3358 3462/8610/3474 3460/8608/3356
f 3462/8610/3474 3551/8611/3475 3584/8612/3476
f 3460/8608/3356 3462/8610/3474 3463/8613/3477
f 3459/8606/3473 3460/8608/3356 3611/8614/3464
f 3459/8606/3473 3611/8614/3464 3463/8613/3477
f 3291/8395/3306 3349/8398/3362 3351/8396/3361
f 3382/8422/3391 3377/8362/3375 3365/8361/3374
f 3354/8615/3218 3464/8616/3217 3468/8617/3478
f 3464/8616/3217 3353/8618/3364 3465/8619/3479
f 3353/8618/3364 3466/8620/3480 3465/8619/3479
f 3466/8620/3480 3467/8621/3481 3465/8619/3479
f 3465/8619/3479 3467/8621/3481 3468/8617/3478
f 3469/8568/3465 3451/8195/3333 3319/8197/3334
f 3615/8622/3482 3568/8623/3483 3064/7290/3035
f 3064/7290/3035 3568/8623/3483 3470/7289/3034
f 3742/8624/3484 3393/8625/3407 3472/8626/3485
f 3471/8627/3486 3393/8625/3407 3742/8624/3484
f 3473/8628/3487 3452/8629/3402 3471/8627/3486
f 3657/8630/3488 3471/8627/3486 3742/8624/3484
f 3471/8627/3486 3657/8630/3488 3473/8628/3487
f 3472/8631/3485 3392/8632/3406 3474/8633/3489
f 3474/8633/3489 3392/8632/3406 3473/8628/3487
f 3474/8633/3489 3473/8628/3487 3475/8634/3490
f 3499/8635/3491 3477/8636/3492 3476/8637/3493
f 3405/8459/3414 3124/8455/3143 3402/8458/3413
f 3402/8458/3413 3404/8460/3415 3405/8459/3414
f 3419/8638/3456 3265/8639/3276 3478/8640/3494
f 3265/8639/3276 3419/8638/3456 3264/8641/3277
f 3478/8640/3494 3265/8639/3276 3370/8642/3380
f 3478/8640/3494 3370/8642/3380 3479/8643/3495
f 3419/8644/3456 3479/8643/3495 3370/8642/3380
f 3479/8643/3495 3419/8644/3456 3480/8645/3496
f 3434/8646/3436 3482/8647/3497 3484/8648/3469
f 3481/8649/3498 3483/8650/3499 3482/8647/3497
f 3485/8651/3500 3484/8648/3469 3486/8652/3501
f 3484/8648/3469 3482/8647/3497 3486/8652/3501
f 3483/8650/3499 3487/8653/3502 3482/8647/3497
f 3487/8653/3502 3486/8652/3501 3482/8647/3497
f 3489/8654/3503 3487/8653/3502 3483/8650/3499
f 3434/8646/3436 3484/8648/3469 3455/8655/3466
f 3484/8648/3469 3485/8651/3500 3490/8656/3504
f 3422/8474/3420 3412/8473/3419 3426/8475/3421
f 3439/8657/3448 3422/8474/3420 3421/8658/3433
f 3264/8472/3277 3422/8474/3420 3409/8471/3317
f 3486/8652/3501 3545/8659/3505 3485/8651/3500
f 3263/8545/3279 3443/8539/3454 3444/8548/3455
f 3468/8617/3478 3353/8660/3364 3354/8615/3218
f 3061/8661/3075 3623/8662/3074 3492/7889/3233
f 3623/8662/3074 3491/7891/3234 3492/7889/3233
f 3061/8661/3075 3492/7889/3233 3217/7887/3231
f 3491/7891/3234 3218/7886/3230 3492/7889/3233
f 3061/8661/3075 3217/7887/3231 3491/8663/3234
f 3390/8432/3400 3452/8434/3402 3394/8442/3409
f 3493/8664/3506 3495/8665/3507 3529/8666/3508
f 3529/8666/3508 3495/8665/3507 3532/8667/3509
f 3495/8665/3507 3493/8664/3506 3494/8668/3510
f 3495/8665/3507 3494/8668/3510 3496/8669/3511
f 3495/8665/3507 3496/8669/3511 3616/8670/3512
f 3493/8671/3506 3616/8670/3512 3494/8672/3510
f 3616/8670/3512 3493/8671/3506 3532/8667/3509
f 3616/8670/3512 3532/8667/3509 3495/8665/3507
f 3394/8673/3409 3452/8629/3402 3392/8674/3406
f 3452/8629/3402 3473/8628/3487 3392/8674/3406
f 3393/8569/3407 3471/8675/3486 3387/8676/3397
f 3452/8677/3402 3387/8676/3397 3471/8675/3486
f 3472/8678/3485 3393/8679/3407 3392/8680/3406
f 3499/8681/3491 3476/8682/3493 3477/8683/3492
f 3264/8684/3277 3419/8685/3456 3418/8686/3431
f 3502/8687/3445 3426/8688/3421 3437/8689/3444
f 3502/8687/3445 3501/8690/3513 3544/8691/3514
f 3501/8690/3513 3502/8687/3445 3500/8692/3515
f 3504/8693/3516 3502/8687/3445 3503/8694/3517
f 3482/8695/3497 3434/8696/3436 3481/8697/3498
f 3481/8697/3498 3434/8696/3436 3502/8687/3445
f 3504/8693/3516 3503/8694/3517 3501/8698/3513
f 3505/8699/3518 3501/8698/3513 3503/8694/3517
f 3544/8691/3514 3505/8699/3518 3503/8694/3517
f 3544/8691/3514 3503/8694/3517 3502/8687/3445
f 3481/8697/3498 3502/8687/3445 3506/8700/3519
f 3502/8687/3445 3504/8693/3516 3506/8700/3519
f 3484/8701/3469 3490/8702/3504 3510/8703/3520
f 3507/8704/3468 3484/8701/3469 3510/8703/3520
f 3455/8705/3466 3508/8706/3521 3436/8707/3449
f 3509/8708/3442 3437/8709/3444 3500/8710/3515
f 3500/8710/3515 3437/8709/3444 3501/8711/3513
f 3437/8709/3444 3436/8707/3449 3501/8711/3513
f 3504/8712/3516 3501/8711/3513 3436/8707/3449
f 3508/8706/3521 3504/8712/3516 3436/8707/3449
f 3510/8703/3520 3508/8706/3521 3455/8705/3466
f 3455/8705/3466 3507/8704/3468 3510/8703/3520
f 3510/8703/3520 3483/8713/3499 3508/8706/3521
f 3508/8706/3521 3483/8713/3499 3511/8714/3522
f 3508/8706/3521 3511/8714/3522 3504/8712/3516
f 3504/8712/3516 3511/8714/3522 3505/8715/3518
f 3511/8714/3522 3669/8716/3523 3505/8715/3518
f 3505/8715/3518 3669/8716/3523 3512/8717/3524
f 3627/8718/3525 3511/8714/3522 3483/8713/3499
f 3409/8719/3317 3422/8720/3420 3439/8721/3448
f 3414/8722/3426 3513/8723/3425 3515/8724/3450
f 3515/8724/3450 3411/8725/3423 3410/8726/3422
f 3443/8727/3454 3515/8724/3450 3444/8728/3455
f 3409/8719/3317 3515/8724/3450 3443/8727/3454
f 3515/8724/3450 3409/8719/3317 3439/8721/3448
f 3513/8723/3425 3514/8729/3526 3444/8728/3455
f 3515/8724/3450 3513/8723/3425 3444/8728/3455
f 3513/8723/3425 3418/8730/3431 3514/8729/3526
f 3418/8730/3431 3416/8731/3430 3516/8732/3527
f 3418/8730/3431 3513/8723/3425 3416/8731/3430
f 3576/8733/3528 3416/8731/3430 3513/8723/3425
f 3445/8734/3457 3459/8735/3473 3463/8736/3477
f 3445/8734/3457 3547/8737/3529 3611/8738/3464
f 3517/8739/3530 3611/8738/3464 3547/8737/3529
f 3639/8740/3531 3640/8741/3532 3517/8739/3530
f 3639/8740/3531 3517/8739/3530 3518/8742/3533
f 3640/8741/3532 3462/8743/3474 3517/8739/3530
f 3369/8366/3376 3611/8744/3464 3368/8365/3332
f 3295/8417/3308 3381/8420/3392 3382/8422/3391
f 3295/8417/3308 3382/8422/3391 3365/8361/3374
f 3381/8420/3392 3587/8745/3534 3620/8746/3389
f 3620/8746/3389 3519/8747/3535 3385/8748/3536
f 3519/8747/3535 3378/8749/3390 3385/8748/3536
f 3520/8750/3537 3519/8747/3535 3620/8746/3389
f 3378/8749/3390 3521/8751/3538 3385/8748/3536
f 3521/8751/3538 3522/8426/3396 3385/8748/3536
f 3522/8426/3396 3383/8421/3393 3385/8748/3536
f 3620/8746/3389 3385/8748/3536 3381/8420/3392
f 3383/8421/3393 3381/8420/3392 3385/8748/3536
f 3468/8617/3478 3466/8620/3480 3353/8660/3364
f 3464/8616/3217 3465/8619/3479 3468/8617/3478
f 3059/8752/3539 3697/7406/3071 3024/7401/3031
f 3024/7401/3031 3697/7406/3071 3523/7405/3070
f 3397/8444/3079 3524/8445/3410 3390/8432/3400
f 3390/8432/3400 3524/8445/3410 3389/8433/3401
f 3025/8753/3036 3397/8754/3079 3064/8755/3035
f 3064/8755/3035 3397/8754/3079 3398/8756/3411
f 3398/8756/3411 3525/8757/3540 3526/8758/3541
f 3526/8758/3541 3527/8759/3542 3832/8760/3543
f 3526/8758/3541 3832/8760/3543 3833/8761/3544
f 3526/8758/3541 3833/8761/3544 3398/8756/3411
f 3529/8762/3508 3532/8763/3509 3528/8764/3545
f 3530/8765/3546 3493/8766/3506 3529/8762/3508
f 3531/8767/3547 3528/8768/3545 3530/8765/3546
f 3529/8762/3508 3531/8767/3547 3530/8765/3546
f 3531/8769/3547 3529/8762/3508 3528/8764/3545
f 3493/8766/3506 3530/8765/3546 3532/8770/3509
f 3528/8768/3545 3532/8770/3509 3530/8765/3546
f 3498/8771/3548 3494/8672/3510 3616/8670/3512
f 3494/8672/3510 3498/8771/3548 3497/8772/3549
f 3534/8773/3550 3498/8771/3548 3616/8670/3512
f 3498/8771/3548 3534/8773/3550 3725/8774/3551
f 3497/8772/3549 3498/8771/3548 3725/8774/3551
f 3497/8775/3549 3533/8776/3552 3534/8773/3550
f 3725/8774/3551 3534/8773/3550 3533/8776/3552
f 3533/8776/3552 3536/8777/3553 3725/8774/3551
f 3539/8778/3554 3497/8779/3549 3537/8780/3555
f 3497/8779/3549 3538/8781/3556 3533/8782/3552
f 3533/8782/3552 3538/8781/3556 3540/8783/3557
f 3540/8783/3557 3538/8781/3556 3725/8774/3551
f 3535/8784/3558 3533/8782/3552 3540/8783/3557
f 3536/8777/3553 3533/8776/3552 3535/8785/3558
f 3535/8785/3558 3540/8783/3557 3541/8786/3559
f 3535/8785/3558 3542/8787/3560 3536/8777/3553
f 3535/8785/3558 3541/8786/3559 3542/8787/3560
f 3543/8788/3561 3536/8777/3553 3542/8787/3560
f 3543/8788/3561 3541/8789/3559 3540/8783/3557
f 3536/8777/3553 3543/8788/3561 3540/8783/3557
f 3506/8790/3519 3504/8791/3516 3632/8792/3562
f 3504/8791/3516 3505/8793/3518 3632/8792/3562
f 3632/8792/3562 3505/8793/3518 3544/8794/3514
f 3670/8795/3563 3632/8792/3562 3544/8794/3514
f 3544/8794/3514 3695/8796/3564 3670/8795/3563
f 3632/8792/3562 3511/8797/3522 3506/8790/3519
f 3511/8797/3522 3625/8798/3565 3506/8790/3519
f 3481/8799/3498 3506/8790/3519 3625/8798/3565
f 3625/8798/3565 3627/8800/3525 3481/8799/3498
f 3481/8799/3498 3627/8800/3525 3483/8801/3499
f 3485/8802/3500 3545/8803/3505 3490/8804/3504
f 3510/8805/3520 3490/8804/3504 3486/8806/3501
f 3545/8803/3505 3486/8806/3501 3490/8804/3504
f 3522/8807/3396 3378/8410/3390 3384/8808/3394
f 3546/8809/3566 3463/8736/3477 3462/8810/3474
f 3546/8809/3566 3462/8810/3474 3518/8811/3533
f 3546/8809/3566 3517/8739/3530 3547/8737/3529
f 3463/8736/3477 3546/8809/3566 3547/8737/3529
f 3517/8739/3530 3548/8812/3567 3518/8742/3533
f 3548/8812/3567 3517/8739/3530 3546/8809/3566
f 3654/8813/3568 3548/8812/3567 3546/8809/3566
f 3552/8314/3359 3291/8814/3306 3348/8315/3360
f 3551/8815/3475 3549/8816/3569 3461/8817/3358
f 3640/8818/3532 3549/8816/3569 3551/8815/3475
f 3584/8819/3476 3551/8815/3475 3461/8817/3358
f 3551/8815/3475 3462/8820/3474 3640/8818/3532
f 3349/8567/3362 3450/8368/3252 3552/8821/3359
f 3450/8368/3252 3550/8822/3570 3552/8821/3359
f 3461/8370/3358 3549/8823/3569 3550/8822/3570
f 3461/8370/3358 3550/8822/3570 3450/8368/3252
f 3550/8822/3570 3374/8824/3384 3552/8821/3359
f 3374/8824/3384 3553/8825/3383 3552/8821/3359
f 3553/8826/3383 3374/8827/3384 3449/8828/3463
f 3449/8828/3463 3373/8829/3386 3553/8826/3383
f 3554/8830/3571 3614/8831/3572 3556/8832/3573
f 3555/8833/3574 3554/8830/3571 3556/8834/3573
f 3024/7286/3031 3557/8835/3575 3059/8836/3539
f 3558/8837/3576 3557/8835/3575 3024/7286/3031
f 3557/8835/3575 3559/8838/3577 3560/8839/3578
f 3557/8835/3575 3561/8840/3579 3559/8838/3577
f 3562/8841/3580 3560/8839/3578 3559/8838/3577
f 3697/8842/3071 3562/8841/3580 3060/8843/3072
f 3563/8844/3581 3060/8843/3072 3562/8841/3580
f 3564/8845/3582 3563/8844/3581 3559/8838/3577
f 3563/8844/3581 3564/8845/3582 3872/8846/3583
f 3567/8847/3584 3565/8848/3585 3566/8849/3586
f 3024/7286/3031 3470/7289/3034 3558/8837/3576
f 3470/7289/3034 3568/8623/3483 3558/8837/3576
f 3564/8845/3582 3559/8838/3577 3561/8840/3579
f 3563/8844/3581 3562/8841/3580 3559/8838/3577
f 3184/7799/3197 3181/7800/3198 3691/8001/3272
f 3775/8850/3274 3183/7797/3195 3184/7799/3197
f 3184/7799/3197 3691/8001/3272 3775/8850/3274
f 3480/8851/3496 3569/8852/3587 3418/8853/3431
f 3479/8854/3495 3480/8851/3496 3418/8853/3431
f 3478/8855/3494 3569/8856/3587 3480/8857/3496
f 3478/8855/3494 3480/8857/3496 3419/8858/3456
f 3569/8856/3587 3478/8855/3494 3479/8854/3495
f 3570/8859/3588 3479/8854/3495 3571/8860/3589
f 3570/8859/3588 3569/8856/3587 3479/8854/3495
f 3418/8861/3431 3569/8856/3587 3417/8862/3428
f 3417/8862/3428 3569/8856/3587 3570/8859/3588
f 3573/8863/3590 3572/8864/3591 3570/8859/3588
f 3573/8863/3590 3570/8859/3588 3574/8865/3592
f 3575/8866/3593 3574/8865/3592 3516/8867/3527
f 3573/8863/3590 3575/8866/3593 3576/8868/3528
f 3575/8866/3593 3416/8869/3430 3576/8868/3528
f 3575/8870/3593 3577/8871/3594 3416/8872/3430
f 3577/8871/3594 3602/8873/3429 3416/8872/3430
f 3522/8807/3396 3521/8874/3538 3582/8875/3595
f 3582/8875/3595 3378/8410/3390 3522/8807/3396
f 3378/8410/3390 3519/8876/3535 3581/8877/3596
f 3378/8410/3390 3581/8877/3596 3620/8409/3389
f 3520/8878/3537 3620/8409/3389 3581/8877/3596
f 3447/8879/3459 3581/8880/3596 3580/8881/3597
f 3519/8882/3535 3520/8883/3537 3582/8884/3595
f 3582/8884/3595 3581/8880/3596 3519/8882/3535
f 3350/8885/3357 3348/8886/3360 3583/8887/3598
f 3583/8887/3598 3550/8888/3570 3350/8885/3357
f 3350/8885/3357 3549/8889/3569 3584/8890/3476
f 3350/8885/3357 3550/8888/3570 3609/8891/3599
f 3549/8889/3569 3350/8885/3357 3609/8891/3599
f 3585/8892/3600 3609/8891/3599 3550/8888/3570
f 3585/8892/3600 3550/8888/3570 3586/8893/3601
f 3350/8885/3357 3584/8890/3476 3461/8894/3358
f 3549/8889/3569 3640/8895/3532 3584/8890/3476
f 3463/8736/3477 3547/8737/3529 3445/8734/3457
f 3247/8419/3253 3553/8896/3383 3381/8420/3392
f 3553/8897/3383 3373/8898/3386 3588/8899/3462
f 3381/8900/3392 3553/8897/3383 3588/8899/3462
f 3587/8901/3534 3588/8899/3462 3448/8902/3461
f 3589/8903/3460 3448/8902/3461 3580/8904/3597
f 3580/8904/3597 3448/8902/3461 3588/8899/3462
f 3376/8905/3602 3580/8904/3597 3637/8906/3603
f 3580/8904/3597 3376/8905/3602 3375/8907/3385
f 3580/8904/3597 3375/8907/3385 3449/8908/3463
f 3580/8904/3597 3449/8908/3463 3589/8903/3460
f 3468/8909/3478 3613/8910/3604 3466/8911/3480
f 3467/8912/3481 3613/8910/3604 3468/8909/3478
f 3613/8910/3604 3467/8912/3481 3592/8913/3605
f 3592/8913/3605 3467/8912/3481 3590/8914/3606
f 3591/8915/3607 3613/8910/3604 3592/8913/3605
f 3592/8913/3605 3590/8914/3606 3593/8916/3608
f 3593/8916/3608 3591/8915/3607 3595/8917/3609
f 3595/8917/3609 3591/8915/3607 3592/8913/3605
f 3592/8913/3605 3593/8916/3608 3594/8918/3610
f 3593/8916/3608 3802/8919/3611 3594/8918/3610
f 3592/8913/3605 3594/8918/3610 3595/8917/3609
f 3593/8916/3608 3595/8917/3609 3802/8919/3611
f 3802/8919/3611 3595/8917/3609 3771/8920/3612
f 3802/8919/3611 3769/8921/3613 3594/8918/3610
f 3594/8918/3610 3769/8921/3613 3595/8917/3609
f 3597/8922/3614 3711/8923/3615 3598/8924/3616
f 3598/8924/3616 3711/8923/3615 3428/8925/3438
f 3598/8924/3616 3428/8925/3438 3596/8926/3617
f 3414/8927/3426 3415/8928/3427 3413/8929/3424
f 3413/8929/3424 3415/8928/3427 3617/8930/3618
f 3413/8929/3424 3617/8930/3618 3599/8931/3619
f 3413/8929/3424 3599/8931/3619 3600/8932/3620
f 3410/8933/3422 3413/8929/3424 3600/8932/3620
f 3412/8934/3419 3413/8929/3424 3410/8933/3422
f 3410/8933/3422 3600/8932/3620 3601/8935/3621
f 3426/8936/3421 3600/8932/3620 3438/8937/3440
f 3600/8932/3620 3426/8936/3421 3601/8935/3621
f 3601/8935/3621 3426/8936/3421 3411/8938/3423
f 3426/8936/3421 3438/8937/3440 3428/8939/3438
f 3417/8940/3428 3602/8941/3429 3617/8930/3618
f 3617/8930/3618 3415/8928/3427 3417/8940/3428
f 3427/8942/3437 3578/8943/3441 3437/8944/3444
f 3427/8942/3437 3437/8944/3444 3509/8945/3442
f 3437/8944/3444 3578/8943/3441 3502/8946/3445
f 3502/8946/3445 3578/8943/3441 3500/8947/3515
f 3579/8948/3439 3428/8949/3438 3578/8943/3441
f 3603/8950/3622 3578/8943/3441 3501/8951/3513
f 3578/8943/3441 3603/8950/3622 3500/8947/3515
f 3500/8947/3515 3603/8950/3622 3509/8952/3442
f 3509/8952/3442 3603/8950/3622 3604/8953/3623
f 3487/8954/3502 3488/8955/3624 3486/8806/3501
f 3510/8805/3520 3486/8806/3501 3488/8955/3624
f 3488/8955/3624 3483/8956/3499 3510/8805/3520
f 3626/8957/3625 3483/8956/3499 3633/8958/3626
f 3483/8956/3499 3488/8955/3624 3633/8958/3626
f 3633/8958/3626 3488/8955/3624 3487/8959/3502
f 3640/8960/3532 3605/8961/3627 3584/8962/3476
f 3605/8961/3627 3639/8963/3531 3518/8811/3533
f 3605/8961/3627 3518/8811/3533 3462/8810/3474
f 3584/8962/3476 3605/8961/3627 3462/8810/3474
f 3586/8964/3601 3374/8965/3384 3583/8966/3598
f 3374/8965/3384 3586/8964/3601 3606/8967/3628
f 3606/8967/3628 3586/8964/3601 3607/8968/3629
f 3606/8967/3628 3607/8968/3629 3608/8969/3630
f 3608/8969/3630 3607/8968/3629 3585/8970/3600
f 3609/8971/3599 3610/8972/3631 3608/8969/3630
f 3608/8969/3630 3610/8972/3631 3606/8967/3628
f 3348/8973/3360 3374/8965/3384 3606/8967/3628
f 3611/8974/3464 3612/8975/3377 3368/8976/3332
f 3612/8975/3377 3611/8974/3464 3460/8977/3356
f 3462/8978/3474 3461/8979/3358 3612/8975/3377
f 3467/8912/3481 3466/8911/3480 3590/8914/3606
f 3590/8914/3606 3466/8911/3480 3613/8910/3604
f 3555/8980/3574 3556/8981/3573 3614/8982/3572
f 3555/8980/3574 3285/8983/3299 3554/8984/3571
f 3284/8985/3298 3555/8980/3574 3614/8982/3572
f 3285/8983/3299 3555/8980/3574 3284/8985/3298
f 3554/8984/3571 3285/8983/3299 3614/8986/3572
f 3615/8987/3482 3064/8755/3035 3398/8756/3411
f 3398/8756/3411 3682/8988/3632 3615/8987/3482
f 3496/8669/3511 3534/8773/3550 3616/8670/3512
f 3496/8669/3511 3494/8668/3510 3534/8773/3550
f 3534/8773/3550 3494/8668/3510 3497/8775/3549
f 3410/8989/3422 3601/8990/3621 3515/8991/3450
f 3414/8992/3426 3515/8991/3450 3601/8990/3621
f 3414/8992/3426 3601/8990/3621 3438/8993/3440
f 3600/8994/3620 3414/8992/3426 3438/8993/3440
f 3600/8994/3620 3617/8995/3618 3513/8996/3425
f 3414/8992/3426 3600/8994/3620 3415/8997/3427
f 3513/8996/3425 3415/8997/3427 3600/8994/3620
f 3418/8998/3431 3419/8999/3456 3514/8729/3526
f 3514/8729/3526 3419/8999/3456 3444/8728/3455
f 3618/9000/3388 3375/9001/3385 3376/9002/3602
f 3636/9003/3633 3618/9000/3388 3376/9002/3602
f 3619/9004/3387 3636/9003/3633 3376/9002/3602
f 3381/9005/3392 3588/9006/3462 3587/9007/3534
f 3620/9008/3389 3587/9007/3534 3621/9009/3634
f 3447/8879/3459 3620/9008/3389 3621/9009/3634
f 3581/8880/3596 3447/8879/3459 3621/9009/3634
f 3581/8880/3596 3621/9009/3634 3520/8883/3537
f 3621/9009/3634 3587/9007/3534 3622/9010/3635
f 3580/9011/3597 3622/9012/3635 3587/9013/3534
f 3447/9014/3459 3580/9011/3597 3587/9013/3534
f 3447/9014/3459 3587/9013/3534 3448/9015/3461
f 3460/8977/3356 3463/9016/3477 3612/8975/3377
f 3463/9016/3477 3611/8974/3464 3517/9017/3530
f 3463/9016/3477 3517/9017/3530 3612/8975/3377
f 3517/9017/3530 3462/8978/3474 3612/8975/3377
f 3623/9018/3074 3399/9019/3078 3491/9020/3234
f 3491/9020/3234 3399/9019/3078 3061/9021/3075
f 3398/9022/3411 3399/9019/3078 3772/9023/3636
f 3525/9024/3540 3398/9022/3411 3772/9023/3636
f 3623/9018/3074 3772/9023/3636 3399/9019/3078
f 3805/9025/3073 3772/9023/3636 3623/9018/3074
f 3805/9025/3073 3526/9026/3541 3772/9023/3636
f 3527/9027/3542 3526/9026/3541 3805/9025/3073
f 3565/9028/3585 3567/9029/3584 3566/9030/3586
f 3394/8441/3409 3392/8438/3406 3396/8437/3405
f 3417/8862/3428 3570/8859/3588 3572/8864/3591
f 3572/8864/3591 3416/9031/3430 3417/8862/3428
f 3573/8863/3590 3577/8871/3594 3572/8864/3591
f 3575/8870/3593 3572/8864/3591 3577/8871/3594
f 3573/8863/3590 3576/8868/3528 3577/8871/3594
f 3573/8863/3590 3574/8865/3592 3575/8866/3593
f 3600/9032/3620 3599/9033/3619 3579/9034/3439
f 3438/9035/3440 3579/9034/3439 3599/9033/3619
f 3438/9035/3440 3599/9033/3619 3428/9036/3438
f 3599/9033/3619 3617/9037/3618 3596/9038/3617
f 3617/9037/3618 3600/9039/3620 3596/9038/3617
f 3600/9039/3620 3579/9040/3439 3596/9038/3617
f 3599/9033/3619 3596/9038/3617 3428/9036/3438
f 3625/9041/3565 3626/9042/3625 3627/9043/3525
f 3578/9044/3441 3428/9045/3438 3628/9046/3637
f 3428/9045/3438 3711/9047/3615 3628/9046/3637
f 3578/9044/3441 3544/9048/3514 3501/9049/3513
f 3544/9048/3514 3578/9044/3441 3628/9046/3637
f 3511/8797/3522 3632/8792/3562 3631/9050/3638
f 3631/9050/3638 3632/8792/3562 3671/9051/3639
f 3512/9052/3524 3632/8792/3562 3670/8795/3563
f 3483/9053/3499 3626/9054/3625 3489/9055/3503
f 3487/9056/3502 3489/9055/3503 3633/9057/3626
f 3501/9058/3513 3505/9059/3518 3603/9060/3622
f 3603/9060/3622 3505/9059/3518 3695/9061/3564
f 3603/9060/3622 3695/9061/3564 3544/9062/3514
f 3603/9060/3622 3544/9062/3514 3630/9063/3640
f 3438/9064/3440 3509/9065/3442 3578/9066/3441
f 3509/9065/3442 3604/9067/3623 3578/9066/3441
f 3578/9066/3441 3604/9067/3623 3579/9068/3439
f 3604/9067/3623 3597/9069/3614 3579/9068/3439
f 3596/9070/3617 3579/9068/3439 3634/9071/3641
f 3601/8990/3621 3411/9072/3423 3438/8993/3440
f 3384/9073/3394 3383/9074/3393 3635/9075/3395
f 3522/9076/3396 3384/9073/3394 3650/9077/3642
f 3650/9077/3642 3384/9073/3394 3635/9075/3395
f 3583/9078/3598 3348/9079/3360 3586/9080/3601
f 3585/9081/3600 3586/9080/3601 3608/9082/3630
f 3608/9082/3630 3586/9080/3601 3348/9079/3360
f 3609/9083/3599 3608/9082/3630 3636/9084/3633
f 3636/9084/3633 3608/9082/3630 3348/9079/3360
f 3640/9085/3532 3636/9084/3633 3605/9086/3627
f 3605/9086/3627 3636/9084/3633 3548/9087/3567
f 3651/9088/3643 3548/9087/3567 3636/9084/3633
f 3649/9089/3644 3651/9088/3643 3636/9084/3633
f 3649/9089/3644 3652/9090/3645 3651/9088/3643
f 3636/9003/3633 3619/9004/3387 3637/9091/3603
f 3637/9091/3603 3581/9092/3596 3636/9003/3633
f 3638/9093/3646 3609/9094/3599 3636/9095/3633
f 3638/9093/3646 3636/9095/3633 3610/9096/3631
f 3610/9096/3631 3636/9095/3633 3606/9097/3628
f 3610/9096/3631 3609/9094/3599 3607/9098/3629
f 3678/9099/3647 3715/9100/3648 3674/9101/3649
f 3606/9097/3628 3640/9102/3532 3639/9103/3531
f 3636/9095/3633 3640/9102/3532 3606/9097/3628
f 3638/9093/3646 3610/9096/3631 3586/9104/3601
f 3609/9094/3599 3638/9093/3646 3586/9104/3601
f 3586/9104/3601 3610/9096/3631 3607/9098/3629
f 3609/9094/3599 3585/9105/3600 3607/9098/3629
f 3588/8899/3462 3622/9106/3635 3580/8904/3597
f 3622/9106/3635 3588/8899/3462 3449/9107/3463
f 3622/9106/3635 3449/9107/3463 3376/9108/3602
f 3622/9106/3635 3376/9108/3602 3637/9109/3603
f 3374/9110/3384 3619/9111/3387 3449/9112/3463
f 3373/8404/3386 3449/9112/3463 3375/8403/3385
f 3376/9113/3602 3449/9112/3463 3619/9111/3387
f 3374/9114/3384 3550/9115/3570 3583/9116/3598
f 3550/9115/3570 3549/8816/3569 3586/9117/3601
f 3586/9117/3601 3549/8816/3569 3609/9118/3599
f 3284/9119/3298 3159/9120/3174 3286/9121/3300
f 3159/9120/3174 3158/9122/3176 3286/9121/3300
f 3157/9123/3175 3159/9124/3174 3284/9125/3298
f 3158/9122/3176 3157/9123/3175 3286/9121/3300
f 3614/9126/3572 3157/9123/3175 3284/9125/3298
f 3157/9123/3175 3614/9126/3572 3286/9121/3300
f 3613/8910/3604 3591/8915/3607 3590/8914/3606
f 3591/8915/3607 3593/8916/3608 3590/8914/3606
f 3286/9121/3300 3614/9126/3572 3285/9127/3299
f 3642/9128/3650 3624/9129/3651 3809/9130/3652
f 3642/9131/3650 3809/9130/3652 3624/9129/3651
f 3626/9054/3625 3643/9132/3653 3644/9133/3654
f 3643/9132/3653 3706/9134/3655 3644/9133/3654
f 3626/9054/3625 3644/9133/3654 3489/9055/3503
f 3489/9055/3503 3644/9133/3654 3645/9135/3656
f 3630/9136/3640 3544/9048/3514 3629/9137/3657
f 3544/9048/3514 3628/9046/3637 3629/9137/3657
f 3511/9138/3522 3646/9139/3658 3625/9140/3565
f 3646/9139/3658 3511/9141/3522 3627/9142/3525
f 3625/9140/3565 3646/9139/3658 3643/9143/3653
f 3646/9139/3658 3627/9142/3525 3626/9144/3625
f 3625/9140/3565 3643/9143/3653 3626/9145/3625
f 3649/9146/3644 3647/9147/3659 3673/9148/3660
f 3647/9147/3659 3648/9149/3661 3650/9077/3642
f 3522/9076/3396 3649/9146/3644 3635/9150/3395
f 3650/9077/3642 3649/9146/3644 3522/9076/3396
f 3651/9151/3643 3652/9152/3645 3653/9153/3662
f 3653/9153/3662 3652/9152/3645 3716/9154/3663
f 3639/9155/3531 3605/9156/3627 3548/9157/3567
f 3677/9158/3664 3546/9159/3566 3518/9160/3533
f 3677/9158/3664 3518/9160/3533 3548/9157/3567
f 3548/9157/3567 3651/9151/3643 3677/9158/3664
f 3677/9158/3664 3654/9161/3568 3546/9159/3566
f 3581/9092/3596 3637/9091/3603 3580/9162/3597
f 3649/9089/3644 3636/9084/3633 3581/9163/3596
f 3636/9084/3633 3348/9079/3360 3618/9164/3388
f 3657/8630/3488 3475/8634/3490 3473/8628/3487
f 3331/9165/3344 3655/9166/3665 3334/9167/3346
f 3655/9166/3665 3331/9165/3344 3656/9168/3666
f 3334/9169/3346 3656/9168/3666 3333/9170/3345
f 3656/9168/3666 3331/9165/3344 3333/9170/3345
f 3664/9171/3667 3334/9169/3346 3657/9172/3488
f 3657/9172/3488 3658/9173/3668 3664/9171/3667
f 3659/9174/3669 3660/9175/3670 3661/9176/3671
f 3664/9171/3667 3659/9174/3669 3661/9176/3671
f 3661/9176/3671 3663/9177/3672 3664/9171/3667
f 3663/9177/3672 3662/9178/3673 3773/9179/3674
f 3661/9176/3671 3662/9178/3673 3663/9177/3672
f 3658/9173/3668 3659/9174/3669 3664/9171/3667
f 3334/9169/3346 3664/9171/3667 3656/9168/3666
f 3602/9180/3429 3666/9181/3675 3665/9182/3676
f 3667/9183/3677 3666/9181/3675 3602/9180/3429
f 3665/9184/3676 3668/9185/3678 3513/9186/3425
f 3602/9187/3429 3513/9186/3425 3617/9188/3618
f 3668/9185/3678 3576/9189/3528 3513/9186/3425
f 3668/9185/3678 3667/9183/3677 3576/9189/3528
f 3602/9180/3429 3576/9189/3528 3667/9183/3677
f 3670/9190/3563 3669/9191/3523 3631/9192/3638
f 3631/9192/3638 3671/9193/3639 3670/9190/3563
f 3512/9194/3524 3670/9190/3563 3671/9193/3639
f 3643/9195/3653 3646/9196/3658 3672/9197/3679
f 3644/9198/3654 3706/9199/3655 3672/9197/3679
f 3645/9200/3656 3644/9198/3654 3672/9197/3679
f 3672/9197/3679 3646/9196/3658 3626/9201/3625
f 3626/9201/3625 3645/9200/3656 3672/9197/3679
f 3633/9202/3626 3645/9200/3656 3626/9201/3625
f 3633/9202/3626 3489/9203/3503 3645/9200/3656
f 3521/9204/3538 3635/9205/3395 3649/9206/3644
f 3521/9204/3538 3649/9206/3644 3581/9207/3596
f 3581/9207/3596 3582/9208/3595 3521/9204/3538
f 3606/9209/3628 3678/9210/3647 3622/9211/3635
f 3622/9211/3635 3637/9212/3603 3619/9213/3387
f 3619/9213/3387 3618/9214/3388 3348/9215/3360
f 3619/9213/3387 3348/9215/3360 3606/9209/3628
f 3619/9213/3387 3606/9209/3628 3622/9211/3635
f 3673/9216/3660 3674/9217/3649 3715/9218/3648
f 3673/9216/3660 3715/9218/3648 3716/9219/3663
f 3716/9219/3663 3652/9220/3645 3673/9216/3660
f 3675/9221/3680 3651/9222/3643 3653/9223/3662
f 3677/9224/3664 3675/9221/3680 3676/9225/3681
f 3675/9221/3680 3653/9223/3662 3753/9226/3682
f 3676/9225/3681 3753/9226/3682 3653/9227/3662
f 3676/9225/3681 3653/9227/3662 3677/9224/3664
f 3653/9227/3662 3654/9228/3568 3677/9224/3664
f 3677/9224/3664 3651/9222/3643 3675/9221/3680
f 3649/9146/3644 3650/9077/3642 3648/9149/3661
f 3649/9146/3644 3648/9149/3661 3647/9147/3659
f 3521/9229/3538 3650/9077/3642 3635/9075/3395
f 3674/9230/3649 3647/9231/3659 3678/9232/3647
f 3673/9233/3660 3647/9231/3659 3674/9230/3649
f 3647/9231/3659 3650/9234/3642 3678/9232/3647
f 3650/9234/3642 3622/9235/3635 3678/9232/3647
f 3650/9234/3642 3521/9236/3538 3622/9235/3635
f 3378/9237/3390 3582/9238/3595 3622/9235/3635
f 3378/9237/3390 3622/9235/3635 3521/9236/3538
f 3679/9239/3683 3398/8756/3411 3833/9240/3544
f 3682/8988/3632 3679/9239/3683 3925/9241/3684
f 3926/9242/3685 3882/9243/3686 3681/9244/3687
f 3681/9244/3687 3680/9245/3688 3926/9242/3685
f 3925/9241/3684 3926/9242/3685 3682/8988/3632
f 3660/9246/3670 3680/9245/3688 3681/9244/3687
f 3882/9243/3686 3880/9247/3689 3681/9244/3687
f 3681/9244/3687 3880/9247/3689 3891/9248/3690
f 3615/8987/3482 3682/8988/3632 3718/9249/3691
f 3682/8988/3632 3680/9245/3688 3718/9249/3691
f 3687/9250/3692 3689/9251/3693 3705/9252/3694
f 3691/9253/3272 3692/9254/3695 3685/9255/3696
f 3684/9256/3697 3690/9257/3698 3691/9253/3272
f 3683/9258/3699 3692/9254/3695 3257/9259/3270
f 3257/9259/3270 3686/9260/3700 3683/9258/3699
f 3685/9255/3696 3692/9254/3695 3683/9258/3699
f 3687/9250/3692 3686/9260/3700 3689/9251/3693
f 3705/9261/3694 3689/9262/3693 3693/9263/3701
f 3259/9264/3273 3689/9262/3693 3686/9265/3700
f 3690/9266/3698 3694/9267/3702 3762/9268/3703
f 3258/9269/3271 3686/9270/3700 3257/9271/3270
f 3257/9271/3270 3692/9272/3695 3691/9273/3272
f 3691/9273/3272 3690/9266/3698 3775/9274/3274
f 3690/9266/3698 3762/9268/3703 3775/9275/3274
f 3602/9276/3429 3577/9277/3594 3576/9278/3528
f 3416/9279/3430 3572/9280/3591 3516/8867/3527
f 3572/9280/3591 3575/8866/3593 3516/8867/3527
f 3516/8867/3527 3570/8859/3588 3571/8860/3589
f 3516/8867/3527 3574/8865/3592 3570/8859/3588
f 3598/9281/3616 3666/9282/3675 3667/9283/3677
f 3598/9281/3616 3667/9283/3677 3597/9284/3614
f 3634/9285/3641 3667/9283/3677 3668/9286/3678
f 3668/9286/3678 3665/9287/3676 3666/9288/3675
f 3666/9289/3675 3598/9290/3616 3668/9291/3678
f 3668/9291/3678 3598/9290/3616 3634/9292/3641
f 3598/9290/3616 3596/9293/3617 3602/9294/3429
f 3602/9294/3429 3596/9293/3617 3634/9295/3641
f 3598/9290/3616 3602/9294/3429 3665/9296/3676
f 3598/9290/3616 3665/9296/3676 3634/9295/3641
f 3513/9297/3425 3634/9295/3641 3665/9296/3676
f 3634/9295/3641 3513/9297/3425 3602/9294/3429
f 3418/8853/3431 3516/8867/3527 3571/8860/3589
f 3571/8860/3589 3479/8854/3495 3418/8853/3431
f 3505/9298/3518 3512/9299/3524 3695/9300/3564
f 3632/9301/3562 3512/9299/3524 3669/9302/3523
f 3631/9303/3638 3669/9302/3523 3511/9304/3522
f 3604/9305/3623 3630/9063/3640 3629/9306/3657
f 3630/9063/3640 3604/9305/3623 3603/9060/3622
f 3628/9307/3637 3604/9305/3623 3629/9306/3657
f 3604/9305/3623 3628/9307/3637 3696/9308/3704
f 3604/9305/3623 3696/9308/3704 3711/9309/3615
f 3604/9305/3623 3711/9309/3615 3597/9310/3614
f 3667/9311/3677 3634/9312/3641 3597/9310/3614
f 3634/9312/3641 3579/9313/3439 3597/9310/3614
f 3557/9314/3575 3560/9315/3578 3699/9316/3705
f 3557/9314/3575 3699/9316/3705 3704/9317/3706
f 3557/9314/3575 3704/9317/3706 3059/9318/3539
f 3059/9318/3539 3698/9319/3707 3697/9320/3071
f 3701/9321/3708 3560/9322/3578 3562/9323/3580
f 3059/9318/3539 3704/9317/3706 3698/9319/3707
f 3697/9320/3071 3698/9319/3707 3702/9324/3709
f 3698/9319/3707 3703/9325/3710 3702/9324/3709
f 3697/9320/3071 3702/9324/3709 3562/9323/3580
f 3562/9323/3580 3702/9324/3709 3700/9326/3711
f 3701/9321/3708 3562/9323/3580 3700/9326/3711
f 3560/9322/3578 3701/9321/3708 3699/9327/3705
f 3699/9327/3705 3846/9328/3712 3864/9329/3713
f 3846/9328/3712 3699/9327/3705 3701/9321/3708
f 3820/9330/3714 3700/9326/3711 3703/9325/3710
f 3702/9324/3709 3703/9325/3710 3700/9326/3711
f 3704/9317/3706 3703/9325/3710 3698/9319/3707
f 3684/9256/3697 3691/9253/3272 3685/9255/3696
f 3685/9331/3696 3683/9332/3699 3686/9333/3700
f 3687/9334/3692 3685/9331/3696 3686/9333/3700
f 3685/9331/3696 3687/9334/3692 3684/9335/3697
f 3688/9336/3715 3684/9335/3697 3687/9334/3692
f 3707/9337/3716 3706/9338/3655 3643/9339/3653
f 3714/9340/3717 3707/9337/3716 3708/9341/3718
f 3714/9340/3717 3708/9341/3718 3709/9342/3719
f 3714/9340/3717 3709/9342/3719 3710/9343/3720
f 3710/9343/3720 3709/9342/3719 3708/9341/3718
f 3696/9344/3704 3628/9345/3637 3712/9346/3721
f 3628/9345/3637 3711/9347/3615 3712/9346/3721
f 3711/9347/3615 3696/9344/3704 3713/9348/3722
f 3713/9348/3722 3712/9346/3721 3711/9347/3615
f 3706/9349/3655 3707/9350/3716 3714/9351/3717
f 3714/9351/3717 3643/9352/3653 3672/9353/3679
f 3714/9351/3717 3672/9353/3679 3706/9349/3655
f 3632/9354/3562 3669/9355/3523 3671/9356/3639
f 3512/9357/3524 3671/9356/3639 3695/9358/3564
f 3695/9358/3564 3669/9355/3523 3670/9359/3563
f 3669/9355/3523 3695/9358/3564 3671/9356/3639
f 3548/9360/3567 3678/9361/3647 3639/9362/3531
f 3678/9361/3647 3548/9360/3567 3715/9363/3648
f 3715/9363/3648 3548/9360/3567 3654/9364/3568
f 3717/9365/3723 3654/9364/3568 3653/9366/3662
f 3653/9366/3662 3716/9367/3663 3717/9365/3723
f 3715/9363/3648 3654/9364/3568 3717/9365/3723
f 3582/8884/3595 3520/8883/3537 3621/9009/3634
f 3582/8884/3595 3621/9009/3634 3622/9010/3635
f 3718/9249/3691 3680/9245/3688 3660/9246/3670
f 3718/9249/3691 3660/9246/3670 3662/9368/3673
f 3568/8623/3483 3615/8622/3482 3719/9369/3724
f 3568/8623/3483 3719/9369/3724 3558/8837/3576
f 3720/9370/3725 3558/8837/3576 3719/9369/3724
f 3724/9371/3726 3723/9372/3727 3721/9373/3728
f 3723/9372/3727 3722/9374/3729 3721/9373/3728
f 3724/9371/3726 3721/9373/3728 3722/9375/3729
f 3722/9374/3729 3723/9372/3727 3537/9376/3555
f 3724/9377/3726 3537/9376/3555 3497/9378/3549
f 3725/9379/3551 3537/9376/3555 3723/9372/3727
f 3727/9380/3730 3726/9381/3731 3728/9382/3732
f 3726/9383/3731 3727/9384/3730 3728/9385/3732
f 3731/9386/3733 3730/9387/3734 3729/9388/3735
f 3730/9387/3734 3731/9386/3733 3729/9388/3735
f 3733/9389/3736 3732/9390/3737 3766/9391/3738
f 3733/9389/3736 3766/9391/3738 3734/9392/3739
f 3732/9390/3737 3733/9389/3736 3734/9392/3739
f 3736/9393/3740 3737/9394/3741 3738/9395/3742
f 3737/9394/3741 3736/9393/3740 3738/9395/3742
f 3739/9396/3743 3740/9397/3744 3741/9398/3745
f 3678/9210/3647 3606/9209/3628 3639/9399/3531
f 3658/9400/3668 3474/9401/3489 3475/9402/3490
f 3475/9402/3490 3659/9403/3669 3658/9400/3668
f 3475/9404/3490 3657/9405/3488 3659/9406/3669
f 3657/9405/3488 3742/9407/3484 3658/9400/3668
f 3658/9400/3668 3742/9407/3484 3474/9401/3489
f 3474/9401/3489 3742/9407/3484 3472/9408/3485
f 3751/9409/3746 3735/9410/3747 3743/9411/3748
f 3765/9412/3749 3766/9413/3738 3751/9414/3746
f 3765/9412/3749 3751/9414/3746 3743/9411/3748
f 3744/9415/3750 3745/9416/3751 3746/9417/3750
f 3748/9418/3752 3747/9419/3753 3749/9420/3754
f 3708/9421/3718 3707/9422/3716 3643/9423/3653
f 3708/9421/3718 3643/9423/3653 3750/9424/3755
f 3708/9421/3718 3750/9424/3755 3710/9425/3720
f 3750/9424/3755 3643/9423/3653 3710/9425/3720
f 3710/9425/3720 3643/9423/3653 3714/9426/3717
f 3739/9427/3743 3741/9428/3745 3740/9429/3744
f 3675/9221/3680 3752/9430/3756 3676/9225/3681
f 3675/9221/3680 3753/9226/3682 3754/9431/3757
f 3752/9430/3756 3675/9221/3680 3754/9431/3757
f 3758/9432/3758 3525/9433/3540 3755/9434/3759
f 3756/9435/3760 3525/9433/3540 3758/9432/3758
f 3755/9434/3759 3756/9436/3760 3760/9437/3761
f 3755/9434/3759 3760/9437/3761 3758/9432/3758
f 3758/9438/3758 3641/9439/3762 3757/9440/3763
f 3757/9440/3763 3760/9441/3761 3756/9442/3760
f 3757/9440/3763 3756/9442/3760 3758/9438/3758
f 3758/9443/3758 3760/9441/3761 3641/9444/3762
f 3757/9445/3763 3641/9444/3762 3761/9446/3764
f 3761/9446/3764 3641/9444/3762 3759/9447/3765
f 3785/9448/3766 3761/9446/3764 3759/9447/3765
f 3785/9448/3766 3759/9447/3765 3760/9441/3761
f 3757/9440/3763 3761/9449/3764 3760/9441/3761
f 3760/9441/3761 3759/9447/3765 3641/9444/3762
f 3689/9262/3693 3259/9264/3273 3693/9263/3701
f 3762/9268/3703 3705/9450/3694 3693/9263/3701
f 3694/9267/3702 3705/9450/3694 3762/9268/3703
f 3259/9264/3273 3686/9265/3700 3258/9451/3271
f 3743/9452/3748 3767/9453/3767 3765/9454/3749
f 3713/9455/3722 3764/9456/3768 3712/9457/3721
f 3696/9458/3704 3764/9456/3768 3713/9455/3722
f 3712/9457/3721 3764/9456/3768 3763/9459/3769
f 3712/9457/3721 3763/9459/3769 3696/9458/3704
f 3764/9456/3768 3696/9458/3704 3763/9459/3769
f 3735/9460/3747 3751/9461/3746 3766/9462/3738
f 3743/9463/3748 3735/9460/3747 3766/9462/3738
f 3766/9464/3738 3767/9465/3767 3734/9466/3739
f 3767/9465/3767 3766/9464/3738 3765/9467/3749
f 3734/9466/3739 3767/9465/3767 3732/9468/3737
f 3732/9468/3737 3767/9465/3767 3743/9469/3748
f 3732/9468/3737 3743/9469/3748 3766/9464/3738
f 3748/9470/3752 3749/9471/3754 3747/9472/3753
f 3768/9473/3770 3769/9474/3613 3770/9475/3771
f 3769/9476/3613 3768/9473/3770 3771/9477/3612
f 3771/9477/3612 3768/9473/3770 3770/9475/3771
f 3801/9478/3772 3771/9477/3612 3770/9475/3771
f 3770/9475/3771 3769/9474/3613 3801/9478/3772
f 3802/9479/3611 3771/9477/3612 3801/9478/3772
f 3801/9478/3772 3769/9480/3613 3800/9481/3773
f 3769/9480/3613 3802/9482/3611 3800/9481/3773
f 3769/9480/3613 3771/9483/3612 3595/9484/3609
f 3525/9433/3540 3772/9485/3636 3755/9434/3759
f 3756/9436/3760 3755/9434/3759 3526/9486/3541
f 3526/9486/3541 3755/9434/3759 3772/9485/3636
f 3525/9433/3540 3756/9435/3760 3526/9487/3541
f 3557/8835/3575 3558/8837/3576 3918/9488/3774
f 3558/8837/3576 3720/9370/3725 3918/9488/3774
f 3657/9489/3488 3334/9490/3346 3655/9491/3665
f 3773/9492/3674 3655/9491/3665 3656/9493/3666
f 3664/9494/3667 3773/9492/3674 3656/9493/3666
f 3773/9492/3674 3659/9495/3669 3655/9491/3665
f 3659/9495/3669 3657/9489/3488 3655/9491/3665
f 3259/9496/3273 3776/9497/3775 3693/9498/3701
f 3775/9499/3274 3774/9500/3776 3259/9496/3273
f 3774/9500/3776 3826/9501/3777 3776/9497/3775
f 3259/9496/3273 3774/9500/3776 3776/9497/3775
f 3814/9502/3778 3776/9497/3775 3826/9501/3777
f 3762/9503/3703 3814/9502/3778 3775/9504/3274
f 3693/9498/3701 3776/9497/3775 3814/9502/3778
f 3693/9498/3701 3814/9502/3778 3762/9503/3703
f 3746/9505/3750 3745/9506/3751 3744/9507/3750
f 3684/9508/3697 3688/9509/3715 3694/9510/3702
f 3717/9365/3723 3716/9511/3663 3715/9363/3648
f 3777/9512/3779 3778/9513/3780 3779/9514/3781
f 3778/9513/3780 3777/9512/3779 3780/9515/3782
f 3779/9516/3781 3780/9515/3782 3782/9517/3783
f 3779/9516/3781 3782/9517/3783 3781/9518/3784
f 3780/9515/3782 3777/9512/3779 3782/9517/3783
f 3779/9514/3781 3778/9513/3780 3783/9519/3785
f 3778/9513/3780 3780/9515/3782 3783/9519/3785
f 3808/9520/3786 3807/9521/3787 3542/9522/3560
f 3783/9519/3785 3808/9520/3786 3543/9523/3561
f 3542/9522/3560 3541/9524/3559 3808/9520/3786
f 3808/9520/3786 3541/9524/3559 3543/9523/3561
f 3783/9519/3785 3542/9525/3560 3807/9526/3787
f 3542/8787/3560 3783/9527/3785 3543/8788/3561
f 3784/9528/3788 3786/9529/3789 3785/9448/3766
f 3786/9529/3789 3784/9528/3788 3787/9530/3790
f 3786/9529/3789 3788/9531/3791 3785/9448/3766
f 3788/9531/3791 3787/9532/3790 3785/9448/3766
f 3787/9532/3790 3784/9533/3788 3761/9446/3764
f 3785/9448/3766 3787/9532/3790 3761/9446/3764
f 3615/9534/3482 3718/9535/3691 3719/9536/3724
f 3887/9537/3792 3720/9538/3725 3796/9539/3793
f 3718/9535/3691 3796/9539/3793 3719/9536/3724
f 3796/9539/3793 3718/9535/3691 3791/9540/3794
f 3791/9540/3794 3718/9535/3691 3662/9541/3673
f 3791/9540/3794 3789/9542/3795 3796/9539/3793
f 3789/9542/3795 3791/9540/3794 3790/9543/3796
f 3790/9543/3796 3662/9541/3673 3889/9544/3797
f 3681/9545/3687 3889/9544/3797 3662/9541/3673
f 3790/9543/3796 3791/9540/3794 3662/9541/3673
f 3705/9252/3694 3688/9509/3715 3687/9250/3692
f 3688/9509/3715 3705/9252/3694 3694/9510/3702
f 3408/9546/3418 3407/9547/3416 3792/9548/3798
f 3793/9549/3799 3792/9548/3798 3407/9547/3416
f 3792/9548/3798 3404/9550/3415 3408/9546/3418
f 3406/9551/3417 3404/9550/3415 3792/9548/3798
f 3793/9552/3799 3406/9551/3417 3792/9548/3798
f 3753/9553/3682 3794/9554/3800 3754/9555/3757
f 3754/9555/3757 3794/9554/3800 3795/9556/3801
f 3795/9557/3801 3752/9558/3756 3754/9555/3757
f 3794/9554/3800 3752/9558/3756 3795/9557/3801
f 3752/9430/3756 3753/9226/3682 3676/9225/3681
f 3784/9528/3788 3760/9441/3761 3761/9449/3764
f 3784/9528/3788 3785/9448/3766 3760/9441/3761
f 3719/9536/3724 3796/9539/3793 3720/9538/3725
f 3901/9559/3802 3720/9538/3725 3887/9537/3792
f 3886/9560/3803 3796/9539/3793 3789/9542/3795
f 3799/9561/3804 3797/9562/3805 3798/9563/3806
f 3407/9564/3416 3406/9565/3417 3793/9566/3799
f 3802/9479/3611 3801/9478/3772 3803/9567/3807
f 3803/9567/3807 3801/9478/3772 3800/9481/3773
f 3802/9479/3611 3803/9567/3807 3804/9568/3808
f 3804/9568/3808 3800/9481/3773 3802/9479/3611
f 3753/9569/3682 3752/9558/3756 3794/9554/3800
f 3060/7407/3072 3805/7408/3073 3523/7405/3070
f 3777/9512/3779 3779/9514/3781 3781/9570/3784
f 3777/9512/3779 3781/9570/3784 3806/9571/3809
f 3777/9512/3779 3806/9572/3809 3782/9517/3783
f 3781/9518/3784 3782/9517/3783 3806/9572/3809
f 3779/9516/3781 3783/9573/3785 3807/9521/3787
f 3779/9516/3781 3807/9521/3787 3780/9515/3782
f 3780/9515/3782 3808/9520/3786 3783/9519/3785
f 3780/9515/3782 3807/9521/3787 3808/9520/3786
f 3798/9574/3806 3797/9575/3805 3799/9576/3804
f 3682/8988/3632 3398/8756/3411 3679/9239/3683
f 3926/9242/3685 3680/9245/3688 3682/8988/3632
f 3724/9377/3726 3497/9378/3549 3723/9577/3727
f 3722/9374/3729 3537/9376/3555 3724/9377/3726
f 3497/9378/3549 3725/9578/3551 3723/9577/3727
f 3537/8780/3555 3725/8774/3551 3538/8781/3556
f 3812/9579/3810 3811/9580/3811 3810/9581/3812
f 3812/9582/3810 3810/9583/3812 3811/9584/3811
f 3536/8777/3553 3540/8783/3557 3725/8774/3551
f 3775/9504/3274 3813/9585/3813 3774/9586/3776
f 3814/9502/3778 3813/9585/3813 3775/9504/3274
f 3774/9586/3776 3813/9585/3813 3814/9502/3778
f 3825/9587/3814 3804/9568/3808 3803/9567/3807
f 3803/9567/3807 3800/9481/3773 3825/9587/3814
f 3800/9481/3773 3804/9568/3808 3823/9588/3815
f 3817/9589/3816 3816/9590/3817 3818/9591/3818
f 3704/9317/3706 3819/9592/3819 3847/9593/3820
f 3703/9325/3710 3845/9594/3821 3820/9330/3714
f 3700/9326/3711 3820/9330/3714 3822/9595/3822
f 3847/9596/3820 3821/9597/3823 3820/9330/3714
f 3820/9330/3714 3821/9597/3823 3822/9595/3822
f 3773/9179/3674 3664/9171/3667 3663/9177/3672
f 3659/9598/3669 3773/9179/3674 3660/9599/3670
f 3660/9599/3670 3773/9179/3674 3662/9178/3673
f 3690/9600/3698 3684/9508/3697 3694/9510/3702
f 3818/9601/3818 3816/9602/3817 3817/9603/3816
f 3823/9604/3815 3827/9605/3824 3825/9606/3814
f 3823/9604/3815 3824/9607/3825 3827/9605/3824
f 3804/9608/3808 3825/9606/3814 3824/9607/3825
f 3826/9609/3777 3804/9608/3808 3824/9607/3825
f 3824/9607/3825 3814/9610/3778 3826/9609/3777
f 3774/9611/3776 3824/9607/3825 3823/9604/3815
f 3824/9607/3825 3774/9611/3776 3814/9610/3778
f 3804/9612/3808 3826/9613/3777 3823/9604/3815
f 3800/9614/3773 3823/9604/3815 3825/9606/3814
f 3825/9615/3814 3815/9616/3826 3824/9617/3825
f 3815/9616/3826 3827/9618/3824 3824/9617/3825
f 3827/9618/3824 3815/9616/3826 3825/9615/3814
f 3828/9619/3827 3829/9620/3828 3830/9621/3829
f 3831/9622/3830 3836/9623/3831 3832/9624/3543
f 3832/9624/3543 3527/9625/3542 3831/9622/3830
f 3831/9622/3830 3527/9625/3542 3833/9626/3544
f 3833/9626/3544 3832/9627/3543 3834/9628/3832
f 3831/9622/3830 3833/9626/3544 3834/9628/3832
f 3831/9622/3830 3834/9628/3832 3835/9629/3833
f 3832/9624/3543 3836/9623/3831 3834/9630/3832
f 3835/9629/3833 3836/9623/3831 3831/9622/3830
f 3835/9629/3833 3867/9631/3834 3836/9623/3831
f 3836/9623/3831 3867/9631/3834 3838/9632/3835
f 3867/9631/3834 3834/9633/3832 3837/9634/3836
f 3867/9631/3834 3837/9634/3836 3838/9632/3835
f 3837/9634/3836 3839/9635/3837 3840/9636/3838
f 3840/9636/3838 3841/9637/3839 3837/9634/3836
f 3842/9638/3840 3840/9639/3838 3839/9640/3837
f 3842/9638/3840 3839/9640/3837 3841/9637/3839
f 3838/9632/3835 3837/9634/3836 3841/9637/3839
f 3838/9632/3835 3841/9637/3839 3839/9640/3837
f 3836/9623/3831 3838/9632/3835 3839/9640/3837
f 3837/9641/3836 3834/9630/3832 3836/9623/3831
f 3839/9640/3837 3837/9641/3836 3836/9623/3831
f 3918/9488/3774 3720/9370/3725 3901/9642/3802
f 3537/9643/3555 3538/9644/3556 3843/9645/3841
f 3844/9646/3842 3537/9643/3555 3843/9645/3841
f 3539/9647/3554 3537/9643/3555 3844/9646/3842
f 3497/9648/3549 3539/9647/3554 3538/9649/3556
f 3843/9650/3841 3538/9649/3556 3539/9647/3554
f 3828/9651/3827 3830/9652/3829 3829/9653/3828
f 3704/9654/3706 3845/9655/3821 3703/9656/3710
f 3845/9655/3821 3704/9654/3706 3847/9657/3820
f 3821/9658/3823 3847/9657/3820 3846/9659/3712
f 3821/9658/3823 3701/9660/3708 3822/9661/3822
f 3822/9661/3822 3701/9660/3708 3700/9662/3711
f 3701/9660/3708 3821/9658/3823 3846/9659/3712
f 3846/9659/3712 3847/9657/3820 3819/9663/3819
f 3699/9316/3705 3819/9592/3819 3704/9317/3706
f 3826/9613/3777 3774/9611/3776 3823/9604/3815
f 3847/9657/3820 3820/9664/3714 3845/9655/3821
f 3848/9665/3843 3849/9666/3844 3851/9667/3845
f 3865/9668/3846 3848/9665/3843 3851/9667/3845
f 3848/9665/3843 3850/9669/3847 3849/9670/3844
f 3849/9670/3844 3850/9669/3847 3851/9671/3845
f 3848/9665/3843 3865/9668/3846 3850/9669/3847
f 3854/9672/3848 3853/9673/3849 3852/9674/3850
f 3854/9675/3848 3856/9676/3851 3855/9677/3852
f 3856/9676/3851 3854/9675/3848 3857/9678/3853
f 3856/9676/3851 3957/9679/3854 3858/9680/3855
f 3858/9680/3855 3854/9672/3848 3852/9674/3850
f 3857/9681/3853 3854/9672/3848 3858/9680/3855
f 3859/9682/3856 3856/9683/3851 3857/9681/3853
f 3856/9683/3851 3859/9682/3856 3957/9684/3854
f 3957/9679/3854 3935/9685/3857 3858/9680/3855
f 3858/9680/3855 3935/9685/3857 3857/9681/3853
f 3857/9681/3853 3935/9685/3857 3859/9682/3856
f 3557/8835/3575 3918/9488/3774 3561/8840/3579
f 3853/9686/3849 3854/9675/3848 3855/9677/3852
f 3855/9677/3852 3852/9674/3850 3853/9686/3849
f 3787/9532/3790 3788/9531/3791 3916/9687/3858
f 3916/9687/3858 3788/9531/3791 3915/9688/3859
f 3915/9688/3859 3788/9531/3791 3786/9529/3789
f 3860/9689/3860 3915/9688/3859 3786/9529/3789
f 3916/9687/3858 3860/9690/3860 3787/9532/3790
f 3787/9532/3790 3860/9690/3860 3786/9691/3789
f 3819/9692/3819 3862/9693/3861 3846/9694/3712
f 3904/9695/3862 3862/9693/3861 3819/9692/3819
f 3904/9695/3862 3906/9696/3863 3862/9693/3861
f 3903/9697/3864 3863/9698/3865 3864/9699/3713
f 3864/9699/3713 3863/9698/3865 3904/9700/3862
f 3864/9699/3713 3904/9700/3862 3819/9701/3819
f 3819/9701/3819 3699/9702/3705 3864/9699/3713
f 3864/9699/3713 3846/9694/3712 3903/9697/3864
f 3846/9694/3712 3862/9693/3861 3903/9697/3864
f 3878/9703/3866 3865/9704/3846 3851/9705/3845
f 3850/9706/3847 3866/9707/3867 3878/9703/3866
f 3850/9706/3847 3865/9704/3846 3866/9707/3867
f 3884/9708/3868 3866/9707/3867 3865/9704/3846
f 3912/9709/3869 3865/9710/3846 3878/9711/3866
f 3912/9709/3869 3878/9711/3866 3914/9712/3870
f 3878/9711/3866 3884/9708/3868 3914/9712/3870
f 3851/9705/3845 3850/9706/3847 3878/9703/3866
f 3835/9713/3833 3834/9714/3832 3869/9715/3871
f 3867/9716/3834 3835/9713/3833 3869/9715/3871
f 3871/9717/3872 3834/9714/3832 3867/9718/3834
f 3869/9715/3871 3834/9714/3832 3871/9717/3872
f 3867/9716/3834 3869/9715/3871 3868/9719/3873
f 3868/9719/3873 3869/9715/3871 3870/9720/3874
f 3869/9715/3871 3871/9717/3872 3870/9720/3874
f 3868/9721/3873 3871/9717/3872 3867/9718/3834
f 3858/9680/3855 3852/9674/3850 3855/9677/3852
f 3858/9680/3855 3855/9677/3852 3856/9676/3851
f 3527/9722/3542 3805/9723/3073 3833/9724/3544
f 3873/9725/3875 3833/9724/3544 3805/9723/3073
f 3872/9726/3583 3060/9727/3072 3563/9728/3581
f 3805/9723/3073 3060/9729/3072 3873/9725/3875
f 3877/9730/3876 3875/9731/3877 3866/9707/3867
f 3866/9707/3867 3875/9731/3877 3878/9703/3866
f 3876/9732/3878 3878/9703/3866 3875/9731/3877
f 3844/9733/3842 3875/9731/3877 3879/9734/3879
f 3877/9730/3876 3878/9711/3866 3876/9735/3878
f 3884/9708/3868 3878/9711/3866 3877/9730/3876
f 3877/9730/3876 3866/9707/3867 3884/9708/3868
f 3879/9734/3879 3875/9731/3877 3877/9730/3876
f 3877/9730/3876 3876/9735/3878 3879/9734/3879
f 3861/9736/3880 3880/9737/3689 3883/9738/3881
f 3880/9737/3689 3861/9736/3880 3881/9739/3882
f 3883/9738/3881 3880/9737/3689 3882/9740/3686
f 3883/9738/3881 3882/9740/3686 3881/9741/3882
f 3881/9741/3882 3882/9740/3686 3891/9742/3690
f 3891/9742/3690 3880/9743/3689 3881/9741/3882
f 3861/9744/3880 3883/9738/3881 3881/9741/3882
f 3843/9650/3841 3539/9647/3554 3885/9745/3883
f 3844/9646/3842 3885/9745/3883 3539/9647/3554
f 3879/9746/3879 3942/9747/3884 3844/9646/3842
f 3942/9747/3884 3879/9746/3879 3876/9748/3878
f 3885/9749/3883 3942/9747/3884 3843/9750/3841
f 3942/9747/3884 3876/9748/3878 3843/9750/3841
f 3844/9646/3842 3942/9747/3884 3941/9751/3885
f 3844/9646/3842 3941/9751/3885 3885/9749/3883
f 3875/9752/3877 3843/9750/3841 3876/9748/3878
f 3660/9246/3670 3681/9244/3687 3661/9753/3671
f 3661/9753/3671 3681/9244/3687 3662/9754/3673
f 3790/9755/3796 3931/9756/3886 3789/9757/3795
f 3789/9757/3795 3888/9758/3887 3886/9759/3803
f 3887/9760/3792 3886/9759/3803 3891/9761/3690
f 3887/9760/3792 3891/9761/3690 3890/9762/3888
f 3882/9763/3686 3892/9764/3889 3891/9761/3690
f 3891/9761/3690 3886/9759/3803 3889/9765/3797
f 3681/9766/3687 3891/9761/3690 3889/9765/3797
f 3896/9767/3890 3893/9768/3891 3894/9769/3892
f 3895/9770/3893 3894/9769/3892 3902/9771/3894
f 3894/9769/3892 3895/9770/3893 3896/9767/3890
f 3902/9771/3894 3896/9767/3890 3898/9772/3895
f 3895/9773/3893 3902/9771/3894 3898/9772/3895
f 3897/9774/3896 3898/9772/3895 3896/9767/3890
f 3896/9767/3890 3895/9770/3893 3897/9774/3896
f 3897/9774/3896 3895/9770/3893 4033/9775/3897
f 3895/9770/3893 3898/9776/3895 4028/9777/3898
f 3897/9778/3896 4028/9777/3898 3898/9776/3895
f 3833/9779/3544 3873/9780/3875 3874/9781/3899
f 3874/9781/3899 3995/9782/3900 3833/9779/3544
f 3833/9779/3544 4219/9783/3901 3679/9784/3683
f 3679/9784/3683 4219/9783/3901 3929/9785/3902
f 3833/9779/3544 3995/9782/3900 4219/9783/3901
f 4219/9783/3901 3899/9786/3903 4024/9787/3904
f 3995/9782/3900 3899/9786/3903 4219/9783/3901
f 3843/9788/3841 3875/9789/3877 3844/9646/3842
f 3886/9560/3803 3887/9537/3792 3796/9539/3793
f 3902/9771/3894 3893/9768/3891 3896/9767/3890
f 3894/9790/3892 3893/9768/3891 3902/9771/3894
f 3906/9791/3863 3903/9792/3864 3862/9793/3861
f 3863/9794/3865 3903/9792/3864 3905/9795/3905
f 3863/9794/3865 3905/9795/3905 3908/9796/3906
f 3997/9797/3907 3863/9794/3865 3908/9796/3906
f 3905/9795/3905 3903/9792/3864 3906/9791/3863
f 3907/9798/3908 3905/9795/3905 3906/9791/3863
f 3906/9791/3863 3909/9799/3909 3907/9798/3908
f 3998/9800/3910 3908/9796/3906 3905/9795/3905
f 3910/9801/3911 3909/9799/3909 3906/9791/3863
f 3906/9791/3863 3904/9802/3862 3910/9801/3911
f 3840/9803/3838 3842/9804/3840 3911/9805/3912
f 3840/9803/3838 3911/9805/3912 3841/9806/3839
f 3841/9807/3839 3952/9808/3913 3842/9804/3840
f 3911/9805/3912 3842/9804/3840 3952/9808/3913
f 3913/9809/3914 3914/9810/3870 3884/9708/3868
f 3913/9809/3914 3884/9708/3868 3865/9704/3846
f 3913/9809/3914 3865/9704/3846 3912/9709/3869
f 3564/9811/3582 3561/9812/3579 3872/9726/3583
f 3917/9813/3915 3872/9726/3583 3561/9812/3579
f 3561/9812/3579 3918/9814/3774 3917/9813/3915
f 3917/9813/3915 3918/9814/3774 3921/9815/3916
f 3919/9816/3917 3887/9817/3792 3890/9818/3888
f 3892/9819/3889 3920/9820/3918 3890/9818/3888
f 3901/9821/3802 3887/9817/3792 3919/9816/3917
f 3918/9814/3774 3901/9821/3802 3921/9815/3916
f 3901/9821/3802 3919/9816/3917 3921/9815/3916
f 3926/9822/3685 3927/9823/3919 3892/9819/3889
f 3892/9819/3889 3927/9823/3919 3920/9820/3918
f 3924/9824/3920 3923/9825/3921 3900/9826/3922
f 3924/9824/3920 3900/9826/3922 3868/9827/3873
f 3924/9824/3920 3868/9827/3873 3870/9828/3874
f 3927/9829/3919 3926/9830/3685 3925/9831/3684
f 3927/9829/3919 3925/9831/3684 3929/9785/3902
f 3927/9829/3919 3929/9785/3902 4280/9832/3923
f 4342/9833/3924 3929/9785/3902 4219/9783/3901
f 3889/9765/3797 3886/9759/3803 3930/9834/3925
f 3886/9759/3803 3888/9758/3887 3932/9835/3926
f 3932/9835/3926 3930/9834/3925 3886/9759/3803
f 3790/9836/3796 3930/9834/3925 3934/9837/3927
f 3930/9834/3925 3790/9836/3796 3889/9765/3797
f 3790/9836/3796 3934/9837/3927 3931/9838/3886
f 3789/9757/3795 3931/9756/3886 3888/9758/3887
f 3998/9839/3910 3930/9834/3925 3932/9835/3926
f 3930/9834/3925 3933/9840/3928 3934/9837/3927
f 3934/9837/3927 3977/9841/3929 3931/9838/3886
f 3872/9726/3583 3917/9813/3915 4077/9842/3930
f 3060/9729/3072 3872/9726/3583 4077/9842/3930
f 3060/9729/3072 4077/9842/3930 4025/9843/3931
f 3919/9816/3917 4396/9844/3932 3921/9815/3916
f 4366/9845/3933 4027/9846/3934 3921/9815/3916
f 4366/9845/3933 3921/9815/3916 4396/9844/3932
f 3936/9847/3935 3956/9848/3936 3937/9849/3937
f 3935/9850/3857 3956/9848/3936 3936/9847/3935
f 3956/9848/3936 3938/9851/3938 3937/9849/3937
f 3935/9850/3857 3940/9852/3939 3859/9853/3856
f 3859/9853/3856 3940/9852/3939 3957/9854/3854
f 3957/9854/3854 3940/9852/3939 3938/9855/3938
f 3956/9848/3936 3935/9850/3857 3957/9856/3854
f 3939/9857/3940 3936/9858/3935 3937/9859/3937
f 3939/9857/3940 3940/9860/3939 3914/9861/3870
f 3914/9861/3870 3913/9862/3914 3939/9857/3940
f 3913/9862/3914 3912/9863/3869 3936/9858/3935
f 3939/9857/3940 3913/9862/3914 3936/9858/3935
f 3940/9864/3939 3912/9863/3869 3914/9865/3870
f 3940/9864/3939 3935/9866/3857 3936/9858/3935
f 3912/9863/3869 3940/9864/3939 3936/9858/3935
f 3915/9867/3859 3860/9868/3860 3916/9869/3858
f 3946/9870/3941 3943/9871/3942 3941/9872/3885
f 3946/9870/3941 3941/9872/3885 3944/9873/3943
f 3941/9872/3885 3942/9874/3884 3944/9873/3943
f 3944/9873/3943 3942/9874/3884 3943/9875/3942
f 3885/9876/3883 3943/9875/3942 3942/9874/3884
f 3943/9871/3942 3946/9870/3941 3945/9877/3944
f 3944/9873/3943 3943/9875/3942 3945/9878/3944
f 3945/9878/3944 3946/9879/3941 3968/9880/3945
f 3946/9879/3941 3970/9881/3946 3968/9880/3945
f 3944/9873/3943 3968/9880/3945 3967/9882/3947
f 3967/9882/3947 3970/9883/3946 3946/9870/3941
f 3967/9882/3947 3946/9870/3941 3944/9873/3943
f 3944/9873/3943 3945/9878/3944 3968/9880/3945
f 3885/9884/3883 3941/9872/3885 3943/9871/3942
f 4001/9885/3948 3948/9886/3949 3949/9887/3950
f 3948/9886/3949 4001/9885/3948 3950/9888/3951
f 3929/9785/3902 3925/9831/3684 3679/9784/3683
f 3951/9889/3952 3841/9806/3839 3911/9805/3912
f 3841/9807/3839 3951/9890/3952 3952/9808/3913
f 3911/9805/3912 3953/9891/3953 3951/9889/3952
f 3952/9808/3913 3953/9892/3953 3911/9805/3912
f 3952/9808/3913 3951/9890/3952 3953/9892/3953
f 3949/9893/3950 3948/9894/3949 4035/9895/3954
f 3949/9893/3950 4035/9895/3954 3950/9896/3951
f 3938/9897/3938 3967/9898/3947 3957/9899/3854
f 3904/9802/3862 3996/9900/3955 4000/9901/3956
f 3904/9802/3862 4000/9901/3956 3910/9801/3911
f 3909/9799/3909 3910/9801/3911 4000/9901/3956
f 3961/9902/3957 3959/9903/3958 3958/9904/3959
f 3958/9904/3959 3959/9903/3958 3960/9905/3960
f 3960/9905/3960 4043/9906/3961 3962/9907/3962
f 3958/9904/3959 3960/9905/3960 3962/9907/3962
f 3962/9907/3962 4043/9906/3961 3961/9908/3957
f 3961/9908/3957 4043/9906/3961 3959/9909/3958
f 3965/9910/3963 3958/9911/3959 3962/9912/3962
f 3963/9913/3964 3965/9914/3963 4060/9915/3965
f 3963/9913/3964 3964/9916/3966 3961/9917/3957
f 3961/9917/3957 3964/9916/3966 3965/9910/3963
f 3965/9910/3963 3962/9912/3962 3961/9917/3957
f 3958/9911/3959 3965/9910/3963 3963/9918/3964
f 3958/9911/3959 3963/9918/3964 3961/9919/3957
f 3955/9920/3967 3954/9921/3968 3966/9922/3969
f 3888/9758/3887 3931/9923/3886 3932/9835/3926
f 3873/9725/3875 3060/9729/3072 3899/9924/3903
f 3873/9725/3875 3899/9924/3903 3995/9925/3900
f 3957/9926/3854 3967/9927/3947 3956/9928/3936
f 3967/9929/3947 3969/9930/3970 3970/9931/3946
f 3967/9929/3947 3938/9932/3938 3969/9930/3970
f 3969/9930/3970 3938/9932/3938 3968/9933/3945
f 3968/9933/3945 3938/9932/3938 3956/9928/3936
f 3971/9934/3971 3969/9935/3970 3968/9936/3945
f 3968/9937/3945 3956/9938/3936 3967/9939/3947
f 3954/9921/3968 3955/9920/3967 3973/9940/3972
f 3966/9941/3969 3954/9921/3968 3973/9940/3972
f 3955/9920/3967 3966/9922/3969 3972/9942/3973
f 3972/9942/3973 3973/9940/3972 3955/9920/3967
f 3966/9941/3969 3973/9940/3972 3976/9943/3974
f 3973/9940/3972 3974/9944/3975 3976/9943/3974
f 3966/9941/3969 3976/9945/3974 3975/9946/3976
f 3972/9942/3973 3966/9941/3969 3975/9946/3976
f 3975/9946/3976 3974/9944/3975 3972/9942/3973
f 3974/9944/3975 3973/9940/3972 3972/9942/3973
f 3932/9947/3926 3931/9948/3886 3978/9949/3977
f 3977/9950/3929 3932/9947/3926 3978/9949/3977
f 3979/9951/3978 3978/9949/3977 4000/9952/3956
f 4000/9952/3956 3978/9949/3977 3909/9953/3909
f 3978/9949/3977 3931/9948/3886 3909/9953/3909
f 3980/9954/3979 3909/9953/3909 3931/9948/3886
f 3979/9951/3978 3909/9953/3909 3980/9954/3979
f 3979/9951/3978 3980/9954/3979 3978/9949/3977
f 3978/9949/3977 3980/9954/3979 3977/9955/3929
f 3977/9955/3929 3980/9954/3979 3931/9948/3886
f 3937/9956/3937 3938/9957/3938 3940/9958/3939
f 3939/9959/3940 3981/9960/3980 3940/9961/3939
f 3981/9960/3980 3939/9959/3940 3937/9962/3937
f 3981/9960/3980 3937/9962/3937 3986/9963/3981
f 3937/9962/3937 3940/9964/3939 3982/9965/3982
f 3937/9962/3937 3982/9965/3982 3986/9963/3981
f 3940/9961/3939 3981/9960/3980 3983/9966/3983
f 3940/9964/3939 3983/9967/3983 3982/9965/3982
f 3983/9968/3983 3984/9969/3984 3982/9965/3982
f 3982/9965/3982 3984/9969/3984 3985/9970/3985
f 3985/9970/3985 3986/9963/3981 3982/9965/3982
f 3981/9960/3980 3986/9963/3981 3983/9966/3983
f 3984/9971/3984 3983/9966/3983 3986/9963/3981
f 3988/9972/3986 3974/9973/3975 3975/9974/3976
f 3988/9972/3986 3987/9975/3987 3974/9973/3975
f 3974/9973/3975 3987/9976/3987 3976/9977/3974
f 3976/9977/3974 3987/9976/3987 3988/9978/3986
f 3976/9977/3974 3988/9978/3986 3975/9979/3976
f 3947/9980/3988 3992/9981/3989 4058/9982/3990
f 3947/9980/3988 3990/9983/3991 3989/9984/3992
f 3990/9983/3991 3947/9980/3988 4058/9982/3990
f 3991/9985/3993 3947/9980/3988 3989/9984/3992
f 3989/9984/3992 4058/9986/3990 3991/9985/3993
f 4058/9986/3990 4059/9987/3994 3991/9985/3993
f 4059/9988/3994 3992/9981/3989 4207/9989/3995
f 3992/9981/3989 3991/9985/3993 4207/9989/3995
f 3994/9990/3996 3874/9991/3899 3873/9992/3875
f 3994/9990/3996 3873/9992/3875 3995/9993/3900
f 3995/9993/3900 3874/9994/3899 3993/9995/3997
f 3995/9993/3900 3993/9995/3997 3994/9990/3996
f 3863/9794/3865 3996/9996/3955 3904/9997/3862
f 3863/9794/3865 3997/9797/3907 3996/9996/3955
f 3996/9996/3955 3908/9796/3906 4000/9998/3956
f 4013/9999/3998 3996/9996/3955 3997/9797/3907
f 3905/10000/3905 3907/10001/3908 3998/10002/3910
f 3908/10003/3906 3998/10002/3910 4000/10004/3956
f 3923/10005/3921 3924/10006/3920 3922/10007/3999
f 3900/10008/3922 3922/10007/3999 3868/10009/3873
f 3924/10006/3920 3871/10010/3872 3922/10007/3999
f 3871/10010/3872 3868/10009/3873 3922/10007/3999
f 3968/9936/3945 3970/10011/3946 3971/10012/3971
f 3971/9934/3971 3970/10013/3946 3969/9935/3970
f 3907/10014/3908 3909/10015/3909 3933/10016/3928
f 3933/10016/3928 3909/10015/3909 3979/10017/3978
f 3933/10016/3928 3979/10017/3978 3977/10018/3929
f 3977/10018/3929 3934/10019/3927 3933/10016/3928
f 3999/10020/4000 3998/10002/3910 3933/10021/3928
f 3933/10021/3928 3998/10002/3910 3907/10001/3908
f 3933/10021/3928 3930/10022/3925 3999/10020/4000
f 3930/10022/3925 3998/10002/3910 3999/10020/4000
f 4001/10023/3948 4002/10024/4001 3950/10025/3951
f 4009/10026/4002 3950/10025/3951 4002/10024/4001
f 4001/10023/3948 4021/10027/4003 4002/10024/4001
f 4021/10027/4003 4001/10023/3948 4009/10028/4002
f 3870/10029/3874 3871/10030/3872 4003/10031/4004
f 4004/10032/4005 4003/10031/4004 3871/10030/3872
f 4004/10033/4005 3870/10029/3874 4003/10034/4004
f 3923/10005/3921 4007/10035/4006 3900/10036/3922
f 3922/10037/3999 3900/10036/3922 4005/10038/4007
f 4008/10039/4008 3922/10037/3999 4005/10038/4007
f 4006/10040/4009 4008/10039/4008 4005/10038/4007
f 4006/10040/4009 4005/10038/4007 4007/10035/4006
f 4007/10035/4006 4005/10038/4007 3900/10036/3922
f 4008/10041/4008 4007/10035/4006 3922/10007/3999
f 3922/10007/3999 4007/10035/4006 3923/10005/3921
f 4000/10042/3956 3932/10043/3926 3979/10044/3978
f 3979/10044/3978 3932/10043/3926 3977/10045/3929
f 3932/10046/3926 4000/10004/3956 3998/10002/3910
f 4009/10028/4002 4001/10023/3948 3949/10047/3950
f 3950/10048/3951 4009/10028/4002 3949/10047/3950
f 3997/10049/3907 3908/10050/3906 4011/10051/4010
f 3908/10050/3906 3996/10052/3955 4011/10051/4010
f 3996/10052/3955 4010/10053/4011 4011/10051/4010
f 4012/10054/4012 4011/10051/4010 4010/10053/4011
f 4018/10055/4013 4011/10051/4010 4012/10056/4012
f 4018/10055/4013 4012/10056/4012 4014/10057/4014
f 4018/10055/4013 4014/10057/4014 4015/10058/4015
f 4018/10055/4013 4015/10058/4015 4016/10059/4016
f 4016/10059/4016 4015/10058/4015 4017/10060/4017
f 4017/10060/4017 4014/10061/4014 4012/10056/4012
f 4016/10059/4016 4017/10060/4017 4012/10056/4012
f 4018/10055/4013 4013/10062/3998 4011/10051/4010
f 4010/10063/4011 4013/10062/3998 4012/10056/4012
f 4016/10059/4016 4013/10062/3998 4018/10055/4013
f 4013/10062/3998 4010/10063/4011 3996/10064/3955
f 3997/10049/3907 4011/10051/4010 4013/10062/3998
f 3060/9729/3072 4025/9843/3931 3899/9924/3903
f 4020/10065/4018 4009/10066/4002 4002/10067/4001
f 4020/10065/4018 4002/10067/4001 4021/10068/4003
f 4021/10068/4003 4009/10066/4002 4019/10069/4019
f 4020/10065/4018 4019/10069/4019 4009/10066/4002
f 4004/10070/4005 4022/10071/4020 3924/10072/3920
f 4022/10071/4020 4004/10070/4005 3871/10073/3872
f 4022/10071/4020 3871/10073/3872 3924/10072/3920
f 3924/10072/3920 3870/10074/3874 4004/10070/4005
f 3890/9818/3888 3920/9820/3918 3919/9816/3917
f 4025/10075/3931 4024/10076/3904 3899/10077/3903
f 3921/9815/3916 4027/9846/3934 3917/9813/3915
f 4027/9846/3934 4488/10078/4021 3917/9813/3915
f 4033/10079/3897 3895/10080/3893 4028/10081/3898
f 3897/10082/3896 4029/10083/4022 4028/10084/3898
f 4033/10079/3897 4029/10083/4022 3897/10082/3896
f 4028/10081/3898 4030/10085/4023 4033/10079/3897
f 4033/10079/3897 4030/10085/4023 4031/10086/4024
f 4031/10086/4024 4155/10087/4025 4032/10088/4026
f 4032/10088/4026 4155/10087/4025 4030/10085/4023
f 4032/10088/4026 4030/10085/4023 4028/10089/3898
f 4032/10088/4026 4028/10089/3898 4029/10083/4022
f 4029/10083/4022 4033/10079/3897 4032/10088/4026
f 4031/10086/4024 4032/10088/4026 4033/10079/3897
f 3892/9819/3889 3882/10090/3686 3926/9822/3685
f 3950/10091/3951 4035/10092/3954 4034/10093/4027
f 4034/10093/4027 4036/10094/4028 4083/10095/4029
f 4034/10093/4027 4083/10095/4029 3950/10091/3951
f 4083/10095/4029 3948/10096/3949 3950/10091/3951
f 3948/10096/3949 4083/10095/4029 4035/10097/3954
f 3874/9991/3899 3994/9990/3996 4037/10098/4030
f 3993/10099/3997 3874/9991/3899 4037/10098/4030
f 4037/10100/4030 4071/10101/4031 3993/9995/3997
f 3993/9995/3997 4071/10101/4031 3994/9990/3996
f 4008/10041/4008 4038/10102/4032 4007/10035/4006
f 4008/10041/4008 4006/10103/4009 4038/10102/4032
f 4038/10102/4032 4048/10104/4033 4007/10035/4006
f 4007/10035/4006 4048/10104/4033 4006/10040/4009
f 3960/10105/3960 3959/10106/3958 4039/10107/4034
f 4039/10107/4034 3959/10106/3958 4040/10108/4035
f 4040/10108/4035 4041/10109/4036 4039/10107/4034
f 4041/10109/4036 4042/10110/4037 4039/10107/4034
f 4040/10111/4035 3959/10112/3958 4042/10110/4037
f 3959/10112/3958 4043/10113/3961 4042/10110/4037
f 4042/10110/4037 4043/10113/3961 4039/10107/4034
f 3960/10105/3960 4039/10107/4034 4046/10114/4038
f 4045/10115/4039 4043/10113/3961 4046/10114/4038
f 4046/10116/4038 4043/10113/3961 3960/10117/3960
f 4047/10118/4040 4046/10114/4038 4039/10107/4034
f 4043/10113/3961 4047/10118/4040 4039/10107/4034
f 4043/10113/3961 4045/10115/4039 4047/10118/4040
f 3892/10119/3889 4014/10057/4014 3891/10120/3690
f 3890/10121/3888 4014/10057/4014 4044/10122/4041
f 4014/10057/4014 3890/10121/3888 3891/10120/3690
f 3890/10123/3888 4015/10058/4015 3892/10119/3889
f 3890/10123/3888 4044/10124/4041 4015/10058/4015
f 4044/10125/4041 4017/10060/4017 4015/10058/4015
f 4026/10126/4042 4025/10075/3931 4077/10127/3930
f 4026/10126/4042 4077/10127/3930 4035/10128/3954
f 4026/10126/4042 4035/10128/3954 3917/9813/3915
f 4047/10129/4040 4045/10130/4039 4046/10131/4038
f 4006/10132/4009 4048/10133/4033 4103/10134/4043
f 4048/10133/4033 4038/10135/4032 4050/10136/4044
f 4048/10133/4033 4050/10136/4044 4103/10134/4043
f 4006/10132/4009 4103/10134/4043 4038/10137/4032
f 4038/10135/4032 4049/10138/4045 4050/10136/4044
f 4103/10134/4043 4049/10139/4045 4038/10137/4032
f 4060/10140/3965 3965/10141/3963 3964/10142/3966
f 4060/10140/3965 3964/10142/3966 4051/10143/4046
f 4055/10144/4047 3964/10145/3966 4053/10146/4048
f 4055/10144/4047 4051/10147/4046 3964/10145/3966
f 4051/10148/4046 4054/10149/4049 4053/10146/4048
f 4053/10146/4048 4054/10149/4049 4062/10150/4050
f 4053/10146/4048 4062/10150/4050 4055/10144/4047
f 4055/10144/4047 4054/10149/4049 4051/10147/4046
f 3989/10151/3992 3990/10152/3991 4056/10153/4051
f 3989/10151/3992 4056/10153/4051 4057/10154/4052
f 4057/10155/4052 4066/10156/4053 4058/10157/3990
f 4058/10157/3990 3989/10158/3992 4057/10155/4052
f 4058/10157/3990 4066/10156/4053 4056/10153/4051
f 3990/10152/3991 4058/10157/3990 4056/10153/4051
f 4059/9988/3994 4058/10159/3990 3992/9981/3989
f 3992/9981/3989 3947/9980/3988 3991/9985/3993
f 3892/10119/3889 4015/10058/4015 4014/10057/4014
f 4017/10160/4017 4044/10122/4041 4014/10057/4014
f 4060/10161/3965 4041/10162/4036 4040/10163/4035
f 4060/10161/3965 4040/10163/4035 3963/10164/3964
f 3963/10164/3964 4040/10163/4035 3964/10165/3966
f 4062/10166/4050 3964/10165/3966 4040/10163/4035
f 3964/10165/3966 4062/10166/4050 4052/10167/4054
f 4062/10166/4050 4040/10163/4035 4061/10168/4055
f 3964/10165/3966 4052/10167/4054 4053/10169/4048
f 4053/10169/4048 4052/10167/4054 4051/10170/4046
f 4051/10171/4046 4052/10172/4054 4061/10168/4055
f 4040/10163/4035 4051/10171/4046 4061/10168/4055
f 4040/10163/4035 4042/10173/4037 4051/10171/4046
f 4051/10171/4046 4042/10173/4037 4041/10174/4036
f 4063/10175/4056 4060/10161/3965 4051/10176/4046
f 4041/10177/4036 4063/10175/4056 4051/10176/4046
f 4064/10178/4057 4065/10179/4058 4056/10180/4051
f 4066/10181/4053 4064/10178/4057 4056/10180/4051
f 4066/10182/4053 4065/10179/4058 4064/10178/4057
f 4023/10183/4059 4068/10184/4060 4072/10185/4061
f 4023/10183/4059 4072/10185/4061 4067/10186/4062
f 4023/10183/4059 4067/10186/4062 4068/10184/4060
f 4069/10187/4063 4068/10184/4060 4067/10186/4062
f 4069/10187/4063 4067/10186/4062 4071/10188/4031
f 4070/10189/4064 4067/10186/4062 4072/10185/4061
f 4037/10190/4030 4070/10189/4064 4072/10185/4061
f 4072/10185/4061 4071/10191/4031 4037/10190/4030
f 4070/10192/4064 4071/10191/4031 4067/10193/4062
f 4069/10194/4063 4071/10191/4031 4072/10185/4061
f 4041/10195/4036 4075/10196/4065 4063/10197/4056
f 4063/10197/4056 4075/10196/4065 4060/10198/3965
f 4075/10196/4065 4074/10199/4066 4060/10198/3965
f 4074/10199/4066 4041/10200/4036 4060/10198/3965
f 4075/10201/4065 4041/10200/4036 4073/10202/4067
f 4041/10200/4036 4074/10199/4066 4073/10202/4067
f 4012/10056/4012 4013/10062/3998 4016/10059/4016
f 4052/10167/4054 4062/10166/4050 4054/10203/4049
f 4062/10166/4050 4061/10168/4055 4076/10204/4068
f 4052/10172/4054 4054/10205/4049 4061/10168/4055
f 4061/10206/4055 4054/10207/4049 4076/10208/4068
f 4101/10209/4069 4054/10207/4049 4055/10210/4047
f 4101/10209/4069 4102/10211/4070 4076/10208/4068
f 4076/10208/4068 4055/10212/4047 4062/10213/4050
f 4076/10208/4068 4054/10207/4049 4101/10209/4069
f 3917/10214/3915 4035/10215/3954 4036/10216/4028
f 4077/10217/3930 4034/10218/4027 4035/10219/3954
f 4077/10217/3930 3917/10214/3915 4036/10216/4028
f 4034/10218/4027 4077/10217/3930 4079/10220/4071
f 4081/10221/4072 4077/10217/3930 4036/10216/4028
f 4078/10222/4073 4081/10221/4072 4036/10216/4028
f 4079/10223/4071 4080/10224/4074 4078/10222/4073
f 4081/10225/4072 4078/10222/4073 4082/10226/4075
f 4082/10226/4075 4078/10222/4073 4080/10224/4074
f 4081/10227/4072 4080/10224/4074 4079/10223/4071
f 4152/10228/4076 4083/10229/4029 4036/10230/4028
f 4084/10231/4077 4152/10228/4076 4036/10230/4028
f 4035/10232/3954 4083/10233/4029 4084/10231/4077
f 4035/10232/3954 4084/10231/4077 4036/10230/4028
f 4034/10234/4027 4079/10223/4071 4036/10216/4028
f 4078/10222/4073 4036/10216/4028 4079/10223/4071
f 4079/10223/4071 4077/10235/3930 4081/10227/4072
f 4085/10236/4078 4037/10237/4030 3994/10238/3996
f 4070/10239/4064 4037/10237/4030 4088/10240/4079
f 4070/10241/4064 4085/10236/4078 4071/10242/4031
f 4085/10236/4078 4070/10241/4064 4086/10243/4080
f 4086/10243/4080 4070/10241/4064 4088/10244/4079
f 4085/10236/4078 4198/10245/4081 4087/10246/4082
f 4085/10236/4078 4088/10240/4079 4037/10237/4030
f 4087/10246/4082 4088/10240/4079 4085/10236/4078
f 4085/10236/4078 4086/10243/4080 4198/10245/4081
f 3994/10238/3996 4071/10242/4031 4085/10236/4078
f 4019/10247/4019 4020/10248/4018 4089/10249/4083
f 4089/10249/4083 4020/10248/4018 4160/10250/4084
f 4019/10251/4019 4089/10252/4083 4021/10253/4003
f 4021/10253/4003 4160/10250/4084 4020/10248/4018
f 4090/10254/4085 4021/10253/4003 4089/10252/4083
f 4090/10254/4085 4160/10250/4084 4021/10253/4003
f 4091/10255/4086 4092/10256/4087 4093/10257/4088
f 4093/10257/4088 4094/10258/4089 4091/10255/4086
f 4094/10259/4089 4095/10260/4090 4092/10256/4087
f 4095/10260/4090 4094/10259/4089 4096/10261/4091
f 4092/10256/4087 4095/10260/4090 4093/10257/4088
f 4095/10262/4090 4096/10263/4091 4098/10264/4092
f 4093/10257/4088 4095/10260/4090 4097/10265/4093
f 4095/10260/4090 4098/10266/4092 4097/10265/4093
f 4096/10263/4091 4093/10257/4088 4097/10265/4093
f 4097/10265/4093 4099/10267/4094 4096/10263/4091
f 4096/10263/4091 4099/10267/4094 4098/10264/4092
f 4097/10265/4093 4180/10268/4095 4099/10267/4094
f 4097/10265/4093 4098/10266/4092 4180/10268/4095
f 4099/10267/4094 4180/10268/4095 4165/10269/4096
f 4100/10270/4097 4099/10267/4094 4165/10269/4096
f 4100/10270/4097 4180/10271/4095 4098/10264/4092
f 4098/10264/4092 4099/10267/4094 4100/10270/4097
f 4094/10258/4089 4093/10257/4088 4096/10263/4091
f 3984/10272/3984 3986/10273/3981 4101/10274/4069
f 3986/10273/3981 3985/10275/3985 4101/10274/4069
f 4101/10274/4069 3985/10275/3985 4145/10276/4098
f 4101/10274/4069 4145/10276/4098 4144/10277/4099
f 4145/10278/4098 3985/10279/3985 4102/10280/4070
f 4102/10280/4070 3985/10279/3985 3984/10272/3984
f 4102/10280/4070 3984/10272/3984 4076/10281/4068
f 4076/10281/4068 3984/10272/3984 4055/10282/4047
f 4055/10282/4047 3984/10272/3984 4101/10274/4069
f 4049/10138/4045 4105/10283/4100 4050/10136/4044
f 4105/10283/4100 4049/10138/4045 4104/10284/4101
f 4050/10136/4044 4105/10283/4100 4103/10134/4043
f 4049/10139/4045 4103/10134/4043 4104/10285/4101
f 4104/10285/4101 4103/10134/4043 4105/10283/4100
f 4069/10286/4063 4106/10287/4102 4112/10288/4103
f 4069/10286/4063 4112/10288/4103 4068/10289/4060
f 4112/10288/4103 4110/10290/4104 4068/10289/4060
f 4068/10289/4060 4110/10290/4104 4106/10291/4102
f 4072/10292/4061 4106/10291/4102 4069/10293/4063
f 4072/10292/4061 4068/10289/4060 4106/10291/4102
f 4091/10294/4086 4107/10295/4105 4092/10296/4087
f 4092/10296/4087 4107/10295/4105 4094/10297/4089
f 4091/10294/4086 4094/10297/4089 4108/10298/4106
f 4108/10298/4106 4094/10297/4089 4107/10295/4105
f 4109/10299/4107 4107/10295/4105 4091/10294/4086
f 4091/10294/4086 4108/10298/4106 4109/10299/4107
f 4111/10300/4108 4106/10301/4102 4110/10302/4104
f 4111/10303/4108 4112/10304/4103 4106/10305/4102
f 4257/10306/4109 4147/10307/4110 4113/10308/4111
f 4258/10309/4112 4147/10307/4110 4115/10310/4113
f 4115/10310/4113 4147/10307/4110 4257/10306/4109
f 4113/10308/4111 4114/10311/4114 4258/10312/4112
f 4147/10313/4110 4258/10312/4112 4114/10311/4114
f 4125/10314/4115 4117/10315/4116 4127/10316/4117
f 4117/10315/4116 4119/10317/4118 4127/10316/4117
f 4117/10315/4116 4126/10318/4119 4118/10319/4120
f 4118/10319/4120 4126/10318/4119 4116/10320/4121
f 4118/10319/4120 4119/10317/4118 4117/10315/4116
f 4119/10317/4118 4116/10321/4121 4126/10322/4119
f 4088/10323/4079 4120/10324/4122 4086/10325/4080
f 4124/10326/4123 4107/10295/4105 4109/10299/4107
f 4107/10295/4105 4124/10326/4123 4108/10327/4106
f 4108/10298/4106 4122/10328/4124 4109/10299/4107
f 4124/10326/4123 4121/10329/4125 4108/10327/4106
f 4108/10327/4106 4121/10329/4125 4122/10330/4124
f 4121/10329/4125 4123/10331/4126 4122/10330/4124
f 4123/10331/4126 4073/10332/4067 4122/10330/4124
f 4123/10331/4126 4121/10329/4125 4124/10326/4123
f 4075/10333/4065 4123/10331/4126 4074/10334/4066
f 4074/10334/4066 4123/10331/4126 4124/10326/4123
f 4073/10335/4067 4074/10334/4066 4122/10328/4124
f 4124/10326/4123 4122/10328/4124 4074/10334/4066
f 4122/10328/4124 4124/10326/4123 4109/10299/4107
f 4125/10314/4115 4126/10318/4119 4117/10315/4116
f 4127/10316/4117 4119/10317/4118 4126/10322/4119
f 4057/10154/4052 4056/10153/4051 4065/10336/4058
f 4125/10337/4115 4127/10338/4117 4075/10339/4065
f 4126/10340/4119 4125/10337/4115 4075/10339/4065
f 4075/10339/4065 4127/10338/4117 4128/10341/4127
f 4127/10338/4117 4126/10342/4119 4128/10341/4127
f 4073/10343/4067 4128/10341/4127 4126/10342/4119
f 4073/10343/4067 4126/10342/4119 4075/10344/4065
f 4128/10341/4127 4073/10343/4067 4205/10345/4128
f 4131/10346/4129 4132/10347/4130 4130/10348/4131
f 4131/10346/4129 4130/10348/4131 4129/10349/4132
f 4132/10350/4130 4131/10351/4129 4129/10349/4132
f 4132/10347/4130 4129/10349/4132 4130/10348/4131
f 4143/10352/4133 4133/10353/4134 4134/10354/4135
f 4134/10354/4135 4133/10353/4134 4137/10355/4136
f 4134/10354/4135 4137/10355/4136 4136/10356/4137
f 4137/10355/4136 4133/10353/4134 4135/10357/4138
f 4140/10358/4139 4136/10356/4137 4137/10355/4136
f 4137/10355/4136 4135/10357/4138 4138/10359/4140
f 4136/10360/4137 4140/10361/4139 4135/10357/4138
f 4139/10362/4141 4137/10355/4136 4138/10359/4140
f 4140/10361/4139 4138/10359/4140 4135/10357/4138
f 4133/10353/4134 4143/10352/4133 4141/10363/4142
f 4133/10353/4134 4141/10363/4142 4135/10357/4138
f 4135/10357/4138 4141/10363/4142 4134/10364/4135
f 4142/10365/4143 4134/10364/4135 4141/10363/4142
f 4142/10366/4143 4143/10352/4133 4134/10354/4135
f 4135/10357/4138 4134/10364/4135 4136/10360/4137
f 4144/10367/4099 4145/10368/4098 4102/10369/4070
f 4101/10370/4069 4144/10371/4099 4102/10372/4070
f 4024/9787/3904 4146/10373/4144 4219/9783/3901
f 4342/9833/3924 4219/9783/3901 4146/10373/4144
f 4111/10300/4108 4110/10302/4104 4114/10374/4114
f 4114/10374/4114 4110/10302/4104 4112/10304/4103
f 4114/10374/4114 4112/10304/4103 4147/10307/4110
f 4147/10307/4110 4112/10304/4103 4111/10303/4108
f 4147/10307/4110 4111/10303/4108 4113/10308/4111
f 4114/10374/4114 4113/10375/4111 4111/10376/4108
f 4148/10377/4145 4031/10086/4024 4030/10085/4023
f 4142/10378/4143 4141/10379/4142 4150/10380/4146
f 4141/10379/4142 4149/10381/4147 4150/10380/4146
f 4141/10382/4142 4143/10383/4133 4149/10384/4147
f 4149/10384/4147 4143/10383/4133 4142/10378/4143
f 4169/10385/4148 4084/10386/4077 4083/10387/4029
f 4151/10388/4149 4152/10389/4076 4153/10390/4150
f 4083/10387/4029 4152/10389/4076 4151/10388/4149
f 4089/10391/4083 4081/10227/4072 4082/10392/4075
f 4089/10391/4083 4082/10392/4075 4162/10393/4151
f 4089/10391/4083 4163/10394/4152 4081/10227/4072
f 4080/10224/4074 4162/10395/4151 4082/10226/4075
f 4163/10394/4152 4162/10395/4151 4080/10224/4074
f 4163/10394/4152 4080/10224/4074 4081/10227/4072
f 4155/10396/4025 4148/10397/4145 4030/10398/4023
f 4031/10399/4024 4148/10400/4145 4154/10401/4153
f 4148/10397/4145 4155/10396/4025 4156/10402/4154
f 4155/10396/4025 4031/10399/4024 4156/10402/4154
f 4156/10402/4154 4031/10399/4024 4154/10401/4153
f 4157/10403/4155 4156/10402/4154 4154/10401/4153
f 4148/10397/4145 4156/10402/4154 4157/10403/4155
f 4157/10404/4155 4154/10401/4153 4148/10400/4145
f 4066/10182/4053 4159/10405/4156 4065/10179/4058
f 4065/10179/4058 4159/10405/4156 4057/10406/4052
f 4066/10182/4053 4158/10407/4157 4159/10405/4156
f 4159/10405/4156 4258/10408/4112 4256/10409/4158
f 4256/10409/4158 4158/10410/4157 4066/10411/4053
f 4256/10409/4158 4066/10411/4053 4057/10406/4052
f 4256/10409/4158 4057/10406/4052 4159/10405/4156
f 4090/10412/4085 4161/10413/4159 4200/10414/4160
f 4090/10412/4085 4200/10414/4160 4160/10415/4084
f 4162/10416/4151 4160/10415/4084 4161/10417/4159
f 4162/10416/4151 4161/10417/4159 4090/10418/4085
f 4162/10416/4151 4090/10418/4085 4089/10419/4083
f 4162/10416/4151 4163/10420/4152 4160/10415/4084
f 4089/10421/4083 4160/10415/4084 4163/10420/4152
f 4118/10422/4120 4164/10423/4161 4119/10424/4118
f 4118/10422/4120 4116/10425/4121 4181/10426/4162
f 4164/10427/4161 4116/10425/4121 4119/10428/4118
f 4164/10427/4161 4118/10429/4120 4100/10430/4097
f 4116/10425/4121 4164/10427/4161 4181/10426/4162
f 4118/10422/4120 4181/10426/4162 4100/10431/4097
f 4165/10432/4096 4181/10426/4162 4164/10427/4161
f 4165/10432/4096 4164/10427/4161 4100/10430/4097
f 4166/10433/4163 4168/10434/4164 4167/10435/4165
f 4083/10436/4029 4151/10437/4149 4169/10438/4148
f 4152/10439/4076 4084/10440/4077 4153/10441/4150
f 4153/10441/4150 4084/10440/4077 4169/10438/4148
f 4151/10437/4149 4153/10442/4150 4170/10443/4166
f 4169/10438/4148 4151/10437/4149 4170/10443/4166
f 4170/10444/4166 4153/10441/4150 4171/10445/4167
f 4171/10445/4167 4172/10446/4168 4259/10447/4169
f 4169/10438/4148 4170/10443/4166 4172/10446/4168
f 4172/10446/4168 4171/10445/4167 4153/10441/4150
f 4153/10441/4150 4169/10438/4148 4172/10446/4168
f 4175/10448/4170 4173/10449/4171 4174/10450/4172
f 4173/10449/4171 4175/10448/4170 4174/10450/4172
f 4230/10451/4173 4026/10126/4042 3917/9813/3915
f 3917/9813/3915 4488/10078/4021 4230/10451/4173
f 4230/10451/4173 4488/10078/4021 4176/10452/4174
f 4025/10075/3931 4026/10126/4042 4230/10451/4173
f 4146/10453/4144 4024/10076/3904 4025/10075/3931
f 4336/10454/4175 4230/10451/4173 4229/10455/4176
f 4230/10451/4173 4336/10454/4175 4146/10453/4144
f 4025/10075/3931 4230/10451/4173 4146/10453/4144
f 4120/10456/4122 4088/10457/4079 4186/10458/4177
f 4088/10457/4079 4087/10459/4082 4186/10458/4177
f 4186/10458/4177 4087/10459/4082 4177/10460/4178
f 4177/10460/4178 4087/10459/4082 4178/10461/4179
f 4186/10458/4177 4178/10462/4179 4120/10456/4122
f 4087/10463/4082 4120/10456/4122 4178/10462/4179
f 4086/10464/4080 4120/10456/4122 4087/10463/4082
f 4160/10415/4084 4200/10414/4160 4199/10465/4180
f 4199/10465/4180 4161/10417/4159 4160/10415/4084
f 4142/10378/4143 4180/10466/4095 4149/10384/4147
f 4180/10466/4095 4142/10378/4143 4150/10380/4146
f 4180/10466/4095 4150/10380/4146 4179/10467/4181
f 4149/10384/4147 4181/10468/4162 4150/10469/4146
f 4149/10384/4147 4180/10466/4095 4181/10468/4162
f 4150/10469/4146 4181/10468/4162 4179/10470/4181
f 4182/10471/4182 4184/10472/4183 4183/10473/4184
f 4182/10471/4182 4183/10473/4184 4184/10472/4183
f 4180/10271/4095 4100/10270/4097 4181/10474/4162
f 4165/10269/4096 4180/10268/4095 4179/10475/4181
f 4177/10476/4178 4178/10477/4179 4185/10478/4185
f 4177/10476/4178 4185/10478/4185 4186/10479/4177
f 4186/10479/4177 4185/10478/4185 4187/10480/4186
f 4178/10481/4179 4186/10479/4177 4235/10482/4187
f 4186/10479/4177 4187/10480/4186 4235/10482/4187
f 4137/10355/4136 4139/10362/4141 4140/10358/4139
f 4140/10358/4139 4139/10362/4141 4188/10483/4188
f 4188/10483/4188 4139/10362/4141 4189/10484/4189
f 4189/10484/4189 4139/10362/4141 4138/10359/4140
f 4138/10359/4140 4190/10485/4190 4191/10486/4191
f 4192/10487/4192 4194/10488/4193 4193/10489/4194
f 4193/10489/4194 4194/10488/4193 4195/10490/4195
f 4195/10490/4195 4194/10488/4193 4196/10491/4196
f 4193/10489/4194 4195/10490/4195 4206/10492/4197
f 4193/10489/4194 4206/10492/4197 4197/10493/4198
f 4197/10493/4198 4206/10492/4197 4196/10494/4196
f 4194/10495/4193 4197/10493/4198 4196/10494/4196
f 4192/10496/4192 4193/10489/4194 4197/10493/4198
f 4192/10496/4192 4197/10493/4198 4194/10495/4193
f 4086/10497/4080 4087/10498/4082 4285/10499/4199
f 4266/10500/4200 4087/10498/4082 4198/10501/4081
f 4285/10502/4199 4198/10501/4081 4086/10503/4080
f 4200/10504/4160 4161/10505/4159 4203/10506/4201
f 4199/10507/4180 4203/10508/4201 4161/10509/4159
f 4199/10507/4180 4201/10510/4202 4202/10511/4203
f 4199/10507/4180 4202/10511/4203 4203/10508/4201
f 4203/10508/4201 4202/10511/4203 4291/10512/4204
f 4291/10512/4204 4201/10513/4202 4203/10508/4201
f 4200/10504/4160 4201/10510/4202 4199/10507/4180
f 4203/10508/4201 4201/10513/4202 4200/10514/4160
f 4075/10515/4065 4128/10516/4127 4204/10517/4205
f 4075/10515/4065 4204/10517/4205 4205/10518/4128
f 4205/10518/4128 4123/10519/4126 4075/10515/4065
f 4196/10491/4196 4165/10520/4096 4195/10490/4195
f 4165/10520/4096 4206/10492/4197 4195/10490/4195
f 3991/10521/3993 4059/10522/3994 4209/10523/4206
f 4209/10523/4206 4059/10522/3994 4207/10524/3995
f 3991/10521/3993 4263/10525/4207 4207/10524/3995
f 4207/10524/3995 4263/10525/4207 4208/10526/4208
f 4209/10527/4206 4208/10528/4208 4248/10529/4209
f 4209/10527/4206 4248/10529/4209 4263/10530/4207
f 4225/10531/4210 4212/10532/4211 4210/10533/4212
f 4212/10532/4211 4226/10534/4213 4211/10535/4214
f 4212/10532/4211 4225/10531/4210 4226/10534/4213
f 4212/10536/4211 4190/10537/4190 4138/10538/4140
f 4212/10536/4211 4138/10538/4140 4140/10539/4139
f 4212/10536/4211 4140/10539/4139 4188/10540/4188
f 4212/10536/4211 4188/10540/4188 4210/10541/4212
f 4190/10537/4190 4210/10541/4212 4188/10540/4188
f 4210/10541/4212 4190/10537/4190 4211/10535/4214
f 4211/10535/4214 4190/10537/4190 4212/10532/4211
f 4128/10542/4127 4205/10543/4128 4213/10544/4215
f 4213/10545/4215 4205/10546/4128 4204/10547/4205
f 4204/10547/4205 4128/10542/4127 4214/10548/4216
f 4128/10542/4127 4213/10544/4215 4214/10548/4216
f 4213/10549/4215 4215/10550/4217 4214/10548/4216
f 4215/10550/4217 4216/10551/4218 4214/10548/4216
f 4217/10552/4219 4165/10553/4096 4179/10554/4181
f 4181/10555/4162 4165/10553/4096 4218/10556/4220
f 4179/10554/4181 4218/10557/4220 4217/10552/4219
f 4179/10554/4181 4224/10558/4221 4218/10557/4220
f 4293/10559/4222 4220/10560/4223 4222/10561/4224
f 4222/10561/4224 4220/10560/4223 4221/10562/4225
f 4224/10563/4221 4223/10564/4226 4227/10565/4227
f 4225/10566/4210 4228/10567/4228 4224/10563/4221
f 4225/10566/4210 4224/10563/4221 4226/10568/4213
f 4210/10569/4212 4211/10570/4214 4225/10571/4210
f 4211/10570/4214 4227/10565/4227 4225/10571/4210
f 4227/10565/4227 4211/10570/4214 4226/10568/4213
f 4226/10568/4213 4224/10563/4221 4227/10565/4227
f 4223/10564/4226 4228/10572/4228 4227/10565/4227
f 4227/10565/4227 4228/10572/4228 4225/10571/4210
f 4228/10567/4228 4223/10573/4226 4179/10574/4181
f 4228/10567/4228 4179/10574/4181 4181/10575/4162
f 4228/10567/4228 4181/10575/4162 4218/10576/4220
f 4224/10563/4221 4228/10567/4228 4218/10576/4220
f 4223/10564/4226 4224/10563/4221 4179/10577/4181
f 4196/10491/4196 4218/10578/4220 4165/10520/4096
f 4217/10579/4219 4218/10580/4220 4196/10494/4196
f 4206/10492/4197 4165/10520/4096 4217/10579/4219
f 4206/10492/4197 4217/10579/4219 4196/10494/4196
f 4229/10581/4176 4167/10582/4165 4168/10583/4164
f 4167/10582/4165 4229/10581/4176 4230/10584/4173
f 4229/10581/4176 4168/10583/4164 4166/10585/4163
f 4166/10585/4163 4231/10586/4229 4229/10581/4176
f 4231/10586/4229 4167/10587/4165 4230/10588/4173
f 4176/10589/4174 4231/10586/4229 4230/10588/4173
f 4229/10581/4176 4231/10586/4229 4176/10589/4174
f 4189/10590/4189 4191/10591/4191 4188/10592/4188
f 4190/10593/4190 4188/10592/4188 4191/10591/4191
f 4234/10594/4230 4191/10591/4191 4189/10590/4189
f 4234/10594/4230 4189/10590/4189 4233/10595/4231
f 4234/10596/4230 4233/10597/4231 4292/10598/4232
f 4292/10598/4232 4233/10597/4231 4232/10599/4233
f 4232/10599/4233 4191/10591/4191 4234/10594/4230
f 4232/10600/4233 4233/10595/4231 4191/10601/4191
f 4138/10602/4140 4191/10601/4191 4233/10595/4231
f 4189/10590/4189 4138/10602/4140 4233/10595/4231
f 4185/10603/4185 4178/10604/4179 4235/10605/4187
f 4185/10603/4185 4235/10605/4187 4236/10606/4234
f 4236/10606/4234 4235/10605/4187 4187/10607/4186
f 4187/10607/4186 4238/10608/4235 4237/10609/4236
f 4187/10607/4186 4237/10609/4236 4236/10606/4234
f 4236/10606/4234 4237/10609/4236 4240/10610/4237
f 4238/10611/4235 4236/10606/4234 4240/10610/4237
f 4240/10612/4237 4237/10613/4236 4239/10614/4238
f 4238/10611/4235 4239/10614/4238 4237/10613/4236
f 4240/10615/4237 4239/10614/4238 4241/10616/4239
f 4241/10617/4239 4239/10614/4238 4242/10618/4240
f 4242/10618/4240 4240/10610/4237 4241/10616/4239
f 4205/10518/4128 4073/10619/4067 4244/10620/4241
f 4205/10518/4128 4244/10620/4241 4245/10621/4242
f 4205/10518/4128 4245/10621/4242 4123/10519/4126
f 4123/10519/4126 4245/10621/4242 4243/10622/4243
f 4123/10519/4126 4243/10622/4243 4073/10623/4067
f 4073/10623/4067 4243/10622/4243 4244/10624/4241
f 4247/10625/4244 4243/10622/4243 4246/10626/4245
f 4243/10622/4243 4245/10621/4242 4246/10626/4245
f 4398/10627/4246 4246/10626/4245 4245/10621/4242
f 4243/10628/4243 4247/10629/4244 4244/10620/4241
f 4245/10621/4242 4244/10620/4241 4247/10629/4244
f 4398/10627/4246 4245/10621/4242 4247/10629/4244
f 3927/9823/3919 4248/10630/4209 3920/9820/3918
f 4248/10630/4209 4249/10631/4247 3920/9820/3918
f 3920/9820/3918 4249/10631/4247 3919/9816/3917
f 4251/10632/4248 4166/10633/4163 4167/10634/4165
f 4250/10635/4249 4166/10633/4163 4251/10632/4248
f 4231/10636/4229 4250/10635/4249 4167/10637/4165
f 4166/10633/4163 4250/10635/4249 4231/10636/4229
f 4252/10638/4250 4253/10639/4251 4254/10640/4252
f 4252/10638/4250 4254/10640/4252 4255/10641/4253
f 4252/10642/4250 4255/10641/4253 4253/10643/4251
f 4187/10644/4186 4185/10603/4185 4238/10611/4235
f 4238/10611/4235 4185/10603/4185 4236/10606/4234
f 4204/10547/4205 4214/10548/4216 4216/10551/4218
f 4204/10547/4205 4216/10551/4218 4213/10545/4215
f 4258/10645/4112 4115/10310/4113 4256/10646/4158
f 4256/10646/4158 4115/10310/4113 4158/10647/4157
f 4159/10648/4156 4158/10647/4157 4257/10306/4109
f 4159/10648/4156 4257/10306/4109 4258/10312/4112
f 4158/10647/4157 4115/10310/4113 4257/10306/4109
f 4257/10306/4109 4113/10308/4111 4258/10312/4112
f 4259/10447/4169 4172/10446/4168 4170/10443/4166
f 4259/10447/4169 4170/10444/4166 4171/10445/4167
f 4260/10649/4254 4261/10650/4255 4262/10651/4256
f 4262/10652/4256 4261/10653/4255 4260/10654/4254
f 4248/10655/4209 3927/9829/3919 4280/9832/3923
f 4280/9832/3923 3929/9785/3902 3928/10656/4257
f 4280/9832/3923 3928/10656/4257 4395/10657/4258
f 4249/10658/4247 4280/9832/3923 4395/10657/4258
f 4263/10659/4207 3991/10660/3993 4209/10661/4206
f 4198/10662/4081 4285/10663/4199 4266/10664/4200
f 4283/10665/4259 4285/10663/4199 4087/10666/4082
f 4269/10667/4260 4267/10668/4261 4343/10669/4262
f 4267/10668/4261 4269/10667/4260 4268/10670/4263
f 4267/10668/4261 4268/10670/4263 4343/10669/4262
f 4215/10671/4217 4270/10672/4264 4301/10673/4265
f 4270/10672/4264 4216/10551/4218 4271/10674/4266
f 4271/10674/4266 4216/10551/4218 4215/10550/4217
f 4306/10675/4267 4215/10550/4217 4301/10676/4265
f 4215/10550/4217 4306/10675/4267 4271/10674/4266
f 4306/10675/4267 4274/10677/4268 4271/10674/4266
f 4270/10672/4264 4271/10674/4266 4272/10678/4269
f 4273/10679/4270 4271/10674/4266 4274/10677/4268
f 4272/10678/4269 4271/10674/4266 4273/10679/4270
f 4270/10672/4264 4272/10678/4269 4274/10680/4268
f 4277/10681/4271 4273/10679/4270 4275/10682/4272
f 4277/10681/4271 4276/10683/4273 4272/10678/4269
f 4273/10679/4270 4277/10681/4271 4272/10678/4269
f 4274/10680/4268 4272/10678/4269 4276/10683/4273
f 4273/10679/4270 4274/10680/4268 4276/10683/4273
f 4275/10682/4272 4273/10679/4270 4276/10683/4273
f 4275/10682/4272 4276/10683/4273 4310/10684/4274
f 4276/10683/4273 4277/10681/4271 4310/10684/4274
f 4277/10681/4271 4275/10682/4272 4309/10685/4275
f 4213/10545/4215 4216/10551/4218 4270/10672/4264
f 4213/10545/4215 4270/10672/4264 4215/10671/4217
f 4248/10686/4209 4278/10687/4276 4249/10688/4247
f 4249/10688/4247 4278/10687/4276 4280/10689/3923
f 4280/10689/3923 4278/10687/4276 4279/10690/4277
f 4280/10689/3923 4279/10690/4277 4281/10691/4278
f 4279/10690/4277 4278/10687/4276 4248/10686/4209
f 4248/10686/4209 4281/10692/4278 4263/10693/4207
f 4248/10686/4209 4208/10694/4208 4279/10690/4277
f 4208/10695/4208 4263/10693/4207 4281/10692/4278
f 4208/10695/4208 4281/10692/4278 4282/10696/4279
f 4281/10692/4278 4248/10686/4209 4280/10697/3923
f 4167/10698/4165 4250/10699/4249 4264/10700/4280
f 4167/10701/4165 4264/10702/4280 4251/10703/4248
f 4265/10704/4281 4283/10705/4259 4266/10706/4200
f 4284/10707/4282 4283/10705/4259 4265/10708/4281
f 4284/10707/4282 4265/10708/4281 4266/10709/4200
f 4284/10707/4282 4266/10709/4200 4316/10710/4283
f 4286/10711/4284 4283/10705/4259 4284/10707/4282
f 4283/10705/4259 4286/10711/4284 4316/10712/4283
f 4287/10713/4285 4316/10712/4283 4286/10711/4284
f 4287/10713/4285 4284/10714/4282 4316/10712/4283
f 4221/10715/4225 4220/10716/4223 4293/10717/4222
f 4202/10511/4203 4201/10510/4202 4288/10718/4286
f 4201/10510/4202 4291/10719/4204 4288/10718/4286
f 4289/10720/4287 4290/10721/4288 4288/10718/4286
f 4288/10722/4286 4291/10512/4204 4289/10720/4287
f 4289/10720/4287 4291/10512/4204 4290/10721/4288
f 4202/10511/4203 4288/10718/4286 4290/10721/4288
f 4291/10512/4204 4202/10511/4203 4290/10721/4288
f 4283/10723/4259 4087/10724/4082 4266/10725/4200
f 4308/10726/4289 4232/10599/4233 4234/10594/4230
f 4232/10599/4233 4308/10726/4289 4292/10598/4232
f 4222/10727/4224 4296/10728/4290 4293/10729/4222
f 4222/10730/4224 4221/10731/4225 4296/10732/4290
f 4294/10733/4291 4293/10734/4222 4296/10732/4290
f 4293/10734/4222 4294/10733/4291 4295/10735/4292
f 4296/10732/4290 4295/10736/4292 4294/10733/4291
f 4253/10737/4251 4255/10641/4253 4297/10738/4293
f 4297/10738/4293 4255/10641/4253 4254/10640/4252
f 4298/10739/4294 4253/10737/4251 4297/10738/4293
f 4254/10640/4252 4253/10639/4251 4298/10740/4294
f 4299/10741/4295 4254/10640/4252 4298/10740/4294
f 4254/10640/4252 4299/10741/4295 4297/10738/4293
f 4299/10741/4295 4298/10740/4294 4300/10742/4296
f 4300/10743/4296 4298/10744/4294 4297/10738/4293
f 4297/10738/4293 4299/10741/4295 4300/10742/4296
f 4304/10745/4297 4301/10746/4265 4302/10747/4298
f 4303/10748/4299 4302/10747/4298 4301/10746/4265
f 4303/10748/4299 4301/10746/4265 4305/10749/4300
f 4303/10748/4299 4305/10749/4300 4304/10750/4297
f 4302/10747/4298 4303/10748/4299 4349/10751/4301
f 4303/10748/4299 4304/10750/4297 4349/10751/4301
f 4274/10752/4268 4306/10753/4267 4305/10749/4300
f 4305/10749/4300 4301/10746/4265 4270/10754/4264
f 4305/10749/4300 4270/10754/4264 4274/10752/4268
f 4208/10694/4208 4282/10755/4279 4279/10690/4277
f 4281/10691/4278 4279/10690/4277 4381/10756/4302
f 4281/10757/4278 4381/10758/4302 4282/10759/4279
f 4282/10759/4279 4381/10758/4302 4382/10760/4303
f 4382/10760/4303 4279/10690/4277 4282/10759/4279
f 4307/10761/4304 4292/10762/4232 4309/10763/4275
f 4309/10763/4275 4292/10762/4232 4308/10764/4289
f 4309/10763/4275 4308/10764/4289 4310/10765/4274
f 4310/10765/4274 4308/10764/4289 4307/10766/4304
f 4307/10766/4304 4308/10764/4289 4314/10767/4305
f 4310/10765/4274 4307/10766/4304 4275/10768/4272
f 4310/10765/4274 4277/10769/4271 4309/10763/4275
f 4307/10761/4304 4309/10763/4275 4275/10770/4272
f 4311/10771/4306 4313/10772/4307 4312/10773/4308
f 4311/10771/4306 4312/10773/4308 4313/10772/4307
f 4292/10774/4232 4314/10775/4305 4234/10776/4230
f 4234/10776/4230 4314/10775/4305 4308/10777/4289
f 4292/10778/4232 4307/10779/4304 4314/10780/4305
f 4208/10526/4208 4315/10781/4309 4207/10524/3995
f 4316/10782/4283 4266/10783/4200 4317/10784/4310
f 4266/10783/4200 4285/10785/4199 4317/10784/4310
f 4285/10786/4199 4316/10782/4283 4375/10787/4311
f 4375/10787/4311 4316/10782/4283 4317/10784/4310
f 4283/10788/4259 4316/10789/4283 4285/10785/4199
f 4239/10614/4238 4238/10611/4235 4242/10618/4240
f 4242/10618/4240 4238/10611/4235 4240/10610/4237
f 4342/10790/3924 4146/10791/4144 4319/10792/4312
f 4342/10790/3924 4319/10792/4312 4318/10793/4313
f 4320/10794/4314 4319/10792/4312 4452/10795/4315
f 4318/10793/4313 4320/10796/4314 4365/10797/4316
f 4321/10798/4317 4318/10793/4313 4365/10797/4316
f 4322/10799/4318 4489/10800/4319 4323/10801/4320
f 4323/10801/4320 4729/10802/4321 4322/10799/4318
f 4322/10799/4318 4729/10802/4321 4324/10803/4322
f 4325/10804/4323 4391/10805/4324 4321/10798/4317
f 4321/10798/4317 4322/10799/4318 4324/10803/4322
f 4321/10798/4317 4324/10803/4322 4325/10804/4323
f 4324/10803/4322 4327/10806/4325 4326/10807/4326
f 4326/10807/4326 4327/10806/4325 4328/10808/4327
f 4326/10807/4326 4330/10809/4328 4324/10803/4322
f 4326/10807/4326 4329/10810/4329 4835/10811/4330
f 4330/10809/4328 4326/10807/4326 4835/10812/4330
f 4324/10803/4322 4330/10809/4328 4331/10813/4331
f 4371/10814/4332 4332/10815/4333 4330/10809/4328
f 4332/10815/4333 4331/10813/4331 4330/10809/4328
f 4331/10813/4331 4730/10816/4334 4325/10804/4323
f 4324/10803/4322 4331/10813/4331 4325/10804/4323
f 4335/10817/4335 4333/10818/4336 4334/10819/4337
f 4249/10631/4247 4396/9844/3932 3919/9816/3917
f 4363/10820/4338 4146/10821/4144 4336/10822/4175
f 4336/10822/4175 4229/10823/4176 4176/10824/4174
f 4337/10825/4339 4338/10826/4340 4339/10827/4341
f 4339/10827/4341 4338/10826/4340 4340/10828/4342
f 4340/10828/4342 4338/10826/4340 4341/10829/4343
f 4302/10830/4298 4337/10831/4339 4340/10832/4342
f 4337/10831/4339 4302/10830/4298 4338/10833/4340
f 4338/10833/4340 4302/10830/4298 4349/10834/4301
f 4302/10830/4298 4340/10832/4342 4304/10835/4297
f 4340/10832/4342 4349/10836/4301 4304/10835/4297
f 4349/10836/4301 4340/10832/4342 4348/10837/4344
f 4335/10838/4335 4334/10839/4337 4333/10840/4336
f 4284/10707/4282 4287/10713/4285 4407/10841/4345
f 4286/10711/4284 4284/10707/4282 4407/10841/4345
f 4317/10842/4310 4285/10843/4199 4343/10844/4262
f 4268/10845/4263 4317/10842/4310 4343/10844/4262
f 4375/10846/4311 4317/10842/4310 4268/10845/4263
f 4343/10844/4262 4375/10847/4311 4269/10848/4260
f 4285/10843/4199 4375/10847/4311 4343/10844/4262
f 4221/10731/4225 4293/10729/4222 4295/10736/4292
f 4221/10731/4225 4295/10736/4292 4296/10732/4290
f 4337/10849/4339 4345/10850/4346 4344/10851/4347
f 4337/10849/4339 4344/10851/4347 4340/10852/4342
f 4340/10852/4342 4344/10851/4347 4377/10853/4348
f 4340/10852/4342 4377/10853/4348 4412/10854/4349
f 4340/10852/4342 4412/10854/4349 4345/10850/4346
f 4345/10850/4346 4412/10854/4349 4344/10851/4347
f 4340/10852/4342 4345/10850/4346 4339/10855/4341
f 4346/10856/4350 4250/10699/4249 4251/10703/4248
f 4250/10699/4249 4346/10856/4350 4264/10700/4280
f 4337/10857/4339 4339/10858/4341 4377/10859/4348
f 4339/10858/4341 4341/10860/4343 4377/10859/4348
f 4377/10859/4348 4341/10860/4343 4338/10861/4340
f 4377/10859/4348 4338/10861/4340 4347/10862/4351
f 4347/10862/4351 4338/10861/4340 4349/10863/4301
f 4348/10864/4344 4347/10862/4351 4357/10865/4352
f 4350/10866/4353 4348/10864/4344 4357/10865/4352
f 4350/10866/4353 4351/10867/4354 4353/10868/4355
f 4351/10867/4354 4352/10869/4356 4354/10870/4357
f 4353/10871/4355 4354/10870/4357 4352/10869/4356
f 4351/10867/4354 4354/10870/4357 4355/10872/4358
f 4351/10873/4354 4355/10874/4358 4353/10871/4355
f 4356/10875/4359 4355/10872/4358 4354/10870/4357
f 4353/10871/4355 4355/10874/4358 4475/10876/4360
f 4354/10870/4357 4353/10871/4355 4475/10876/4360
f 4347/10862/4351 4349/10863/4301 4357/10865/4352
f 4349/10863/4301 4350/10877/4353 4352/10869/4356
f 4349/10863/4301 4352/10869/4356 4357/10865/4352
f 4351/10867/4354 4350/10866/4353 4357/10865/4352
f 4357/10865/4352 4352/10869/4356 4351/10867/4354
f 4352/10869/4356 4350/10877/4353 4353/10871/4355
f 4315/10878/4309 4208/10879/4208 4358/10880/4361
f 4207/10881/3995 4315/10878/4309 4209/10882/4206
f 4358/10883/4361 4208/10884/4208 4209/10882/4206
f 4315/10878/4309 4359/10885/4362 4209/10882/4206
f 4359/10885/4362 4358/10883/4361 4209/10882/4206
f 4358/10880/4361 4359/10886/4362 4315/10878/4309
f 4360/10887/4363 4361/10888/4364 4384/10889/4365
f 4146/10890/4144 4362/10891/4366 4319/10892/4312
f 4362/10893/4366 4146/10890/4144 4363/10894/4338
f 4319/10892/4312 4363/10895/4338 4452/10896/4315
f 4320/10897/4314 4364/10898/4367 4365/10899/4316
f 4362/10900/4366 4363/10901/4338 4319/10902/4312
f 4396/10903/3932 4367/10904/4368 4366/10905/3933
f 4366/10905/3933 4367/10904/4368 4371/10906/4332
f 4368/10907/4369 4367/10904/4368 4396/10903/3932
f 4367/10904/4368 4368/10907/4369 4369/10908/4370
f 4397/10909/4371 4697/10910/4372 4369/10908/4370
f 4369/10908/4370 4371/10906/4332 4367/10904/4368
f 4348/10911/4344 4350/10877/4353 4349/10863/4301
f 4373/10912/4373 4372/10913/4374 4434/10914/4375
f 4373/10912/4373 4435/10915/4376 4372/10913/4374
f 4372/10913/4374 4435/10915/4376 4434/10914/4375
f 4337/10916/4339 4377/10917/4348 4345/10918/4346
f 4347/10919/4351 4348/10920/4344 4376/10921/4377
f 4377/10917/4348 4347/10919/4351 4376/10921/4377
f 4377/10917/4348 4376/10921/4377 4409/10922/4378
f 4412/10923/4349 4376/10924/4377 4344/10925/4347
f 4377/10917/4348 4344/10925/4347 4348/10926/4344
f 4377/10917/4348 4348/10926/4344 4345/10927/4346
f 4345/10927/4346 4348/10926/4344 4339/10928/4341
f 4348/10926/4344 4344/10925/4347 4376/10924/4377
f 4378/10929/1982 4379/10930/1982 4380/10931/1982
f 4279/10932/4277 4382/10933/4303 4383/10934/4379
f 4383/10934/4379 4381/10935/4302 4279/10932/4277
f 4374/10936/4380 4360/10937/4363 4384/10938/4365
f 4360/10939/4363 4374/10936/4380 4361/10940/4364
f 4388/10941/4381 4251/10942/4248 4264/10943/4280
f 4251/10942/4248 4388/10941/4381 4386/10944/4382
f 4251/10942/4248 4386/10944/4382 4346/10945/4350
f 4388/10941/4381 4264/10943/4280 4346/10946/4350
f 4388/10941/4381 4346/10946/4350 4493/10947/4383
f 4346/10946/4350 4386/10948/4382 4493/10947/4383
f 4386/10948/4382 4389/10949/4384 4493/10947/4383
f 4493/10947/4383 4495/10950/4385 4388/10941/4381
f 4387/10951/4386 4493/10952/4383 4389/10953/4384
f 4495/10950/4385 4387/10951/4386 4388/10941/4381
f 4389/10953/4384 4388/10941/4381 4387/10951/4386
f 4386/10944/4382 4388/10941/4381 4418/10954/4387
f 3929/10955/3902 4342/10790/3924 3928/10956/4257
f 4390/10957/4388 3928/10956/4257 4342/10790/3924
f 4390/10957/4388 4391/10805/4324 4394/10958/4389
f 4392/10959/4390 4393/10960/4391 4394/10958/4389
f 4391/10805/4324 4392/10959/4390 4394/10958/4389
f 4393/10960/4391 4392/10959/4390 4730/10961/4334
f 4393/10960/4391 4730/10961/4334 4370/10962/4392
f 4394/10958/4389 4393/10960/4391 4697/10963/4372
f 4394/10958/4389 4697/10963/4372 4397/10964/4371
f 4697/10963/4372 4370/10965/4392 4369/10966/4370
f 4396/10967/3932 4249/10968/4247 4397/10969/4371
f 4368/10970/4369 4396/10967/3932 4397/10969/4371
f 4399/10971/4393 4247/10972/4244 4246/10973/4245
f 4247/10972/4244 4399/10971/4393 4398/10974/4246
f 4436/10975/4394 4246/10973/4245 4398/10976/4246
f 4246/10973/4245 4436/10975/4394 4399/10971/4393
f 4398/10977/4246 4399/10971/4393 4400/10978/4395
f 4269/10979/4260 4401/10980/4396 4268/10981/4263
f 4401/10980/4396 4269/10979/4260 4402/10982/4397
f 4375/10983/4311 4268/10984/4263 4401/10985/4396
f 4269/10979/4260 4375/10983/4311 4402/10982/4397
f 4401/10985/4396 4403/10986/4398 4375/10983/4311
f 4403/10986/4398 4401/10985/4396 4474/10987/4399
f 4403/10986/4398 4474/10987/4399 4404/10988/4400
f 4404/10988/4400 4401/10989/4396 4402/10982/4397
f 4404/10988/4400 4402/10982/4397 4403/10986/4398
f 4363/10895/4338 4336/10990/4175 4405/10991/4401
f 4385/10992/4402 4521/10993/4403 4525/10994/4404
f 4405/10991/4401 4452/10896/4315 4363/10895/4338
f 4364/10898/4367 4320/10897/4314 4452/10896/4315
f 4452/10896/4315 4406/10995/4405 4364/10898/4367
f 4380/10996/1982 4379/10997/1982 4378/10998/1982
f 4376/10999/4377 4412/11000/4349 4408/11001/4406
f 4409/11002/4378 4376/11003/4377 4408/11004/4406
f 4377/11005/4348 4409/11002/4378 4412/11000/4349
f 4412/11000/4349 4409/11002/4378 4410/11006/4407
f 4410/11006/4407 4408/11001/4406 4412/11000/4349
f 4408/11001/4406 4410/11006/4407 4411/11007/4408
f 4408/11001/4406 4411/11007/4408 4471/11008/4409
f 4471/11008/4409 4410/11009/4407 4409/11010/4378
f 4471/11008/4409 4409/11010/4378 4408/11001/4406
f 4402/10982/4397 4375/10983/4311 4403/10986/4398
f 4361/11011/4364 4413/11012/4410 4384/10938/4365
f 4374/10936/4380 4384/10938/4365 4414/11013/4411
f 4374/10936/4380 4414/11013/4411 4361/10940/4364
f 4415/11014/4412 4361/10940/4364 4414/11013/4411
f 4416/11015/4413 4415/11014/4412 4414/11013/4411
f 4384/10938/4365 4413/11012/4410 4414/11013/4411
f 4413/11012/4410 4361/11011/4364 4415/11016/4412
f 4320/10794/4314 4318/10793/4313 4319/10792/4312
f 4418/11017/4387 4389/11018/4384 4386/11019/4382
f 4389/11018/4384 4417/11020/4414 4388/11021/4381
f 4417/11020/4414 4389/11018/4384 4418/11022/4387
f 4418/11023/4387 4419/11024/4415 4423/11025/4416
f 4418/11023/4387 4420/11026/4417 4417/11027/4414
f 4418/11023/4387 4423/11025/4416 4420/11026/4417
f 4417/11027/4414 4420/11026/4417 4419/11028/4415
f 4421/11029/4418 4419/11028/4415 4422/11030/4419
f 4422/11030/4419 4423/11025/4416 4424/11031/4420
f 4423/11025/4416 4421/11032/4418 4424/11031/4420
f 4424/11031/4420 4421/11029/4418 4422/11030/4419
f 4427/11033/4421 4425/11034/4422 4443/11035/4423
f 4382/11036/4303 4425/11037/4422 4383/11038/4379
f 4427/11039/4421 4383/11038/4379 4425/11037/4422
f 4381/11040/4302 4383/11041/4379 4427/11042/4421
f 4381/11043/4302 4425/11044/4422 4382/11045/4303
f 4425/11044/4422 4381/11043/4302 4443/11046/4423
f 4427/11042/4421 4426/11047/4424 4381/11040/4302
f 4287/11048/4285 4286/11049/4284 4428/11050/4425
f 4429/11051/4426 4428/11050/4425 4286/11049/4284
f 4428/11052/4425 4442/11053/4427 4432/11054/4428
f 4432/11054/4428 4442/11053/4427 4429/11051/4426
f 4428/11050/4425 4429/11051/4426 4430/11055/4429
f 4431/11056/4430 4442/11057/4427 4428/11050/4425
f 4430/11058/4429 4429/11059/4426 4442/11057/4427
f 4431/11056/4430 4510/11060/4431 4442/11057/4427
f 4510/11060/4431 4430/11058/4429 4442/11057/4427
f 4287/11061/4285 4432/11054/4428 4407/11062/4345
f 4286/11049/4284 4432/11054/4428 4429/11051/4426
f 4286/11049/4284 4407/11062/4345 4432/11054/4428
f 4436/10975/4394 4398/10976/4246 4400/11063/4395
f 4435/11064/4376 4373/11065/4373 4433/11066/4432
f 4433/11066/4432 4373/11065/4373 4434/11067/4375
f 4433/11066/4432 4400/11068/4395 4399/11069/4393
f 4433/11066/4432 4434/11067/4375 4400/11068/4395
f 4400/11068/4395 4434/11067/4375 4435/11070/4376
f 4400/11068/4395 4435/11070/4376 4436/11071/4394
f 3928/10956/4257 4437/11072/4433 4395/11073/4258
f 4437/11072/4433 4397/10969/4371 4395/11073/4258
f 4395/11073/4258 4397/10969/4371 4249/10968/4247
f 4336/10822/4175 4176/10824/4174 4385/11074/4402
f 4385/11074/4402 4176/10824/4174 4438/11075/4434
f 4438/11075/4434 4176/10824/4174 4488/11076/4021
f 4419/11024/4415 4418/11023/4387 4388/11021/4381
f 4419/11024/4415 4388/11021/4381 4417/11020/4414
f 4432/11054/4428 4287/11061/4285 4428/11052/4425
f 4433/11066/4432 4399/11077/4393 4435/11070/4376
f 4399/11077/4393 4436/11071/4394 4435/11070/4376
f 4441/11078/4435 4439/11079/4436 4440/11080/4437
f 4441/11078/4435 4440/11080/4437 4439/11079/4436
f 4426/11081/4424 4427/11082/4421 4443/11083/4423
f 4443/11083/4423 4381/11084/4302 4444/11085/4438
f 4444/11085/4438 4381/11084/4302 4426/11086/4424
f 4426/11081/4424 4443/11083/4423 4445/11087/4439
f 4445/11087/4439 4443/11083/4423 4444/11085/4438
f 4447/11088/4440 4451/11089/4441 4446/11090/4442
f 4448/11091/4443 4451/11089/4441 4450/11092/4444
f 4448/11091/4443 4450/11092/4444 4449/11093/4445
f 4449/11093/4445 4450/11092/4444 4364/11094/4367
f 4365/11095/4316 4364/11094/4367 4450/11092/4444
f 4451/11089/4441 4447/11088/4440 4452/11096/4315
f 4447/11097/4440 4446/11098/4442 4453/11099/4446
f 4450/11100/4444 4451/11101/4441 4452/11102/4315
f 4406/11103/4405 4447/11097/4440 4453/11099/4446
f 4447/11097/4440 4406/11103/4405 4452/11102/4315
f 4406/11103/4405 4454/11104/4447 4449/11105/4445
f 4406/11103/4405 4453/11099/4446 4454/11104/4447
f 4455/11106/4448 4449/11105/4445 4454/11104/4447
f 4455/11106/4448 4454/11104/4447 4466/11107/4449
f 4453/11099/4446 4446/11098/4442 4466/11107/4449
f 4466/11107/4449 4454/11104/4447 4453/11099/4446
f 4457/11108/4450 4458/11109/4451 4461/11110/4452
f 4456/11111/4453 4457/11108/4450 4459/11112/4454
f 4459/11112/4454 4457/11108/4450 4460/11113/4455
f 4460/11113/4455 4457/11108/4450 4461/11114/4452
f 4459/11112/4454 4461/11110/4452 4456/11111/4453
f 4461/11110/4452 4458/11109/4451 4456/11111/4453
f 4457/11108/4450 4456/11111/4453 4464/11115/4456
f 4457/11108/4450 4464/11115/4456 4458/11109/4451
f 4462/11116/4457 4458/11109/4451 4464/11115/4456
f 4462/11117/4457 4463/11118/4458 4458/11109/4451
f 4484/11119/4459 4405/11120/4401 4336/11121/4175
f 4452/11122/4315 4405/11120/4401 4450/11123/4444
f 4450/11123/4444 4405/11120/4401 4465/11124/4460
f 4405/11120/4401 4484/11119/4459 4465/11124/4460
f 4321/11125/4317 4365/11126/4316 4322/11127/4318
f 4365/11126/4316 4669/11128/4461 4322/11127/4318
f 4465/11124/4460 4365/11126/4316 4450/11123/4444
f 4669/11128/4461 4365/11126/4316 4465/11124/4460
f 4446/11090/4442 4451/11089/4441 4448/11091/4443
f 4448/11091/4443 4466/11129/4449 4446/11090/4442
f 4466/11129/4449 4448/11091/4443 4455/11130/4448
f 4342/10790/3924 4318/10793/4313 4390/10957/4388
f 4318/10793/4313 4321/10798/4317 4390/10957/4388
f 4459/11131/4454 4460/11132/4455 4468/11133/4462
f 4459/11131/4454 4468/11133/4462 4467/11134/4463
f 4460/11135/4455 4461/11136/4452 4467/11134/4463
f 4459/11131/4454 4467/11134/4463 4461/11136/4452
f 4469/11137/4464 4467/11134/4463 4468/11133/4462
f 4469/11137/4464 4468/11133/4462 4460/11132/4455
f 4467/11138/4463 4469/11137/4464 4460/11132/4455
f 4430/11055/4429 4431/11056/4430 4428/11050/4425
f 4472/11139/4465 4471/11140/4409 4411/11141/4408
f 4464/11115/4456 4456/11111/4453 4463/11118/4458
f 4456/11111/4453 4458/11109/4451 4463/11118/4458
f 4473/11142/4466 4404/10988/4400 4474/10987/4399
f 4401/10985/4396 4473/11143/4466 4474/10987/4399
f 4473/11143/4466 4401/10985/4396 4404/11144/4400
f 4355/11145/4358 4356/11146/4359 4475/11147/4360
f 4354/11148/4357 4492/11149/4467 4356/11146/4359
f 4475/11147/4360 4356/11146/4359 4476/11150/4468
f 4354/11151/4357 4475/11147/4360 4492/11152/4467
f 4437/11072/4433 4390/10957/4388 4394/10958/4389
f 4477/11153/4469 4478/11154/4470 4479/11155/4471
f 4478/11154/4470 4477/11153/4469 4483/11156/4472
f 4479/11155/4471 4478/11154/4470 4480/11157/4473
f 4481/11158/4474 4480/11157/4473 4478/11154/4470
f 4482/11159/4475 4481/11158/4474 4478/11154/4470
f 4480/11160/4473 4482/11159/4475 4479/11161/4471
f 4479/11161/4471 4482/11159/4475 4483/11156/4472
f 4478/11154/4470 4483/11156/4472 4482/11159/4475
f 4477/11153/4469 4479/11161/4471 4483/11156/4472
f 4419/11028/4415 4420/11026/4417 4422/11030/4419
f 4422/11030/4419 4420/11026/4417 4423/11025/4416
f 4419/11024/4415 4421/11032/4418 4423/11025/4416
f 4437/11072/4433 3928/10956/4257 4390/10957/4388
f 4437/11072/4433 4394/10958/4389 4470/11162/4476
f 4394/10958/4389 4397/10964/4371 4470/11162/4476
f 4486/11163/4477 4487/11164/4478 4485/11165/4479
f 4487/11164/4478 4484/11166/4459 4485/11165/4479
f 4487/11164/4478 4669/11167/4461 4520/11168/4480
f 4486/11163/4477 4485/11165/4479 4522/11169/4481
f 4525/11170/4404 4484/11166/4459 4385/11171/4402
f 4336/11172/4175 4385/11171/4402 4484/11166/4459
f 4525/11173/4404 4485/11165/4479 4484/11166/4459
f 4323/11174/4320 4488/11076/4021 4027/11175/3934
f 4729/11176/4321 4323/11174/4320 4366/10905/3933
f 4490/11177/4482 4471/11178/4409 4472/11179/4465
f 4410/11180/4407 4471/11178/4409 4490/11177/4482
f 4410/11180/4407 4490/11177/4482 4491/11181/4483
f 4410/11180/4407 4491/11181/4483 4411/11182/4408
f 4491/11181/4483 4490/11177/4482 4492/11183/4467
f 4492/11183/4467 4472/11184/4465 4491/11181/4483
f 4411/11182/4408 4491/11181/4483 4472/11184/4465
f 4387/11185/4386 4494/11186/4484 4493/11187/4383
f 4494/11186/4484 4495/11188/4385 4493/11187/4383
f 4495/11188/4385 4494/11186/4484 4497/11189/4485
f 4497/11189/4485 4496/11190/4486 4495/11188/4385
f 4496/11190/4486 4497/11189/4485 4499/11191/4487
f 4497/11189/4485 4498/11192/4488 4499/11191/4487
f 4501/11193/4489 4500/11194/4490 4499/11191/4487
f 4501/11193/4489 4499/11191/4487 4502/11195/4491
f 4368/11196/4369 4501/11193/4489 4369/11197/4370
f 4369/11197/4370 4501/11193/4489 4397/11198/4371
f 4368/11199/4369 4397/11198/4371 4500/11200/4490
f 4368/11199/4369 4500/11200/4490 4501/11201/4489
f 4502/11195/4491 4397/11198/4371 4501/11193/4489
f 4397/11198/4371 4502/11195/4491 4500/11200/4490
f 4499/11191/4487 4498/11192/4488 4502/11195/4491
f 4502/11195/4491 4498/11192/4488 4500/11200/4490
f 4498/11192/4488 4496/11202/4486 4500/11200/4490
f 4496/11202/4486 4499/11203/4487 4500/11200/4490
f 4364/10898/4367 4406/11204/4405 4449/11205/4445
f 4503/11206/4492 4506/11207/4493 4504/11208/4494
f 4503/11206/4492 4504/11208/4494 4505/11209/4495
f 4505/11209/4495 4504/11208/4494 4506/11210/4493
f 4506/11210/4493 4509/11211/4496 4507/11212/4497
f 4509/11213/4496 4506/11214/4493 4508/11215/4498
f 4507/11212/4497 4509/11211/4496 4510/11216/4431
f 4507/11212/4497 4510/11216/4431 4508/11215/4498
f 4509/11211/4496 4511/11217/4499 4512/11218/4500
f 4509/11211/4496 4512/11218/4500 4510/11216/4431
f 4503/11206/4492 4505/11209/4495 4507/11212/4497
f 4507/11212/4497 4505/11209/4495 4506/11210/4493
f 4503/11206/4492 4508/11215/4498 4506/11214/4493
f 4503/11206/4492 4507/11212/4497 4508/11215/4498
f 4464/11219/4456 4463/11220/4458 4513/11221/4501
f 4463/11220/4458 4462/11222/4457 4513/11221/4501
f 4462/11222/4457 4515/11223/4502 4513/11221/4501
f 4513/11221/4501 4514/11224/4503 4464/11219/4456
f 4464/11219/4456 4514/11224/4503 4462/11225/4457
f 4462/11225/4457 4514/11224/4503 4515/11226/4502
f 4514/11224/4503 4551/11227/4504 4515/11226/4502
f 4391/10805/4324 4390/10957/4388 4321/10798/4317
f 4492/11228/4467 4475/11229/4360 4472/11230/4465
f 4356/11231/4359 4492/11228/4467 4476/11232/4468
f 4475/11229/4360 4476/11232/4468 4472/11230/4465
f 4492/11228/4467 4490/11233/4482 4476/11232/4468
f 4476/11232/4468 4490/11233/4482 4472/11230/4465
f 4518/11234/4505 4516/11235/4506 4517/11236/4507
f 4518/11237/4505 4517/11238/4507 4516/11239/4506
f 4444/11085/4438 4426/11086/4424 4570/11240/4508
f 4426/11086/4424 4445/11241/4439 4570/11240/4508
f 4444/11085/4438 4570/11240/4508 4519/11242/4509
f 4465/11243/4460 4520/11244/4480 4669/11245/4461
f 4414/11246/4411 4413/11247/4410 4416/11248/4413
f 4413/11247/4410 4415/11249/4412 4523/11250/4510
f 4416/11248/4413 4413/11247/4410 4523/11250/4510
f 4586/11251/4511 4523/11250/4510 4415/11249/4412
f 4587/11252/4512 4415/11249/4412 4416/11253/4413
f 4465/11243/4460 4484/11254/4459 4524/11255/4513
f 4524/11255/4513 4484/11256/4459 4520/11244/4480
f 4465/11243/4460 4524/11255/4513 4520/11244/4480
f 4487/11257/4478 4520/11244/4480 4484/11256/4459
f 4590/11258/4514 4385/11259/4402 4438/11260/4434
f 4385/11259/4402 4590/11258/4514 4521/11261/4403
f 4448/11091/4443 4449/11093/4445 4455/11130/4448
f 4515/11262/4502 4548/11263/4515 4513/11264/4501
f 4548/11263/4515 4514/11265/4503 4513/11264/4501
f 4497/11189/4485 4494/11186/4484 4387/11185/4386
f 4498/11192/4488 4497/11189/4485 4387/11185/4386
f 4387/11185/4386 4495/11266/4385 4496/11202/4486
f 4387/11185/4386 4496/11202/4486 4498/11192/4488
f 4528/11267/4516 4526/11268/4517 4529/11269/4518
f 4529/11269/4518 4526/11268/4517 4535/11270/4519
f 4526/11268/4517 4528/11267/4516 4527/11271/4520
f 4527/11271/4520 4530/11272/4521 4535/11273/4519
f 4530/11272/4521 4529/11274/4518 4535/11273/4519
f 4530/11272/4521 4527/11271/4520 4528/11267/4516
f 4529/11274/4518 4530/11272/4521 4562/11275/4522
f 4530/11272/4521 4528/11267/4516 4562/11275/4522
f 4529/11274/4518 4562/11275/4522 4559/11276/4523
f 4560/11277/4524 4562/11275/4522 4528/11267/4516
f 4529/11269/4518 4560/11277/4524 4528/11267/4516
f 4559/11278/4523 4560/11277/4524 4529/11269/4518
f 4535/11273/4519 4531/11279/4525 4527/11271/4520
f 4535/11273/4519 4526/11280/4517 4531/11279/4525
f 4527/11271/4520 4532/11281/4526 4526/11268/4517
f 4532/11281/4526 4527/11271/4520 4531/11279/4525
f 4533/11282/4527 4531/11283/4525 4526/11268/4517
f 4531/11283/4525 4533/11282/4527 4534/11284/4528
f 4533/11282/4527 4532/11281/4526 4613/11285/4529
f 4613/11285/4529 4532/11281/4526 4534/11286/4528
f 4531/11279/4525 4534/11286/4528 4532/11281/4526
f 4526/11268/4517 4532/11281/4526 4533/11282/4527
f 4537/11287/4530 4538/11288/4531 4536/11289/4532
f 4538/11288/4531 4540/11290/4533 4539/11291/4534
f 4538/11288/4531 4539/11291/4534 4536/11289/4532
f 4536/11289/4532 4539/11291/4534 4537/11287/4530
f 4538/11292/4531 4537/11287/4530 4541/11293/4535
f 4539/11291/4534 4541/11293/4535 4537/11287/4530
f 4541/11293/4535 4542/11294/4536 4543/11295/4537
f 4543/11295/4537 4540/11290/4533 4541/11293/4535
f 4608/11296/4538 4540/11290/4533 4543/11295/4537
f 4608/11296/4538 4542/11294/4536 4540/11290/4533
f 4542/11294/4536 4539/11291/4534 4540/11290/4533
f 4542/11294/4536 4541/11293/4535 4539/11291/4534
f 4547/11297/4539 4544/11298/4540 4546/11299/4541
f 4544/11298/4540 4545/11300/4542 4546/11299/4541
f 4550/11301/4543 4547/11302/4539 4545/11300/4542
f 4544/11298/4540 4547/11302/4539 4548/11303/4515
f 4547/11302/4539 4550/11301/4543 4548/11303/4515
f 4549/11304/4544 4548/11303/4515 4515/11305/4502
f 4551/11306/4504 4548/11303/4515 4550/11301/4543
f 4551/11306/4504 4550/11301/4543 4549/11307/4544
f 4549/11307/4544 4544/11298/4540 4548/11308/4515
f 4544/11298/4540 4549/11307/4544 4550/11301/4543
f 4549/11307/4544 4515/11309/4502 4551/11306/4504
f 4551/11306/4504 4514/11310/4503 4548/11303/4515
f 4553/11311/4545 4545/11312/4542 4552/11313/4546
f 4555/11314/4547 4546/11315/4541 4553/11316/4545
f 4555/11314/4547 4554/11317/4548 4546/11315/4541
f 4546/11315/4541 4554/11317/4548 4552/11313/4546
f 4553/11316/4545 4546/11315/4541 4545/11312/4542
f 4546/11315/4541 4552/11313/4546 4547/11318/4539
f 4552/11313/4546 4545/11312/4542 4547/11318/4539
f 4553/11319/4545 4552/11320/4546 4554/11321/4548
f 4555/11322/4547 4553/11323/4545 4556/11324/4549
f 4554/11321/4548 4538/11325/4531 4553/11319/4545
f 4554/11321/4548 4555/11322/4547 4538/11325/4531
f 4555/11322/4547 4540/11326/4533 4538/11325/4531
f 4555/11322/4547 4556/11324/4549 4541/11327/4535
f 4555/11322/4547 4541/11327/4535 4540/11326/4533
f 4538/11325/4531 4556/11324/4549 4553/11319/4545
f 4485/11328/4479 4525/11329/4404 4557/11330/4550
f 4525/11329/4404 4521/11331/4403 4557/11330/4550
f 4522/11332/4481 4485/11328/4479 4557/11330/4550
f 4557/11330/4550 4591/11333/4551 4617/11334/4552
f 4617/11334/4552 4618/11335/4553 4438/11336/4434
f 4431/11337/4430 4430/11338/4429 4558/11339/4554
f 4431/11337/4430 4558/11339/4554 4582/11340/4555
f 4431/11337/4430 4582/11340/4555 4510/11341/4431
f 4582/11340/4555 4512/11342/4500 4511/11343/4499
f 4510/11341/4431 4582/11340/4555 4511/11343/4499
f 4582/11344/4555 4430/11345/4429 4512/11346/4500
f 4512/11346/4500 4430/11345/4429 4563/11347/4556
f 4559/11348/4523 4430/11345/4429 4510/11349/4431
f 4512/11350/4500 4559/11348/4523 4510/11349/4431
f 4430/11345/4429 4559/11348/4523 4562/11351/4522
f 4563/11347/4556 4430/11345/4429 4562/11351/4522
f 4559/11352/4523 4563/11353/4556 4560/11354/4524
f 4560/11354/4524 4563/11353/4556 4561/11355/4557
f 4623/11356/4558 4562/11351/4522 4561/11355/4557
f 4562/11351/4522 4560/11354/4524 4561/11355/4557
f 4512/11346/4500 4563/11347/4556 4559/11357/4523
f 4544/11298/4540 4550/11301/4543 4545/11300/4542
f 4397/11358/4371 4566/11359/4559 4470/11360/4476
f 4437/11361/4433 4470/11362/4476 4564/11363/4560
f 4437/11361/4433 4564/11363/4560 4397/11358/4371
f 4566/11359/4559 4397/11358/4371 4564/11363/4560
f 4565/11364/4561 4567/11365/4562 4564/11363/4560
f 4567/11366/4562 4565/11367/4561 4566/11359/4559
f 4566/11359/4559 4564/11363/4560 4570/11368/4508
f 4569/11369/4563 4564/11363/4560 4567/11365/4562
f 4569/11369/4563 4567/11365/4562 4445/11370/4439
f 4511/11217/4499 4509/11211/4496 4508/11371/4498
f 4511/11217/4499 4508/11371/4498 4510/11372/4431
f 4541/11373/4535 4556/11324/4549 4538/11325/4531
f 4366/10905/3933 4323/11174/4320 4027/11175/3934
f 4444/11374/4438 4568/11375/4564 4445/11376/4439
f 4444/11374/4438 4519/11377/4509 4568/11375/4564
f 4569/11378/4563 4445/11376/4439 4568/11375/4564
f 4522/11379/4481 4488/11076/4021 4489/11380/4319
f 4488/11076/4021 4522/11379/4481 4438/11075/4434
f 4577/11381/4565 4574/11382/4566 4571/11383/4567
f 4574/11382/4566 4577/11384/4565 4572/11385/4568
f 4573/11386/4569 4571/11383/4567 4574/11382/4566
f 4571/11383/4567 4573/11386/4569 4572/11385/4568
f 4573/11386/4569 4574/11382/4566 4572/11387/4568
f 4571/11388/4567 4575/11389/4570 4576/11390/4571
f 4577/11391/4565 4571/11388/4567 4576/11390/4571
f 4577/11391/4565 4588/11392/4572 4575/11393/4570
f 4575/11393/4570 4571/11394/4567 4572/11395/4568
f 4577/11391/4565 4575/11393/4570 4572/11395/4568
f 4578/11396/4573 4568/11375/4564 4519/11377/4509
f 4570/11368/4508 4445/11397/4439 4567/11366/4562
f 4567/11366/4562 4566/11359/4559 4570/11368/4508
f 4569/11369/4563 4570/11368/4508 4564/11363/4560
f 4579/11398/4574 4581/11399/4575 4580/11400/4576
f 4581/11399/4575 4579/11398/4574 4580/11400/4576
f 4582/11401/4555 4583/11402/4577 4430/11403/4429
f 4430/11403/4429 4583/11402/4577 4558/11404/4554
f 4558/11404/4554 4583/11402/4577 4578/11405/4573
f 4569/11406/4563 4583/11402/4577 4582/11401/4555
f 4582/11401/4555 4558/11407/4554 4578/11408/4573
f 4470/11362/4476 4566/11409/4559 4565/11364/4561
f 4564/11363/4560 4470/11362/4476 4565/11364/4561
f 4617/11334/4552 4438/11336/4434 4522/11332/4481
f 4617/11334/4552 4522/11332/4481 4557/11330/4550
f 4519/11410/4509 4569/11411/4563 4578/11412/4573
f 4569/11411/4563 4519/11410/4509 4570/11413/4508
f 4586/11251/4511 4416/11248/4413 4523/11250/4510
f 4586/11251/4511 4587/11414/4512 4416/11248/4413
f 4585/11415/4578 4586/11251/4511 4415/11249/4412
f 4415/11249/4412 4587/11252/4512 4585/11415/4578
f 4586/11251/4511 4585/11415/4578 4675/11416/4579
f 4587/11414/4512 4586/11251/4511 4675/11416/4579
f 4585/11417/4578 4587/11414/4512 4693/11418/4580
f 4675/11416/4579 4693/11418/4580 4587/11414/4512
f 4576/11390/4571 4575/11393/4570 4588/11392/4572
f 4577/11391/4565 4576/11390/4571 4589/11419/4581
f 4589/11419/4581 4576/11390/4571 4607/11420/4582
f 4607/11420/4582 4576/11390/4571 4588/11392/4572
f 4589/11419/4581 4588/11392/4572 4577/11391/4565
f 4521/11261/4403 4591/11421/4551 4557/11422/4550
f 4592/11423/4583 4481/11158/4474 4482/11159/4475
f 4592/11423/4583 4593/11424/4584 4480/11157/4473
f 4480/11157/4473 4481/11158/4474 4592/11423/4583
f 4568/11425/4564 4578/11426/4573 4583/11427/4577
f 4590/11258/4514 4591/11421/4551 4521/11261/4403
f 4438/11260/4434 4618/11428/4553 4590/11258/4514
f 4583/11429/4577 4569/11411/4563 4568/11430/4564
f 4569/11411/4563 4582/11431/4555 4578/11412/4573
f 4594/11432/4585 4613/11285/4529 4534/11286/4528
f 4594/11432/4585 4534/11286/4528 4612/11433/4586
f 4533/11282/4527 4613/11285/4529 4612/11434/4586
f 4533/11282/4527 4612/11434/4586 4534/11284/4528
f 4597/11435/4587 4595/11436/4588 4596/11437/4589
f 4607/11420/4582 4588/11392/4572 4606/11438/4590
f 4589/11419/4581 4607/11420/4582 4605/11439/4591
f 4589/11419/4581 4605/11439/4591 4588/11392/4572
f 4543/11295/4537 4542/11294/4536 4598/11440/4592
f 4543/11295/4537 4598/11440/4592 4608/11296/4538
f 4542/11294/4536 4608/11296/4538 4599/11441/4593
f 4598/11440/4592 4542/11294/4536 4599/11441/4593
f 4596/11442/4589 4595/11443/4588 4597/11444/4587
f 4616/11445/4594 4600/11446/4595 4601/11447/4596
f 4605/11448/4591 4603/11449/4597 4602/11450/4598
f 4604/11451/4599 4603/11449/4597 4605/11448/4591
f 4605/11448/4591 4602/11450/4598 4606/11452/4590
f 4604/11451/4599 4605/11448/4591 4607/11453/4582
f 4604/11451/4599 4607/11453/4582 4602/11454/4598
f 4607/11453/4582 4606/11455/4590 4602/11454/4598
f 4606/11452/4590 4588/11456/4572 4605/11448/4591
f 4604/11457/4599 4602/11450/4598 4608/11458/4538
f 4603/11449/4597 4598/11459/4592 4602/11450/4598
f 4603/11449/4597 4604/11451/4599 4598/11459/4592
f 4608/11458/4538 4602/11450/4598 4599/11460/4593
f 4599/11460/4593 4602/11450/4598 4598/11459/4592
f 4604/11451/4599 4608/11461/4538 4598/11459/4592
f 4609/11462/4600 4611/11463/4601 4584/11464/4602
f 4584/11464/4602 4610/11465/4603 4609/11462/4600
f 4609/11466/4600 4610/11467/4603 4631/11468/4604
f 4614/11469/4605 4594/11432/4585 4612/11433/4586
f 4613/11285/4529 4594/11432/4585 4614/11469/4605
f 4612/11434/4586 4613/11285/4529 4615/11470/4606
f 4615/11470/4606 4613/11285/4529 4614/11469/4605
f 4488/11076/4021 4323/11174/4320 4489/11380/4319
f 4600/11471/4595 4616/11472/4594 4601/11473/4596
f 4617/11474/4552 4591/11475/4551 4590/11476/4514
f 4618/11477/4553 4617/11474/4552 4619/11478/4607
f 4619/11478/4607 4617/11474/4552 4620/11479/4608
f 4620/11479/4608 4617/11474/4552 4590/11476/4514
f 4590/11476/4514 4618/11480/4553 4620/11479/4608
f 4522/11379/4481 4489/11380/4319 4486/11481/4477
f 4563/11482/4556 4621/11483/4609 4561/11484/4557
f 4563/11482/4556 4562/11485/4522 4622/11486/4610
f 4621/11483/4609 4563/11482/4556 4622/11486/4610
f 4622/11486/4610 4562/11485/4522 4623/11487/4558
f 4623/11487/4558 4679/11488/4611 4622/11486/4610
f 4679/11488/4611 4623/11487/4558 4621/11489/4609
f 4679/11488/4611 4621/11489/4609 4678/11490/4612
f 4680/11491/4613 4622/11486/4610 4679/11488/4611
f 4624/11492/4614 4622/11486/4610 4680/11491/4613
f 4621/11483/4609 4622/11486/4610 4624/11492/4614
f 4610/11465/4603 4584/11493/4602 4611/11494/4601
f 4486/11163/4477 4669/11495/4461 4487/11164/4478
f 4619/11496/4607 4629/11497/4615 4618/11480/4553
f 4625/11498/4616 4626/11499/4617 4632/11500/4618
f 4620/11501/4608 4642/11502/4619 4619/11503/4607
f 4630/11504/4620 4620/11505/4608 4629/11506/4615
f 4629/11506/4615 4620/11505/4608 4618/11507/4553
f 4609/11508/4600 4631/11509/4604 4611/11510/4601
f 4625/11511/4616 4632/11512/4618 4626/11513/4617
f 4634/11514/4621 4644/11515/4622 4633/11516/4623
f 4634/11514/4621 4633/11516/4623 4643/11517/4624
f 4634/11514/4621 4643/11517/4624 4635/11518/4625
f 4634/11519/4621 4635/11520/4625 4644/11521/4622
f 4637/11522/4626 4638/11523/4627 4636/11524/4628
f 4639/11525/4629 4636/11524/4628 4638/11523/4627
f 4637/11522/4626 4636/11526/4628 4639/11525/4629
f 4649/11527/4630 4637/11522/4626 4639/11525/4629
f 4638/11523/4627 4637/11522/4626 4649/11527/4630
f 4647/11528/4631 4639/11525/4629 4638/11523/4627
f 4647/11528/4631 4638/11523/4627 4649/11527/4630
f 4631/11529/4604 4610/11530/4603 4611/11531/4601
f 4628/11532/4632 4627/11533/4633 4640/11534/4634
f 4640/11534/4634 4627/11533/4633 4665/11535/4635
f 4628/11532/4632 4640/11534/4634 4666/11536/4636
f 4627/11533/4633 4628/11537/4632 4665/11535/4635
f 4746/11538/4637 4592/11539/4583 4482/11540/4475
f 4593/11541/4584 4641/11542/4638 4746/11543/4637
f 4593/11544/4584 4746/11538/4637 4482/11540/4475
f 4480/11545/4473 4593/11544/4584 4482/11540/4475
f 4620/11546/4608 4630/11547/4620 4642/11548/4619
f 4619/11549/4607 4642/11548/4619 4629/11550/4615
f 4643/11551/4624 4644/11521/4622 4635/11520/4625
f 4644/11521/4622 4643/11551/4624 4732/11552/4639
f 4633/11553/4623 4644/11521/4622 4732/11552/4639
f 4648/11554/4640 4647/11555/4631 4645/11556/4641
f 4648/11554/4640 4645/11556/4641 4649/11557/4630
f 4646/11558/4642 4649/11557/4630 4645/11556/4641
f 4649/11557/4630 4650/11559/4643 4647/11555/4631
f 4648/11554/4640 4649/11557/4630 4639/11560/4629
f 4647/11555/4631 4648/11554/4640 4639/11560/4629
f 4646/11558/4642 4650/11559/4643 4649/11557/4630
f 4650/11559/4643 4645/11556/4641 4647/11555/4631
f 4651/11561/4644 4614/11562/4605 4612/11563/4586
f 4651/11561/4644 4612/11563/4586 4615/11564/4606
f 4651/11565/4644 4615/11566/4606 4652/11567/4645
f 4652/11567/4645 4615/11566/4606 4614/11562/4605
f 4652/11567/4645 4614/11562/4605 4651/11561/4644
f 4653/11568/4646 4646/11569/4642 4645/11570/4641
f 4645/11570/4641 4650/11571/4643 4654/11572/4647
f 4653/11568/4646 4650/11571/4643 4646/11569/4642
f 4650/11571/4643 4653/11568/4646 4654/11572/4647
f 4645/11570/4641 4654/11572/4647 4655/11573/4648
f 4645/11570/4641 4655/11573/4648 4653/11568/4646
f 4655/11573/4648 4654/11572/4647 4656/11574/4649
f 4654/11572/4647 4657/11575/4650 4656/11574/4649
f 4657/11575/4650 4670/11576/4651 4656/11574/4649
f 4658/11577/4652 4670/11578/4651 4657/11579/4650
f 4658/11577/4652 4657/11579/4650 4653/11568/4646
f 4658/11577/4652 4653/11568/4646 4656/11574/4649
f 4656/11574/4649 4653/11568/4646 4655/11573/4648
f 4653/11568/4646 4657/11580/4650 4654/11572/4647
f 4621/11581/4609 4659/11582/4653 4561/11583/4557
f 4659/11582/4653 4623/11584/4558 4561/11583/4557
f 4621/11585/4609 4623/11584/4558 4661/11586/4654
f 4621/11585/4609 4661/11586/4654 4660/11587/4655
f 4659/11588/4653 4621/11585/4609 4660/11587/4655
f 4661/11586/4654 4623/11584/4558 4659/11582/4653
f 4663/11589/4656 4661/11586/4654 4659/11582/4653
f 4663/11589/4656 4659/11582/4653 4660/11590/4655
f 4663/11589/4656 4660/11590/4655 4662/11591/4657
f 4661/11586/4654 4663/11589/4656 4664/11592/4658
f 4662/11593/4657 4660/11587/4655 4661/11586/4654
f 4662/11593/4657 4661/11586/4654 4664/11592/4658
f 4326/11594/4326 4663/11589/4656 4662/11595/4657
f 4328/11596/4327 4664/11592/4658 4663/11589/4656
f 4329/11597/4329 4664/11592/4658 4328/11596/4327
f 4326/11598/4326 4662/11593/4657 4329/11597/4329
f 4329/11597/4329 4662/11593/4657 4664/11592/4658
f 4666/11599/4636 4665/11535/4635 4628/11600/4632
f 4669/11128/4461 4486/11601/4477 4489/11602/4319
f 4322/11127/4318 4669/11128/4461 4489/11602/4319
f 4671/11603/4659 4656/11604/4649 4670/11605/4651
f 4658/11606/4652 4656/11604/4649 4671/11603/4659
f 4671/11603/4659 4672/11607/4660 4658/11606/4652
f 4671/11603/4659 4670/11605/4651 4673/11608/4661
f 4673/11608/4661 4670/11605/4651 4672/11609/4660
f 4671/11603/4659 4674/11610/4662 4672/11607/4660
f 4672/11607/4660 4670/11605/4651 4658/11606/4652
f 4676/11611/4663 4677/11612/4664 4679/11613/4611
f 4677/11612/4664 4678/11614/4612 4680/11615/4613
f 4678/11616/4612 4677/11612/4664 4681/11617/4665
f 4676/11611/4663 4678/11618/4612 4681/11619/4665
f 4681/11620/4665 4370/11621/4392 4676/11622/4663
f 4697/11623/4372 4681/11620/4665 4677/11624/4664
f 4676/11625/4663 4697/11626/4372 4677/11624/4664
f 4630/11547/4620 4629/11550/4615 4715/11627/4666
f 4642/11548/4619 4715/11627/4666 4629/11550/4615
f 4683/11628/4667 4672/11629/4660 4674/11630/4662
f 4674/11630/4662 4682/11631/4668 4683/11628/4667
f 4684/11632/4669 4672/11629/4660 4683/11628/4667
f 4684/11632/4669 4682/11633/4668 4674/11634/4662
f 4684/11632/4669 4683/11628/4667 4685/11635/4670
f 4682/11633/4668 4684/11632/4669 4685/11635/4670
f 4686/11636/4671 4682/11633/4668 4685/11635/4670
f 4688/11637/4672 4686/11636/4671 4689/11638/4673
f 4689/11638/4673 4686/11636/4671 4690/11639/4674
f 4690/11639/4674 4687/11640/4675 4691/11641/4676
f 4690/11639/4674 4686/11636/4671 4687/11640/4675
f 4691/11641/4676 4687/11640/4675 4689/11642/4673
f 4689/11642/4673 4687/11640/4675 4688/11643/4672
f 4686/11644/4671 4688/11643/4672 4683/11628/4667
f 4686/11644/4671 4683/11628/4667 4682/11631/4668
f 4688/11643/4672 4685/11635/4670 4683/11628/4667
f 4686/11636/4671 4685/11635/4670 4687/11640/4675
f 4685/11635/4670 4688/11643/4672 4687/11640/4675
f 4585/11645/4578 4693/11646/4580 4692/11647/4677
f 4675/11648/4579 4585/11649/4578 4692/11650/4677
f 4694/11651/4678 4695/11652/4679 4692/11650/4677
f 4696/11653/4680 4692/11650/4677 4695/11652/4679
f 4692/11650/4677 4696/11653/4680 4675/11648/4579
f 4675/11648/4579 4696/11653/4680 4693/11646/4580
f 4696/11653/4680 4694/11654/4678 4693/11646/4580
f 4694/11654/4678 4696/11653/4680 4695/11652/4679
f 4693/11646/4580 4694/11654/4678 4692/11647/4677
f 4677/11655/4664 4680/11491/4613 4679/11488/4611
f 4679/11488/4611 4678/11490/4612 4676/11656/4663
f 4624/11657/4614 4678/11490/4612 4621/11489/4609
f 4393/11658/4391 4370/11659/4392 4681/11660/4665
f 4393/11661/4391 4681/11662/4665 4697/11663/4372
f 4697/11663/4372 4676/11664/4663 4370/11665/4392
f 4698/11666/4681 4640/11667/4634 4665/11668/4635
f 4666/11669/4636 4640/11667/4634 4700/11670/4682
f 4698/11671/4681 4666/11669/4636 4700/11670/4682
f 4699/11672/4683 4698/11671/4681 4700/11670/4682
f 4701/11673/4684 4699/11672/4683 4702/11674/4685
f 4702/11674/4685 4699/11672/4683 4700/11670/4682
f 4702/11674/4685 4700/11670/4682 4703/11675/4686
f 4703/11675/4686 4700/11670/4682 4731/11676/4687
f 4731/11676/4687 4699/11677/4683 4701/11678/4684
f 4703/11675/4686 4731/11676/4687 4701/11678/4684
f 4703/11675/4686 4704/11679/4688 4702/11674/4685
f 4702/11674/4685 4704/11679/4688 4701/11673/4684
f 4701/11678/4684 4706/11680/4689 4703/11675/4686
f 4704/11679/4688 4703/11675/4686 4706/11680/4689
f 4701/11673/4684 4704/11679/4688 4705/11681/4690
f 4701/11678/4684 4705/11682/4690 4706/11680/4689
f 4708/11683/4691 4706/11680/4689 4705/11682/4690
f 4706/11680/4689 4708/11683/4691 4707/11684/4692
f 4706/11680/4689 4707/11684/4692 4704/11679/4688
f 4704/11679/4688 4707/11684/4692 4705/11681/4690
f 4690/11685/4674 4691/11686/4676 4710/11687/4693
f 4710/11687/4693 4689/11688/4673 4709/11689/4694
f 4689/11688/4673 4722/11690/4695 4709/11689/4694
f 4690/11685/4674 4722/11691/4695 4689/11692/4673
f 4710/11687/4693 4722/11691/4695 4690/11685/4674
f 4689/11688/4673 4710/11687/4693 4691/11686/4676
f 4680/11693/4613 4678/11694/4612 4712/11695/4696
f 4711/11696/4697 4680/11693/4613 4712/11695/4696
f 4678/11694/4612 4624/11697/4614 4712/11695/4696
f 4624/11698/4614 4680/11693/4613 4711/11696/4697
f 4712/11699/4696 4624/11698/4614 4713/11700/4698
f 4713/11700/4698 4624/11698/4614 4711/11696/4697
f 4711/11696/4697 4712/11695/4696 4331/11701/4331
f 4332/11702/4333 4711/11696/4697 4331/11701/4331
f 4331/11701/4331 4713/11703/4698 4730/11704/4334
f 4713/11703/4698 4331/11701/4331 4712/11695/4696
f 4713/11700/4698 4332/11702/4333 4730/11705/4334
f 4332/11702/4333 4713/11700/4698 4711/11696/4697
f 4698/11671/4681 4665/11706/4635 4666/11707/4636
f 4668/11708/4699 4667/11709/4700 4714/11710/4699
f 4642/11711/4619 4716/11712/4701 4717/11713/4702
f 4718/11714/4703 4715/11715/4666 4717/11713/4702
f 4717/11713/4702 4715/11715/4666 4642/11711/4619
f 4716/11712/4701 4630/11716/4620 4715/11715/4666
f 4716/11712/4701 4715/11715/4666 4718/11714/4703
f 4671/11717/4659 4673/11718/4661 4674/11719/4662
f 4673/11718/4661 4719/11720/4704 4674/11719/4662
f 4674/11719/4662 4719/11720/4704 4684/11721/4669
f 4672/11722/4660 4684/11721/4669 4719/11720/4704
f 4672/11722/4660 4719/11720/4704 4673/11718/4661
f 4593/11541/4584 4592/11539/4583 4641/11542/4638
f 4392/10959/4390 4391/10805/4324 4325/10804/4323
f 4325/10804/4323 4730/10816/4334 4392/10959/4390
f 4720/11723/4705 4710/11687/4693 4721/11724/4706
f 4721/11724/4706 4710/11687/4693 4709/11689/4694
f 4721/11724/4706 4709/11689/4694 4722/11690/4695
f 4721/11724/4706 4722/11690/4695 4723/11725/4707
f 4710/11726/4693 4720/11727/4705 4722/11690/4695
f 4722/11690/4695 4720/11727/4705 4723/11725/4707
f 4728/11728/4708 4724/11729/4709 4720/11723/4705
f 4725/11730/4710 4724/11729/4709 4728/11728/4708
f 4726/11731/4711 4725/11730/4710 4728/11728/4708
f 4726/11731/4711 4728/11728/4708 4721/11724/4706
f 4721/11724/4706 4728/11728/4708 4720/11723/4705
f 4723/11725/4707 4720/11727/4705 4724/11732/4709
f 4727/11733/4712 4726/11731/4711 4724/11732/4709
f 4724/11732/4709 4725/11734/4710 4727/11733/4712
f 4727/11733/4712 4725/11730/4710 4726/11731/4711
f 4369/10908/4370 4370/11735/4392 4730/11736/4334
f 4369/10908/4370 4730/11736/4334 4332/11737/4333
f 4369/10908/4370 4332/11737/4333 4371/10906/4332
f 4729/11176/4321 4366/10905/3933 4371/10906/4332
f 4327/11738/4325 4729/11176/4321 4330/11739/4328
f 4330/11739/4328 4729/11176/4321 4371/10906/4332
f 4731/11676/4687 4640/11667/4634 4698/11666/4681
f 4731/11676/4687 4698/11666/4681 4699/11677/4683
f 4640/11667/4634 4731/11676/4687 4700/11670/4682
f 4642/11740/4619 4630/11716/4620 4716/11712/4701
f 4633/11741/4623 4733/11742/4713 4643/11743/4624
f 4633/11741/4623 4732/11744/4639 4733/11745/4713
f 4733/11742/4713 4732/11746/4639 4643/11743/4624
f 4721/11724/4706 4723/11725/4707 4726/11731/4711
f 4723/11725/4707 4724/11732/4709 4726/11731/4711
f 4737/11747/4714 4736/11748/4715 4735/11749/4716
f 4735/11749/4716 4736/11750/4715 4738/11751/4717
f 4738/11751/4717 4739/11752/4718 4734/11753/4719
f 4738/11751/4717 4734/11753/4719 4735/11749/4716
f 4739/11752/4718 4736/11748/4715 4734/11753/4719
f 4734/11753/4719 4736/11748/4715 4737/11747/4714
f 4735/11749/4716 4734/11753/4719 4740/11754/4720
f 4734/11753/4719 4737/11747/4714 4740/11754/4720
f 4737/11747/4714 4735/11749/4716 4741/11755/4721
f 4741/11755/4721 4735/11749/4716 4740/11754/4720
f 4737/11747/4714 4741/11755/4721 4742/11756/4722
f 4744/11757/4723 4741/11755/4721 4740/11754/4720
f 4743/11758/4724 4744/11757/4723 4740/11754/4720
f 4743/11758/4724 4740/11754/4720 4742/11756/4722
f 4744/11757/4723 4742/11756/4722 4741/11755/4721
f 4592/11539/4583 4746/11538/4637 4745/11759/4725
f 4592/11539/4583 4745/11759/4725 4641/11542/4638
f 4795/11760/4726 4745/11759/4725 4746/11538/4637
f 4641/11542/4638 4795/11761/4726 4746/11543/4637
f 4324/11762/4322 4729/11176/4321 4327/11738/4325
f 4747/11763/4727 4749/11764/4728 4748/11765/4729
f 4749/11766/4728 4747/11767/4727 4748/11768/4729
f 4714/11769/4699 4667/11770/4700 4668/11771/4699
f 4738/11772/4717 4736/11773/4715 4750/11774/4730
f 4750/11774/4730 4736/11773/4715 4739/11775/4718
f 4739/11775/4718 4738/11772/4717 4751/11776/4731
f 4738/11772/4717 4750/11774/4730 4752/11777/4732
f 4750/11774/4730 4739/11775/4718 4751/11776/4731
f 4762/11778/4733 4750/11774/4730 4751/11776/4731
f 4752/11777/4732 4751/11776/4731 4738/11772/4717
f 4750/11774/4730 4762/11778/4733 4752/11777/4732
f 4753/11779/4734 4751/11780/4731 4800/11781/4735
f 4751/11780/4731 4753/11779/4734 4762/11782/4733
f 4754/11783/4736 4756/11784/4737 4758/11785/4738
f 4758/11785/4738 4756/11784/4737 4759/11786/4739
f 4756/11787/4737 4755/11788/4740 4759/11789/4739
f 4755/11788/4740 4760/11790/4741 4759/11789/4739
f 4752/11791/4732 4800/11792/4735 4751/11793/4731
f 4773/11794/4742 4800/11795/4735 4762/11796/4733
f 4753/11797/4734 4800/11795/4735 4774/11798/4743
f 4774/11798/4743 4762/11796/4733 4753/11797/4734
f 4773/11794/4742 4762/11796/4733 4774/11798/4743
f 4765/11799/4744 4766/11800/4745 4763/11801/4746
f 4765/11799/4744 4769/11802/4747 4764/11803/4748
f 4763/11801/4746 4764/11803/4748 4767/11804/4749
f 4763/11801/4746 4767/11804/4749 4765/11805/4744
f 4767/11804/4749 4764/11803/4748 4769/11802/4747
f 4765/11799/4744 4767/11806/4749 4768/11807/4750
f 4769/11802/4747 4765/11799/4744 4768/11807/4750
f 4763/11808/4746 4766/11809/4745 4770/11810/4751
f 4771/11811/4752 4763/11808/4746 4770/11810/4751
f 4764/11812/4748 4763/11808/4746 4771/11811/4752
f 4771/11811/4752 4770/11810/4751 4772/11813/4753
f 4764/11812/4748 4771/11811/4752 4777/11814/4754
f 4771/11811/4752 4772/11813/4753 4773/11815/4742
f 4771/11811/4752 4773/11815/4742 4774/11816/4743
f 4774/11817/4743 4772/11813/4753 4777/11814/4754
f 4775/11818/4755 4777/11814/4754 4771/11811/4752
f 4774/11817/4743 4777/11814/4754 4776/11819/4756
f 4776/11819/4756 4777/11814/4754 4787/11820/4757
f 4787/11820/4757 4777/11814/4754 4775/11818/4755
f 4776/11819/4756 4775/11818/4755 4774/11817/4743
f 4774/11816/4743 4775/11818/4755 4771/11811/4752
f 4770/11810/4751 4764/11812/4748 4777/11814/4754
f 4770/11810/4751 4777/11814/4754 4772/11813/4753
f 4773/11821/4742 4772/11813/4753 4800/11822/4735
f 4774/11817/4743 4800/11822/4735 4772/11813/4753
f 4756/11823/4737 4754/11824/4736 4778/11825/4758
f 4756/11823/4737 4778/11825/4758 4757/11826/4759
f 4809/11827/4760 4779/11828/4761 4757/11826/4759
f 4779/11828/4761 4809/11827/4760 4778/11825/4758
f 4757/11826/4759 4778/11825/4758 4767/11829/4749
f 4778/11825/4758 4768/11830/4750 4767/11829/4749
f 4809/11827/4760 4767/11829/4749 4769/11831/4747
f 4767/11829/4749 4809/11827/4760 4757/11826/4759
f 4778/11825/4758 4809/11827/4760 4768/11832/4750
f 4755/11833/4740 4778/11825/4758 4754/11824/4736
f 4757/11826/4759 4755/11833/4740 4756/11834/4737
f 4755/11833/4740 4757/11826/4759 4779/11828/4761
f 4755/11833/4740 4779/11828/4761 4778/11825/4758
f 4766/11800/4745 4765/11799/4744 4764/11803/4748
f 4780/11835/4762 4781/11836/4763 4782/11837/4764
f 4783/11838/4765 4781/11836/4763 4780/11835/4762
f 4784/11839/4766 4786/11840/4767 4785/11841/4768
f 4786/11842/4767 4784/11843/4766 4785/11844/4768
f 4758/11785/4738 4755/11788/4740 4754/11783/4736
f 4755/11788/4740 4758/11785/4738 4760/11790/4741
f 4787/11845/4757 4775/11846/4755 4788/11847/4769
f 4788/11847/4769 4775/11846/4755 4830/11848/4770
f 4787/11845/4757 4789/11849/4771 4776/11850/4756
f 4776/11850/4756 4789/11849/4771 4830/11848/4770
f 4775/11846/4755 4776/11850/4756 4830/11848/4770
f 4789/11849/4771 4787/11845/4757 4788/11847/4769
f 4764/11851/4748 4770/11852/4751 4790/11853/4772
f 4764/11851/4748 4790/11853/4772 4766/11854/4745
f 4794/11855/4773 4770/11852/4751 4766/11854/4745
f 4791/11856/4774 4766/11854/4745 4790/11853/4772
f 4790/11853/4772 4770/11852/4751 4791/11856/4774
f 4791/11856/4774 4770/11852/4751 4794/11855/4773
f 4791/11856/4774 4792/11857/4775 4766/11854/4745
f 4791/11856/4774 4794/11855/4773 4825/11858/4776
f 4792/11857/4775 4852/11859/4777 4793/11860/4778
f 4792/11857/4775 4794/11855/4773 4766/11854/4745
f 4780/11861/4762 4782/11862/4764 4783/11863/4765
f 4742/11756/4722 4740/11754/4720 4737/11747/4714
f 4641/11864/4638 4814/11865/4779 4795/11866/4726
f 4795/11866/4726 4814/11865/4779 4816/11867/4780
f 4796/11868/4781 4797/11869/4782 4798/11870/4783
f 4797/11869/4782 4796/11868/4781 4798/11871/4783
f 4800/11792/4735 4752/11791/4732 4799/11872/4784
f 4762/11873/4733 4800/11792/4735 4801/11874/4785
f 4801/11874/4785 4800/11792/4735 4799/11872/4784
f 4752/11791/4732 4762/11873/4733 4799/11872/4784
f 4799/11872/4784 4762/11873/4733 4851/11875/4786
f 4799/11872/4784 4851/11875/4786 4802/11876/4787
f 4801/11874/4785 4851/11875/4786 4762/11873/4733
f 4782/11877/4764 4781/11878/4763 4803/11879/4788
f 4782/11877/4764 4803/11879/4788 4804/11880/4789
f 4782/11881/4764 4804/11880/4789 4805/11882/4790
f 4783/11883/4765 4782/11881/4764 4805/11882/4790
f 4781/11878/4763 4783/11883/4765 4805/11882/4790
f 4807/11884/4791 4718/11885/4703 4717/11886/4702
f 4716/11887/4701 4806/11888/4792 4717/11886/4702
f 4716/11889/4701 4807/11884/4791 4806/11890/4792
f 4838/11891/4793 4717/11892/4702 4806/11890/4792
f 4807/11884/4791 4717/11886/4702 4838/11893/4793
f 4839/11894/4794 4806/11890/4792 4807/11884/4791
f 4810/11895/4795 4768/11896/4750 4809/11897/4760
f 4810/11895/4795 4809/11897/4760 4808/11898/4796
f 4808/11898/4796 4768/11896/4750 4810/11895/4795
f 4812/11899/4797 4813/11900/4798 4811/11901/4799
f 4808/11898/4796 4809/11897/4760 4769/11902/4747
f 4769/11902/4747 4768/11903/4750 4808/11898/4796
f 4641/11864/4638 4745/11904/4725 4816/11905/4780
f 4745/11904/4725 4795/11906/4726 4816/11905/4780
f 4814/11865/4779 4641/11864/4638 4815/11907/4800
f 4816/11905/4780 4815/11907/4800 4641/11864/4638
f 4818/11908/4801 4815/11907/4800 4816/11905/4780
f 4818/11908/4801 4816/11905/4780 4817/11909/4802
f 4817/11909/4802 4814/11910/4779 4818/11911/4801
f 4818/11911/4801 4814/11910/4779 4815/11912/4800
f 4817/11909/4802 4816/11905/4780 4814/11910/4779
f 4813/11913/4798 4812/11914/4797 4811/11915/4799
f 4819/11916/4803 4820/11917/4804 4824/11918/4805
f 4820/11917/4804 4819/11916/4803 4821/11919/4806
f 4822/11920/4807 4821/11919/4806 4823/11921/4808
f 4821/11919/4806 4819/11916/4803 4823/11921/4808
f 4846/11922/4809 4823/11921/4808 4820/11923/4804
f 4823/11921/4808 4846/11922/4809 4822/11920/4807
f 4846/11922/4809 4820/11923/4804 4821/11924/4806
f 4820/11917/4804 4823/11921/4808 4824/11918/4805
f 4823/11921/4808 4819/11916/4803 4853/11925/4810
f 4825/11926/4776 4823/11921/4808 4853/11925/4810
f 4825/11926/4776 4824/11918/4805 4823/11921/4808
f 4824/11918/4805 4853/11925/4810 4819/11916/4803
f 4718/11927/4703 4807/11928/4791 4716/11887/4701
f 4330/11739/4328 4328/11929/4327 4327/11738/4325
f 4831/11930/4811 4789/11849/4771 4788/11847/4769
f 4831/11930/4811 4788/11847/4769 4829/11931/4812
f 4788/11847/4769 4830/11848/4770 4829/11931/4812
f 4831/11930/4811 4830/11848/4770 4789/11849/4771
f 4832/11932/4813 4833/11933/4814 4829/11931/4812
f 4833/11933/4814 4834/11934/4815 4829/11931/4812
f 4830/11848/4770 4832/11932/4813 4829/11931/4812
f 4832/11932/4813 4830/11848/4770 4831/11930/4811
f 4832/11932/4813 4831/11930/4811 4834/11934/4815
f 4831/11930/4811 4829/11931/4812 4834/11934/4815
f 4826/11935/4816 4330/11936/4328 4836/11937/4817
f 4835/11938/4330 4836/11937/4817 4330/11936/4328
f 4826/11935/4816 4836/11937/4817 4837/11939/4818
f 4840/11940/4819 4836/11937/4817 4835/11938/4330
f 4840/11940/4819 4835/11938/4330 4839/11941/4794
f 4837/11939/4818 4840/11940/4819 4838/11942/4793
f 4837/11939/4818 4838/11942/4793 4806/11943/4792
f 4839/11941/4794 4807/11944/4791 4838/11942/4793
f 4840/11940/4819 4839/11941/4794 4838/11942/4793
f 4839/11941/4794 4837/11945/4818 4806/11946/4792
f 4837/11945/4818 4839/11941/4794 4835/11938/4330
f 4828/11947/4820 4827/11948/4821 4841/11949/4822
f 4827/11948/4821 4828/11947/4820 4841/11949/4822
f 4842/11950/4823 4843/11951/4824 4844/11952/4825
f 4822/11953/4807 4846/11954/4809 4845/11955/4826
f 4847/11956/4827 4846/11954/4809 4821/11957/4806
f 4822/11958/4807 4847/11956/4827 4821/11957/4806
f 4822/11958/4807 4845/11959/4826 4847/11956/4827
f 4848/11960/4828 4845/11955/4826 4846/11954/4809
f 4845/11955/4826 4848/11960/4828 4911/11961/4829
f 4848/11960/4828 4846/11954/4809 4847/11956/4827
f 4835/11938/4330 4329/11962/4329 4826/11963/4816
f 4826/11963/4816 4837/11964/4818 4835/11938/4330
f 4837/11939/4818 4836/11937/4817 4840/11940/4819
f 4805/11882/4790 4803/11879/4788 4781/11878/4763
f 4843/11965/4824 4842/11966/4823 4844/11967/4825
f 4799/11968/4784 4802/11969/4787 4801/11970/4785
f 4801/11970/4785 4802/11969/4787 4850/11971/4830
f 4850/11971/4830 4802/11969/4787 4743/11972/4724
f 4850/11971/4830 4743/11972/4724 4742/11973/4722
f 4850/11971/4830 4742/11973/4722 4744/11974/4723
f 4850/11971/4830 4744/11974/4723 4849/11975/4831
f 4744/11974/4723 4743/11976/4724 4849/11975/4831
f 4849/11975/4831 4743/11976/4724 4802/11977/4787
f 4851/11978/4786 4850/11971/4830 4849/11975/4831
f 4851/11978/4786 4849/11975/4831 4802/11977/4787
f 4850/11971/4830 4851/11978/4786 4801/11970/4785
f 4852/11979/4777 4791/11980/4774 4853/11981/4810
f 4853/11981/4810 4791/11980/4774 4825/11982/4776
f 4852/11979/4777 4853/11981/4810 4824/11983/4805
f 4854/11984/4832 4824/11983/4805 4825/11985/4776
f 4825/11985/4776 4852/11986/4777 4854/11984/4832
f 4852/11986/4777 4824/11983/4805 4856/11987/4833
f 4854/11984/4832 4852/11986/4777 4855/11988/4834
f 4856/11987/4833 4855/11988/4834 4852/11986/4777
f 4824/11983/4805 4854/11984/4832 4856/11987/4833
f 4859/11989/4835 4857/11990/4836 4858/11991/4837
f 4857/11992/4836 4859/11993/4835 4858/11994/4837
f 4805/11882/4790 4804/11880/4789 4860/11995/4838
f 4805/11882/4790 4860/11995/4838 4803/11879/4788
f 4792/11857/4775 4791/11856/4774 4852/11859/4777
f 4793/11860/4778 4852/11859/4777 4825/11858/4776
f 4793/11860/4778 4825/11858/4776 4794/11996/4773
f 4793/11860/4778 4861/11997/4839 4792/11857/4775
f 4792/11857/4775 4861/11997/4839 4887/11998/4840
f 4792/11857/4775 4887/11998/4840 4794/11996/4773
f 4794/11996/4773 4887/11998/4840 4888/11999/4841
f 4861/11997/4839 4794/11996/4773 4888/11999/4841
f 4794/11996/4773 4861/11997/4839 4793/11860/4778
f 4862/12000/4842 4707/11684/4692 4708/11683/4691
f 4862/12000/4842 4863/12001/4843 4707/12002/4692
f 4863/12001/4843 4705/11682/4690 4707/12003/4692
f 4705/11682/4690 4863/12001/4843 4708/11683/4691
f 4862/12000/4842 4708/11683/4691 4863/12001/4843
f 4864/12004/4844 4865/12005/4845 4866/12006/4846
f 4860/12007/4838 4804/12008/4789 4867/12009/4847
f 4860/12007/4838 4867/12009/4847 4803/12010/4788
f 4803/12010/4788 4867/12009/4847 4804/12011/4789
f 4330/12012/4328 4826/12013/4816 4328/12014/4327
f 4868/12015/4848 4328/12014/4327 4826/12013/4816
f 4868/12015/4848 4826/12013/4816 4329/12016/4329
f 4868/12015/4848 4329/12016/4329 4869/12017/4849
f 4328/12014/4327 4868/12015/4848 4870/12018/4850
f 4870/12019/4850 4868/12015/4848 4869/12017/4849
f 4870/12019/4850 4869/12017/4849 4328/12020/4327
f 4328/12020/4327 4869/12017/4849 4329/12016/4329
f 4866/12021/4846 4865/12022/4845 4864/12023/4844
f 4871/12024/4851 4873/12025/4852 4872/12026/4853
f 4873/12025/4852 4878/12027/4854 4872/12026/4853
f 4872/12026/4853 4878/12027/4854 4874/12028/4855
f 4874/12028/4855 4876/12029/4856 4877/12030/4857
f 4878/12031/4854 4876/12029/4856 4879/12032/4858
f 4878/12031/4854 4879/12032/4858 4875/12033/4859
f 4876/12029/4856 4878/12031/4854 4877/12030/4857
f 4874/12028/4855 4877/12030/4857 4872/12026/4853
f 4871/12024/4851 4872/12026/4853 4877/12030/4857
f 4873/12034/4852 4871/12024/4851 4877/12030/4857
f 4878/12031/4854 4873/12034/4852 4877/12030/4857
f 4881/12035/4860 4882/12036/4861 4884/12037/4862
f 4875/12038/4859 4884/12039/4862 4880/12040/4863
f 4875/12038/4859 4881/12035/4860 4884/12037/4862
f 4882/12041/4861 4881/12042/4860 4883/12043/4864
f 4883/12043/4864 4881/12042/4860 4880/12044/4863
f 4880/12044/4863 4884/12045/4862 4883/12043/4864
f 4882/12046/4861 4883/12047/4864 4908/12048/4865
f 4908/12048/4865 4912/12049/4866 4884/12045/4862
f 4908/12048/4865 4884/12045/4862 4882/12046/4861
f 4884/12045/4862 4912/12049/4866 4883/12043/4864
f 4760/12050/4741 4885/12051/4867 4759/12052/4739
f 4759/12052/4739 4885/12051/4867 4761/12053/4868
f 4885/12051/4867 4886/12054/4869 4761/12053/4868
f 4761/12053/4868 4886/12054/4869 4760/12050/4741
f 4885/12055/4867 4760/12050/4741 4887/12056/4840
f 4760/12050/4741 4886/12054/4869 4887/12056/4840
f 4886/12054/4869 4890/12057/4870 4887/12056/4840
f 4887/12056/4840 4890/12057/4870 4888/12058/4841
f 4861/12059/4839 4888/12058/4841 4889/12060/4871
f 4892/12061/4872 4889/12060/4871 4888/12058/4841
f 4892/12061/4872 4888/12058/4841 4890/12057/4870
f 4890/12057/4870 4861/12059/4839 4889/12060/4871
f 4890/12057/4870 4889/12060/4871 4891/12062/4873
f 4889/12060/4871 4892/12061/4872 4904/12063/4874
f 4891/12062/4873 4892/12061/4872 4890/12057/4870
f 4885/12051/4867 4887/12064/4840 4861/12059/4839
f 4885/12051/4867 4861/12059/4839 4886/12054/4869
f 4861/12059/4839 4890/12057/4870 4886/12054/4869
f 4855/12065/4834 4893/12066/4875 4854/12067/4832
f 4893/12066/4875 4855/12065/4834 4894/12068/4876
f 4855/12065/4834 4856/12069/4833 4894/12068/4876
f 4856/12069/4833 4854/12067/4832 4894/12068/4876
f 4854/12067/4832 4895/12070/4877 4894/12068/4876
f 4895/12070/4877 4854/12067/4832 4893/12066/4875
f 4913/12071/4878 4894/12068/4876 4930/12072/4879
f 4930/12072/4879 4894/12068/4876 4895/12070/4877
f 4930/12072/4879 4895/12070/4877 4896/12073/4880
f 4894/12074/4876 4913/12075/4878 4903/12076/4881
f 4903/12076/4881 4913/12075/4878 4893/12066/4875
f 4902/12077/4882 4903/12076/4881 4893/12066/4875
f 4905/12078/4883 4902/12077/4882 4894/12068/4876
f 4894/12068/4876 4902/12077/4882 4893/12066/4875
f 4880/12079/4863 4874/12080/4855 4878/12081/4854
f 4875/12082/4859 4874/12080/4855 4881/12083/4860
f 4878/12084/4854 4875/12085/4859 4880/12086/4863
f 4874/12087/4855 4880/12086/4863 4881/12088/4860
f 4760/12089/4741 4758/12090/4738 4761/12091/4868
f 4761/12091/4868 4897/12092/4884 4898/12093/4885
f 4761/12091/4868 4898/12093/4885 4759/12094/4739
f 4933/12095/4886 4759/12094/4739 4898/12093/4885
f 4897/12092/4884 4759/12094/4739 4933/12095/4886
f 4761/12096/4868 4758/12097/4738 4897/12092/4884
f 4758/12097/4738 4759/12094/4739 4897/12092/4884
f 4899/12098/4887 4900/12099/4888 4901/12100/4889
f 4899/12101/4887 4901/12102/4889 4900/12103/4888
f 4902/12104/4882 4905/12105/4883 4904/12106/4874
f 4902/12104/4882 4904/12106/4874 4903/12107/4881
f 4928/12108/4890 4903/12107/4881 4892/12109/4872
f 4892/12109/4872 4903/12107/4881 4904/12106/4874
f 4904/12106/4874 4928/12108/4890 4889/12110/4871
f 4905/12105/4883 4903/12107/4881 4928/12108/4890
f 4905/12105/4883 4928/12108/4890 4904/12106/4874
f 4876/12111/4856 4874/12112/4855 4906/12113/4891
f 4874/12114/4855 4879/12115/4858 4906/12116/4891
f 4875/12117/4859 4879/12115/4858 4874/12114/4855
f 4879/12115/4858 4876/12111/4856 4907/12118/4892
f 4876/12111/4856 4906/12113/4891 4907/12118/4892
f 4879/12119/4858 4834/12120/4815 4906/12113/4891
f 4907/12118/4892 4906/12113/4891 4834/12120/4815
f 4832/12121/4813 4879/12115/4858 4907/12118/4892
f 4834/12122/4815 4879/12115/4858 4832/12121/4813
f 4834/12120/4815 4833/12123/4814 4907/12118/4892
f 4833/12123/4814 4832/12121/4813 4907/12118/4892
f 4894/12124/4876 4903/12107/4881 4905/12105/4883
f 4883/12125/4864 4909/12126/4893 4908/12127/4865
f 4910/12128/4894 4909/12126/4893 4912/12129/4866
f 4910/12128/4894 4912/12129/4866 4908/12130/4865
f 4911/12131/4829 4910/12128/4894 4908/12130/4865
f 4909/12132/4893 4911/12131/4829 4908/12130/4865
f 4909/12126/4893 4883/12125/4864 4912/12129/4866
f 4895/12133/4877 4913/12075/4878 4896/12134/4880
f 4914/12135/4895 4915/12136/4896 4916/12137/4897
f 4915/12138/4896 4914/12139/4895 4916/12140/4897
f 4845/12141/4826 4917/12142/4898 4847/12143/4827
f 4847/12143/4827 4917/12142/4898 4848/12144/4828
f 4845/12141/4826 4911/12145/4829 4917/12142/4898
f 4917/12142/4898 4911/12145/4829 4909/12146/4893
f 4910/12147/4894 4848/12144/4828 4909/12148/4893
f 4917/12149/4898 4909/12148/4893 4936/12150/4899
f 4909/12148/4893 4848/12144/4828 4936/12150/4899
f 4918/12151/4900 4848/12144/4828 4917/12142/4898
f 4848/12144/4828 4918/12151/4900 4936/12150/4899
f 4935/12152/4901 4918/12151/4900 4917/12142/4898
f 4913/12153/4878 4920/12154/4902 4893/12155/4875
f 4893/12155/4875 4920/12154/4902 4895/12156/4877
f 4895/12156/4877 4920/12154/4902 4919/12157/4903
f 4895/12156/4877 4919/12157/4903 4913/12153/4878
f 4913/12153/4878 4919/12157/4903 4910/12158/4894
f 4913/12153/4878 4910/12158/4894 4920/12154/4902
f 4920/12154/4902 4910/12158/4894 4911/12159/4829
f 4919/12157/4903 4920/12154/4902 4911/12159/4829
f 4848/12160/4828 4919/12157/4903 4911/12159/4829
f 4848/12160/4828 4910/12161/4894 4919/12157/4903
f 4922/12162/4904 4921/12163/4905 4923/12164/4906
f 4921/12165/4905 4922/12162/4904 4925/12166/4907
f 4922/12162/4904 4923/12164/4906 4924/12167/4908
f 4923/12164/4906 4943/12168/4909 4924/12167/4908
f 4925/12166/4907 4922/12162/4904 4924/12167/4908
f 4891/12169/4873 4927/12170/4910 4926/12171/4911
f 4927/12170/4910 4891/12169/4873 4889/12172/4871
f 4928/12173/4890 4927/12170/4910 4889/12172/4871
f 4929/12174/4912 4927/12170/4910 4928/12173/4890
f 4928/12173/4890 4892/12175/4872 4891/12169/4873
f 4926/12171/4911 4928/12173/4890 4891/12169/4873
f 4928/12173/4890 4926/12171/4911 4929/12174/4912
f 4934/12176/4913 4926/12171/4911 4927/12170/4910
f 4931/12177/4914 4934/12176/4913 4927/12170/4910
f 4926/12171/4911 4931/12177/4914 4929/12174/4912
f 4929/12174/4912 4931/12177/4914 4927/12170/4910
f 4923/12178/4906 4921/12179/4905 4925/12180/4907
f 4931/12181/4914 4933/12182/4886 4898/12183/4885
f 4933/12182/4886 4931/12181/4914 4945/12184/4915
f 4934/12185/4913 4952/12186/4916 4945/12184/4915
f 4945/12184/4915 4952/12186/4916 4932/12187/4917
f 4933/12182/4886 4945/12184/4915 4932/12187/4917
f 4898/12188/4885 4897/12189/4884 4931/12190/4914
f 4897/12189/4884 4933/12182/4886 4932/12187/4917
f 4897/12189/4884 4932/12187/4917 4931/12190/4914
f 4931/12190/4914 4932/12187/4917 4934/12191/4913
f 4937/12192/4918 4935/12193/4901 4938/12194/4919
f 4935/12193/4901 4937/12192/4918 4918/12195/4900
f 4917/12196/4898 4936/12197/4899 4935/12193/4901
f 4913/12198/4878 4930/12199/4879 4939/12200/4920
f 4939/12200/4920 4930/12199/4879 4940/12201/4921
f 4939/12200/4920 4956/12202/4922 4941/12203/4923
f 4941/12203/4923 4956/12202/4922 4940/12204/4921
f 4940/12204/4921 4956/12202/4922 4954/12205/4924
f 4896/12206/4880 4941/12203/4923 4930/12207/4879
f 4896/12206/4880 4913/12198/4878 4941/12203/4923
f 4945/12208/4915 4926/12209/4911 4942/12210/4925
f 4945/12208/4915 4942/12210/4925 4944/12211/4926
f 4941/12203/4923 4913/12198/4878 4939/12200/4920
f 4940/12204/4921 4930/12207/4879 4941/12203/4923
f 4923/12212/4906 4925/12213/4907 4949/12214/4927
f 4943/12215/4909 4949/12214/4927 4950/12216/4928
f 4943/12215/4909 4950/12216/4928 4924/12217/4908
f 4943/12218/4909 4923/12219/4906 4949/12220/4927
f 4936/12221/4899 4918/12222/4900 4940/12223/4921
f 4936/12221/4899 4940/12223/4921 4954/12224/4924
f 4940/12223/4921 4918/12222/4900 4939/12225/4920
f 4918/12222/4900 4937/12226/4918 4939/12225/4920
f 4954/12224/4924 4939/12225/4920 4937/12226/4918
f 4954/12224/4924 4937/12226/4918 4936/12221/4899
f 4944/12211/4926 4926/12209/4911 4934/12227/4913
f 4944/12211/4926 4934/12227/4913 4945/12208/4915
f 4926/12228/4911 4945/12208/4915 4931/12229/4914
f 4948/12230/4929 4946/12231/4930 4947/12232/4931
f 4925/12166/4907 4924/12233/4908 4949/12234/4927
f 4938/12194/4919 4935/12193/4901 4936/12197/4899
f 4937/12192/4918 4938/12194/4919 4950/12235/4928
f 4937/12192/4918 4950/12235/4928 4936/12236/4899
f 4936/12236/4899 4950/12235/4928 4949/12237/4927
f 4936/12197/4899 4949/12237/4927 4938/12194/4919
f 4938/12194/4919 4949/12237/4927 4924/12238/4908
f 4950/12235/4928 4938/12194/4919 4924/12238/4908
f 4934/12239/4913 4932/12240/4917 4951/12241/4932
f 4951/12241/4932 4932/12240/4917 4952/12242/4916
f 4934/12243/4913 4951/12241/4932 4952/12242/4916
f 4926/12209/4911 4944/12211/4926 4942/12210/4925
f 4948/12244/4929 4947/12245/4931 4946/12246/4930
f 4953/12247/4933 4954/12248/4924 4955/12249/4934
f 4955/12249/4934 4954/12248/4924 4956/12250/4922
f 4956/12250/4922 4953/12247/4933 4955/12249/4934
f 4953/12247/4933 4956/12250/4922 4939/12251/4920
f 4953/12247/4933 4939/12251/4920 4954/12248/4924
f 141/258/165 230/259/162 140/257/164
f 669/12252/439 667/12253/439 663/12254/439
f 663/12254/439 667/12253/439 664/12255/700
f 667/12253/439 669/12252/439 666/12256/439
f 666/12256/439 669/12252/439 670/12257/439
f 752/12258/499 695/1727/403 694/12259/716
f 695/1727/403 752/12258/499 461/1725/498
f 2401/12260/2307 1084/2578/1086 1723/2585/1092
f 1084/2578/1086 1304/2584/1088 1723/2585/1092
f 57/12261/69 628/2576/70 1083/2577/1085
f 1540/12262/4935 1214/12263/1234 57/12264/69
f 57/113/69 1214/12265/1234 850/2033/847
f 57/12264/69 1083/2577/1085 1540/12262/4935
f 1124/2686/1144 1304/12266/1088 1123/2683/1087
f 1215/12267/1232 1214/3639/1234 1469/3641/1212
f 1470/3640/1489 1214/3639/1234 1540/12268/4935
f 1300/3109/1314 1439/3110/1091 1304/12269/1088
f 1540/12268/4935 1084/12270/1086 2401/5453/2307
f 1083/2577/1085 1084/2578/1086 1540/12262/4935
f 1461/3301/1401 1290/3306/1305 1388/12271/1307
f 1470/3640/1489 1540/12268/4935 2222/5262/2226
f 2222/5262/2226 1816/3644/1556 1470/3640/1489
f 1816/3644/1556 2222/5262/2226 2138/5259/2156
f 2222/5262/2226 1540/12268/4935 2401/5453/2307
f 4957/12272/2504 1646/12273/1674 1648/12274/1675
f 4957/12275/2504 2471/6124/2565 2244/5872/2415
f 1722/5874/1749 2401/5875/2307 1723/12276/1092
f 2012/4765/1954 1943/4590/1921 1944/4594/1924
f 2176/5647/2190 2244/5731/2415 1722/4080/1749
f 2159/12277/2176 2196/12278/2209 2197/12279/2208
f 2400/5873/2227 2244/5872/2415 2471/6124/2565
f 4957/12275/2504 2550/12280/2545 2613/6122/2453
f 2613/6122/2453 2550/12281/2545 2559/12282/2553
f 2613/6122/2453 2534/6121/2532 4957/12275/2504
f 4957/12275/2504 2534/6121/2532 2471/6124/2565
f 2565/12283/2558 2564/12284/2557 4958/12285/2562
f 4958/12285/2562 2673/12286/2668 2565/12283/2558
f 2564/12287/2557 2570/6312/2563 4958/6311/2562
f 2690/12288/2680 2692/12289/2682 2691/12290/2681
f 2780/12291/2780 2779/12292/2779 2776/12293/2775
f 2797/12294/2778 2780/12291/2780 2776/12293/2775
f 2868/12295/2867 4959/12296/4936 2866/12297/2865
f 4959/12296/4936 2868/12295/2867 2867/12298/2866
f 4959/12296/4936 2867/12298/2866 2866/12297/2865
f 3652/12299/3645 3649/12300/3644 3673/9233/3660
f 4301/12301/4265 4304/10750/4297 4306/10753/4267
f 4306/10753/4267 4304/10750/4297 4305/10749/4300
f 4348/10837/4344 4340/10832/4342 4341/12302/4343
f 4348/10837/4344 4341/12302/4343 4339/12303/4341
f 4326/11594/4326 4328/11596/4327 4663/11589/4656
